mode,K,tau,disturbance_dps,command_dps,final_yaw_rate_dps,final_error_dps,final_error_ratio,error_ratio_1s,response_time_63_s,max_abs_yaw_rate_dps,saturation_ratio,settling_time_s,diverged,opposite_sign,pass,fail_reason
GPS_TRACKING_CLOSED,0.32,0.3,-15.0,-30.0,-34.975793773066044,4.975793773066044,0.1658597924355348,0.17365877221432152,0.2,35.21011250767514,0.0,nan,False,False,True,
GPS_TRACKING_CLOSED,0.32,0.3,-15.0,-15.0,-19.935956224188153,4.935956224188153,0.3290637482792102,0.44126312995712574,0.15000000000000002,21.64025498334619,0.0,nan,False,False,True,
GPS_TRACKING_CLOSED,0.32,0.3,-15.0,15.0,0.3693570451436389,14.630642954856361,0.9753761969904241,1.0079194558682334,nan,2.0568006404133996,0.0,nan,False,False,False,FINAL_ERROR
GPS_TRACKING_CLOSED,0.32,0.3,-15.0,30.0,12.236874293285208,17.763125706714792,0.5921041902238264,0.6017720526653009,nan,12.236874293285208,0.0,nan,False,False,False,FINAL_ERROR
GPS_TRACKING_CLOSED,0.32,0.3,0.0,-30.0,-25.00053572886791,-4.999464271132091,0.16664880903773635,0.1977154853596377,0.45,25.01199197808942,0.0,nan,False,False,True,
GPS_TRACKING_CLOSED,0.32,0.3,0.0,-15.0,-10.158889276811792,-4.8411107231882085,0.3227407148792139,0.3229806241516175,0.6000000000000001,10.158889276811792,0.0,nan,False,False,True,
GPS_TRACKING_CLOSED,0.32,0.3,0.0,15.0,10.158889276811792,4.8411107231882085,0.3227407148792139,0.3229806241516175,0.6000000000000001,10.158889276811792,0.0,nan,False,False,True,
GPS_TRACKING_CLOSED,0.32,0.3,0.0,30.0,25.00053572886791,4.999464271132091,0.16664880903773635,0.1977154853596377,0.45,25.01199197808942,0.0,nan,False,False,True,
GPS_TRACKING_CLOSED,0.32,0.3,15.0,-30.0,-12.236874293285208,-17.763125706714792,0.5921041902238264,0.6017720526653009,nan,12.236874293285208,0.0,nan,False,False,False,FINAL_ERROR
GPS_TRACKING_CLOSED,0.32,0.3,15.0,-15.0,-0.3693570451436389,-14.630642954856361,0.9753761969904241,1.0079194558682334,nan,2.0568006404133996,0.0,nan,False,False,False,FINAL_ERROR
GPS_TRACKING_CLOSED,0.32,0.3,15.0,15.0,19.935956224188153,-4.935956224188153,0.3290637482792102,0.44126312995712574,0.15000000000000002,21.64025498334619,0.0,nan,False,False,True,
GPS_TRACKING_CLOSED,0.32,0.3,15.0,30.0,34.975793773066044,-4.975793773066044,0.1658597924355348,0.17365877221432152,0.2,35.21011250767514,0.0,nan,False,False,True,
GPS_TRACKING_CLOSED,0.32,0.5,-15.0,-30.0,-34.93121979586379,4.93121979586379,0.16437399319545964,0.10778226275797044,0.35000000000000003,35.64461598196423,0.0,nan,False,False,True,
GPS_TRACKING_CLOSED,0.32,0.5,-15.0,-15.0,-19.92602515249529,4.9260251524952885,0.32840167683301924,0.38972898439384596,0.25,21.542809786457923,0.0,nan,False,False,True,
GPS_TRACKING_CLOSED,0.32,0.5,-15.0,15.0,0.36935704498103683,14.630642955018963,0.9753761970012642,1.0327308444289345,nan,1.6342335612276397,0.0,nan,False,False,False,FINAL_ERROR
GPS_TRACKING_CLOSED,0.32,0.5,-15.0,30.0,12.236874293039962,17.76312570696004,0.5921041902320013,0.6353573319448211,nan,12.236874293039962,0.0,nan,False,False,False,FINAL_ERROR
GPS_TRACKING_CLOSED,0.32,0.5,0.0,-30.0,-24.989616437330454,-5.010383562669546,0.16701278542231818,0.24818442301090898,0.65,25.005507936887632,0.0,nan,False,False,True,
GPS_TRACKING_CLOSED,0.32,0.5,0.0,-15.0,-11.007128020534992,-3.992871979465008,0.2661914652976672,0.32435081942857036,0.8500000000000001,11.007128020534992,0.0,nan,False,False,True,
GPS_TRACKING_CLOSED,0.32,0.5,0.0,15.0,11.007128020534992,3.992871979465008,0.2661914652976672,0.32435081942857036,0.8500000000000001,11.007128020534992,0.0,nan,False,False,True,
GPS_TRACKING_CLOSED,0.32,0.5,0.0,30.0,24.989616437330454,5.010383562669546,0.16701278542231818,0.24818442301090898,0.65,25.005507936887632,0.0,nan,False,False,True,
GPS_TRACKING_CLOSED,0.32,0.5,15.0,-30.0,-12.236874293039962,-17.76312570696004,0.5921041902320013,0.6353573319448211,nan,12.236874293039962,0.0,nan,False,False,False,FINAL_ERROR
GPS_TRACKING_CLOSED,0.32,0.5,15.0,-15.0,-0.36935704498103683,-14.630642955018963,0.9753761970012642,1.0327308444289345,nan,1.6342335612276397,0.0,nan,False,False,False,FINAL_ERROR
GPS_TRACKING_CLOSED,0.32,0.5,15.0,15.0,19.92602515249529,-4.9260251524952885,0.32840167683301924,0.38972898439384596,0.25,21.542809786457923,0.0,nan,False,False,True,
GPS_TRACKING_CLOSED,0.32,0.5,15.0,30.0,34.93121979586379,-4.93121979586379,0.16437399319545964,0.10778226275797044,0.35000000000000003,35.64461598196423,0.0,nan,False,False,True,
GPS_TRACKING_CLOSED,0.32,0.66,-15.0,-30.0,-34.94899298984748,4.948992989847483,0.1649664329949161,0.02750755186591102,0.45,35.961402716067845,0.0,nan,False,False,True,
GPS_TRACKING_CLOSED,0.32,0.66,-15.0,-15.0,-19.86053086893179,4.860530868931789,0.3240353912621193,0.29343433489902654,0.30000000000000004,21.570042028007563,0.0,nan,False,False,True,
GPS_TRACKING_CLOSED,0.32,0.66,-15.0,15.0,0.36935698982056747,14.630643010179433,0.9753762006786288,1.0414015147788214,nan,1.4124994904808494,0.0,nan,False,False,False,FINAL_ERROR
GPS_TRACKING_CLOSED,0.32,0.66,-15.0,30.0,12.236874167631692,17.76312583236831,0.592104194412277,0.6670847828460109,nan,12.236874167631692,0.0,nan,False,False,False,FINAL_ERROR
GPS_TRACKING_CLOSED,0.32,0.66,0.0,-30.0,-24.988824655309976,-5.011175344690024,0.16703917815633412,0.309362898804523,0.8500000000000001,25.004907476375095,0.0,nan,False,False,True,
GPS_TRACKING_CLOSED,0.32,0.66,0.0,-15.0,-11.568636950973517,-3.4313630490264835,0.22875753660176557,0.3747484726396114,1.05,11.568636950973517,0.0,nan,False,False,True,
GPS_TRACKING_CLOSED,0.32,0.66,0.0,15.0,11.568636950973517,3.4313630490264835,0.22875753660176557,0.3747484726396114,1.05,11.568636950973517,0.0,nan,False,False,True,
GPS_TRACKING_CLOSED,0.32,0.66,0.0,30.0,24.988824655309976,5.011175344690024,0.16703917815633412,0.309362898804523,0.8500000000000001,25.004907476375095,0.0,nan,False,False,True,
GPS_TRACKING_CLOSED,0.32,0.66,15.0,-30.0,-12.236874167631692,-17.76312583236831,0.592104194412277,0.6670847828460109,nan,12.236874167631692,0.0,nan,False,False,False,FINAL_ERROR
GPS_TRACKING_CLOSED,0.32,0.66,15.0,-15.0,-0.36935698982056747,-14.630643010179433,0.9753762006786288,1.0414015147788214,nan,1.4124994904808494,0.0,nan,False,False,False,FINAL_ERROR
GPS_TRACKING_CLOSED,0.32,0.66,15.0,15.0,19.86053086893179,-4.860530868931789,0.3240353912621193,0.29343433489902654,0.30000000000000004,21.570042028007563,0.0,nan,False,False,True,
GPS_TRACKING_CLOSED,0.32,0.66,15.0,30.0,34.94899298984748,-4.948992989847483,0.1649664329949161,0.02750755186591102,0.45,35.961402716067845,0.0,nan,False,False,True,
GPS_TRACKING_CLOSED,0.63,0.3,-15.0,-30.0,-39.48908358305211,9.489083583052107,0.3163027861017369,0.5024562716803397,0.1,46.09552013073279,0.0,nan,False,False,True,
GPS_TRACKING_CLOSED,0.63,0.3,-15.0,-15.0,-19.964053891685236,4.964053891685236,0.33093692611234904,0.6512098356441615,0.1,25.593873186986826,0.0,nan,False,False,True,
GPS_TRACKING_CLOSED,0.63,0.3,-15.0,15.0,10.046146095037969,4.953853904962031,0.3302569269974687,0.42994152473471214,1.3,10.28172709459967,0.0,nan,False,False,True,
GPS_TRACKING_CLOSED,0.63,0.3,-15.0,30.0,28.17036133952425,1.8296386604757515,0.06098795534919172,0.07449861339480286,0.25,28.17036133952425,0.0,0.75,False,False,True,
GPS_TRACKING_CLOSED,0.63,0.3,0.0,-30.0,-34.991871824766896,4.991871824766896,0.1663957274922299,0.2391973987926555,0.15000000000000002,37.413627701511864,0.0,nan,False,False,True,
GPS_TRACKING_CLOSED,0.63,0.3,0.0,-15.0,-17.23943190314074,2.2394319031407406,0.1492954602093827,0.12474606481106297,0.2,17.23943190314074,0.0,nan,False,False,True,
GPS_TRACKING_CLOSED,0.63,0.3,0.0,15.0,17.23943190314074,-2.2394319031407406,0.1492954602093827,0.12474606481106297,0.2,17.23943190314074,0.0,nan,False,False,True,
GPS_TRACKING_CLOSED,0.63,0.3,0.0,30.0,34.991871824766896,-4.991871824766896,0.1663957274922299,0.2391973987926555,0.15000000000000002,37.413627701511864,0.0,nan,False,False,True,
GPS_TRACKING_CLOSED,0.63,0.3,15.0,-30.0,-28.17036133952425,-1.8296386604757515,0.06098795534919172,0.07449861339480286,0.25,28.17036133952425,0.0,0.75,False,False,True,
GPS_TRACKING_CLOSED,0.63,0.3,15.0,-15.0,-10.046146095037969,-4.953853904962031,0.3302569269974687,0.42994152473471214,1.3,10.28172709459967,0.0,nan,False,False,True,
GPS_TRACKING_CLOSED,0.63,0.3,15.0,15.0,19.964053891685236,-4.964053891685236,0.33093692611234904,0.6512098356441615,0.1,25.593873186986826,0.0,nan,False,False,True,
GPS_TRACKING_CLOSED,0.63,0.3,15.0,30.0,39.48908358305211,-9.489083583052107,0.3163027861017369,0.5024562716803397,0.1,46.09552013073279,0.0,nan,False,False,True,
GPS_TRACKING_CLOSED,0.63,0.5,-15.0,-30.0,-39.48908358328595,9.489083583285947,0.31630278610953155,0.5190704169485959,0.2,45.71647520688751,0.0,nan,False,False,True,
GPS_TRACKING_CLOSED,0.63,0.5,-15.0,-15.0,-19.979149402730734,4.979149402730734,0.33194329351538227,0.6773793421740995,0.15000000000000002,25.18097137253795,0.0,nan,False,False,True,
GPS_TRACKING_CLOSED,0.63,0.5,-15.0,15.0,10.045858075775767,4.954141924224233,0.3302761282816155,0.4634108913274847,1.35,10.171505022470232,0.0,nan,False,False,True,
GPS_TRACKING_CLOSED,0.63,0.5,-15.0,30.0,30.622419787691594,-0.6224197876915945,0.02074732625638648,0.0697676502874156,0.4,30.622419787691594,0.0,0.9,False,False,True,
GPS_TRACKING_CLOSED,0.63,0.5,0.0,-30.0,-34.84696379037898,4.846963790378979,0.1615654596792993,0.2417578649041611,0.25,37.8168221787914,0.0,nan,False,False,True,
GPS_TRACKING_CLOSED,0.63,0.5,0.0,-15.0,-18.11925066603481,3.1192506660348087,0.2079500444023206,0.08208763192095508,0.30000000000000004,18.11925066603481,0.0,nan,False,False,True,
GPS_TRACKING_CLOSED,0.63,0.5,0.0,15.0,18.11925066603481,-3.1192506660348087,0.2079500444023206,0.08208763192095508,0.30000000000000004,18.11925066603481,0.0,nan,False,False,True,
GPS_TRACKING_CLOSED,0.63,0.5,0.0,30.0,34.84696379037898,-4.846963790378979,0.1615654596792993,0.2417578649041611,0.25,37.8168221787914,0.0,nan,False,False,True,
GPS_TRACKING_CLOSED,0.63,0.5,15.0,-30.0,-30.622419787691594,0.6224197876915945,0.02074732625638648,0.0697676502874156,0.4,30.622419787691594,0.0,0.9,False,False,True,
GPS_TRACKING_CLOSED,0.63,0.5,15.0,-15.0,-10.045858075775767,-4.954141924224233,0.3302761282816155,0.4634108913274847,1.35,10.171505022470232,0.0,nan,False,False,True,
GPS_TRACKING_CLOSED,0.63,0.5,15.0,15.0,19.979149402730734,-4.979149402730734,0.33194329351538227,0.6773793421740995,0.15000000000000002,25.18097137253795,0.0,nan,False,False,True,
GPS_TRACKING_CLOSED,0.63,0.5,15.0,30.0,39.48908358328595,-9.489083583285947,0.31630278610953155,0.5190704169485959,0.2,45.71647520688751,0.0,nan,False,False,True,
GPS_TRACKING_CLOSED,0.63,0.66,-15.0,-30.0,-39.48908376139808,9.489083761398078,0.3163027920466026,0.4670467768531407,0.25,45.61599893585493,0.0,nan,False,False,True,
GPS_TRACKING_CLOSED,0.63,0.66,-15.0,-15.0,-20.023975391687515,5.0239753916875145,0.3349316927791676,0.6219063585168157,0.2,24.983902365388595,0.0,nan,False,False,True,
GPS_TRACKING_CLOSED,0.63,0.66,-15.0,15.0,10.373249561657108,4.626750438342892,0.30845002922285947,0.5007743466325573,1.4500000000000002,10.373249561657108,0.0,nan,False,False,True,
GPS_TRACKING_CLOSED,0.63,0.66,-15.0,30.0,32.30761694428748,-2.3076169442874814,0.07692056480958272,0.1041936345817394,0.5,32.30761694428748,0.0,1.05,False,False,True,
GPS_TRACKING_CLOSED,0.63,0.66,0.0,-30.0,-34.84326485554638,4.84326485554638,0.161442161851546,0.191096622229914,0.35000000000000003,38.170004051633576,0.0,nan,False,False,True,
GPS_TRACKING_CLOSED,0.63,0.66,0.0,-15.0,-18.746151783119366,3.746151783119366,0.24974345220795774,0.021649047998131485,0.4,18.746151783119366,0.0,nan,False,False,True,
GPS_TRACKING_CLOSED,0.63,0.66,0.0,15.0,18.746151783119366,-3.746151783119366,0.24974345220795774,0.021649047998131485,0.4,18.746151783119366,0.0,nan,False,False,True,
GPS_TRACKING_CLOSED,0.63,0.66,0.0,30.0,34.84326485554638,-4.84326485554638,0.161442161851546,0.191096622229914,0.35000000000000003,38.170004051633576,0.0,nan,False,False,True,
GPS_TRACKING_CLOSED,0.63,0.66,15.0,-30.0,-32.30761694428748,2.3076169442874814,0.07692056480958272,0.1041936345817394,0.5,32.30761694428748,0.0,1.05,False,False,True,
GPS_TRACKING_CLOSED,0.63,0.66,15.0,-15.0,-10.373249561657108,-4.626750438342892,0.30845002922285947,0.5007743466325573,1.4500000000000002,10.373249561657108,0.0,nan,False,False,True,
GPS_TRACKING_CLOSED,0.63,0.66,15.0,15.0,20.023975391687515,-5.0239753916875145,0.3349316927791676,0.6219063585168157,0.2,24.983902365388595,0.0,nan,False,False,True,
GPS_TRACKING_CLOSED,0.63,0.66,15.0,30.0,39.48908376139808,-9.489083761398078,0.3163027920466026,0.4670467768531407,0.25,45.61599893585493,0.0,nan,False,False,True,
GPS_TRACKING_CLOSED,1.0,0.3,-15.0,-30.0,-48.88939577905715,18.889395779057153,0.6296465259685717,0.7016266707231952,0.1,56.11195590609053,0.0,nan,False,False,False,FINAL_ERROR
GPS_TRACKING_CLOSED,1.0,0.3,-15.0,-15.0,-20.539215686274517,5.539215686274517,0.36928104575163445,0.7583772467560431,0.1,29.22937284410024,0.0,nan,False,False,True,
GPS_TRACKING_CLOSED,1.0,0.3,-15.0,15.0,12.805124122965125,2.1948758770348746,0.14632505846899163,0.15773319446255496,0.25,12.805124122965125,0.0,nan,False,False,True,
GPS_TRACKING_CLOSED,1.0,0.3,-15.0,30.0,34.855544426325466,-4.855544426325466,0.16185148087751552,0.3064524925761257,0.15000000000000002,40.74239346326243,0.0,nan,False,False,True,
GPS_TRACKING_CLOSED,1.0,0.3,0.0,-30.0,-39.08547421042971,9.085474210429709,0.302849140347657,0.5042113727618829,0.1,48.352117566781615,0.0,nan,False,False,True,
GPS_TRACKING_CLOSED,1.0,0.3,0.0,-15.0,-19.78981416183343,4.78981416183343,0.31932094412222867,0.36356516114904003,0.1,21.54076726511451,0.0,nan,False,False,True,
GPS_TRACKING_CLOSED,1.0,0.3,0.0,15.0,19.78981416183343,-4.78981416183343,0.31932094412222867,0.36356516114904003,0.1,21.54076726511451,0.0,nan,False,False,True,
GPS_TRACKING_CLOSED,1.0,0.3,0.0,30.0,39.08547421042971,-9.085474210429709,0.302849140347657,0.5042113727618829,0.1,48.352117566781615,0.0,nan,False,False,True,
GPS_TRACKING_CLOSED,1.0,0.3,15.0,-30.0,-34.855544426325466,4.855544426325466,0.16185148087751552,0.3064524925761257,0.15000000000000002,40.74239346326243,0.0,nan,False,False,True,
GPS_TRACKING_CLOSED,1.0,0.3,15.0,-15.0,-12.805124122965125,-2.1948758770348746,0.14632505846899163,0.15773319446255496,0.25,12.805124122965125,0.0,nan,False,False,True,
GPS_TRACKING_CLOSED,1.0,0.3,15.0,15.0,20.539215686274517,-5.539215686274517,0.36928104575163445,0.7583772467560431,0.1,29.22937284410024,0.0,nan,False,False,True,
GPS_TRACKING_CLOSED,1.0,0.3,15.0,30.0,48.88939577905715,-18.889395779057153,0.6296465259685717,0.7016266707231952,0.1,56.11195590609053,0.0,nan,False,False,False,FINAL_ERROR
GPS_TRACKING_CLOSED,1.0,0.5,-15.0,-30.0,-48.88939577905783,18.88939577905783,0.6296465259685943,0.8054293441541414,0.15000000000000002,54.79309821635225,0.0,nan,False,False,False,FINAL_ERROR
GPS_TRACKING_CLOSED,1.0,0.5,-15.0,-15.0,-20.539215686278027,5.539215686278027,0.36928104575186843,0.8665259181990143,0.15000000000000002,28.381005421107176,0.0,nan,False,False,True,
GPS_TRACKING_CLOSED,1.0,0.5,-15.0,15.0,14.291530546999212,0.708469453000788,0.0472312968667192,0.12454431530658247,0.4,14.291530546999212,0.0,0.9500000000000001,False,False,True,
GPS_TRACKING_CLOSED,1.0,0.5,-15.0,30.0,34.9812833751387,-4.981283375138702,0.16604277917129007,0.3638943950013764,0.2,40.91683185004129,0.0,nan,False,False,True,
GPS_TRACKING_CLOSED,1.0,0.5,0.0,-30.0,-39.08547421043262,9.085474210432622,0.30284914034775406,0.5816856744674941,0.15000000000000002,47.65652928166525,0.0,nan,False,False,True,
GPS_TRACKING_CLOSED,1.0,0.5,0.0,-15.0,-19.93276006838887,4.93276006838887,0.32885067122592465,0.43554579854294745,0.2,21.562368566604118,0.0,nan,False,False,True,
GPS_TRACKING_CLOSED,1.0,0.5,0.0,15.0,19.93276006838887,-4.93276006838887,0.32885067122592465,0.43554579854294745,0.2,21.562368566604118,0.0,nan,False,False,True,
GPS_TRACKING_CLOSED,1.0,0.5,0.0,30.0,39.08547421043262,-9.085474210432622,0.30284914034775406,0.5816856744674941,0.15000000000000002,47.65652928166525,0.0,nan,False,False,True,
GPS_TRACKING_CLOSED,1.0,0.5,15.0,-30.0,-34.9812833751387,4.981283375138702,0.16604277917129007,0.3638943950013764,0.2,40.91683185004129,0.0,nan,False,False,True,
GPS_TRACKING_CLOSED,1.0,0.5,15.0,-15.0,-14.291530546999212,-0.708469453000788,0.0472312968667192,0.12454431530658247,0.4,14.291530546999212,0.0,0.9500000000000001,False,False,True,
GPS_TRACKING_CLOSED,1.0,0.5,15.0,15.0,20.539215686278027,-5.539215686278027,0.36928104575186843,0.8665259181990143,0.15000000000000002,28.381005421107176,0.0,nan,False,False,True,
GPS_TRACKING_CLOSED,1.0,0.5,15.0,30.0,48.88939577905783,-18.88939577905783,0.6296465259685943,0.8054293441541414,0.15000000000000002,54.79309821635225,0.0,nan,False,False,False,FINAL_ERROR
GPS_TRACKING_CLOSED,1.0,0.66,-15.0,-30.0,-48.88939578110609,18.88939578110609,0.6296465260368697,0.8016421345484034,0.15000000000000002,54.08883509867025,0.0,nan,False,False,False,FINAL_ERROR
GPS_TRACKING_CLOSED,1.0,0.66,-15.0,-15.0,-20.53921569342709,5.539215693427089,0.3692810462284726,0.8669208912849956,0.15000000000000002,28.005998168879525,0.0,nan,False,False,True,
GPS_TRACKING_CLOSED,1.0,0.66,-15.0,15.0,15.333313597089443,-0.3333135970894432,0.022220906472629545,0.13553834562886943,0.45,15.333313597089443,0.0,1.05,False,False,True,
GPS_TRACKING_CLOSED,1.0,0.66,-15.0,30.0,34.91835522474141,-4.918355224741411,0.16394517415804705,0.3467654057552541,0.25,41.039946923566326,0.0,nan,False,False,True,
GPS_TRACKING_CLOSED,1.0,0.66,0.0,-30.0,-39.08547421783998,9.08547421783998,0.302849140594666,0.5746791921122406,0.2,47.44915412452416,0.0,nan,False,False,True,
GPS_TRACKING_CLOSED,1.0,0.66,0.0,-15.0,-19.838694171214904,4.838694171214904,0.32257961141432695,0.4204137214774976,0.25,21.526216424734702,0.0,nan,False,False,True,
GPS_TRACKING_CLOSED,1.0,0.66,0.0,15.0,19.838694171214904,-4.838694171214904,0.32257961141432695,0.4204137214774976,0.25,21.526216424734702,0.0,nan,False,False,True,
GPS_TRACKING_CLOSED,1.0,0.66,0.0,30.0,39.08547421783998,-9.08547421783998,0.302849140594666,0.5746791921122406,0.2,47.44915412452416,0.0,nan,False,False,True,
GPS_TRACKING_CLOSED,1.0,0.66,15.0,-30.0,-34.91835522474141,4.918355224741411,0.16394517415804705,0.3467654057552541,0.25,41.039946923566326,0.0,nan,False,False,True,
GPS_TRACKING_CLOSED,1.0,0.66,15.0,-15.0,-15.333313597089443,0.3333135970894432,0.022220906472629545,0.13553834562886943,0.45,15.333313597089443,0.0,1.05,False,False,True,
GPS_TRACKING_CLOSED,1.0,0.66,15.0,15.0,20.53921569342709,-5.539215693427089,0.3692810462284726,0.8669208912849956,0.15000000000000002,28.005998168879525,0.0,nan,False,False,True,
GPS_TRACKING_CLOSED,1.0,0.66,15.0,30.0,48.88939578110609,-18.88939578110609,0.6296465260368697,0.8016421345484034,0.15000000000000002,54.08883509867025,0.0,nan,False,False,False,FINAL_ERROR
DR_M_G_CLOSED,0.32,0.3,-15.0,-30.0,-42.39048244096368,12.39048244096368,0.41301608136545603,0.5004724982907021,0.15000000000000002,45.01417494872106,0.0,nan,False,False,False,FINAL_ERROR
DR_M_G_CLOSED,0.32,0.3,-15.0,-15.0,-22.64260042566839,7.642600425668391,0.5095066950445594,0.683774629378333,0.15000000000000002,25.264251923844995,0.0,nan,False,False,False,FINAL_ERROR
DR_M_G_CLOSED,0.32,0.3,-15.0,15.0,2.7702600001364734,12.229739999863526,0.8153159999909018,0.8578086976760172,nan,2.7702600001364734,0.0,nan,False,False,False,FINAL_ERROR
DR_M_G_CLOSED,0.32,0.3,-15.0,30.0,22.518142015431742,7.481857984568258,0.24939526615227525,0.27072444944384094,0.55,22.518142015431742,0.0,nan,False,False,True,
DR_M_G_CLOSED,0.32,0.3,0.0,-30.0,-34.56523360844115,4.565233608441147,0.1521744536147049,0.12528711094863307,0.2,34.56523360844115,0.0,nan,False,False,True,
DR_M_G_CLOSED,0.32,0.3,0.0,-15.0,-13.440225460381068,-1.5597745396189318,0.10398496930792879,0.12346023203424714,0.30000000000000004,13.440225460381068,0.0,0.9,False,False,True,
DR_M_G_CLOSED,0.32,0.3,0.0,15.0,13.440225460381068,1.5597745396189318,0.10398496930792879,0.12346023203424714,0.30000000000000004,13.440225460381068,0.0,0.9,False,False,True,
DR_M_G_CLOSED,0.32,0.3,0.0,30.0,34.56523360844115,-4.565233608441147,0.1521744536147049,0.12528711094863307,0.2,34.56523360844115,0.0,nan,False,False,True,
DR_M_G_CLOSED,0.32,0.3,15.0,-30.0,-22.518142015431742,-7.481857984568258,0.24939526615227525,0.27072444944384094,0.55,22.518142015431742,0.0,nan,False,False,True,
DR_M_G_CLOSED,0.32,0.3,15.0,-15.0,-2.7702600001364734,-12.229739999863526,0.8153159999909018,0.8578086976760172,nan,2.7702600001364734,0.0,nan,False,False,False,FINAL_ERROR
DR_M_G_CLOSED,0.32,0.3,15.0,15.0,22.64260042566839,-7.642600425668391,0.5095066950445594,0.683774629378333,0.15000000000000002,25.264251923844995,0.0,nan,False,False,False,FINAL_ERROR
DR_M_G_CLOSED,0.32,0.3,15.0,30.0,42.39048244096368,-12.39048244096368,0.41301608136545603,0.5004724982907021,0.15000000000000002,45.01417494872106,0.0,nan,False,False,False,FINAL_ERROR
DR_M_G_CLOSED,0.32,0.5,-15.0,-30.0,-42.39048245130242,12.390482451302418,0.4130160817100806,0.42527235388517753,0.25,44.719689652352,0.0,nan,False,False,False,FINAL_ERROR
DR_M_G_CLOSED,0.32,0.5,-15.0,-15.0,-22.642600440349458,7.642600440349458,0.5095066960232972,0.6003785307169269,0.2,24.92044010755351,0.0,nan,False,False,False,FINAL_ERROR
DR_M_G_CLOSED,0.32,0.5,-15.0,15.0,2.7702599996737716,12.229740000326228,0.8153160000217485,0.8853540743321928,nan,2.7702599996737716,0.0,nan,False,False,False,FINAL_ERROR
DR_M_G_CLOSED,0.32,0.5,-15.0,30.0,22.518142014394346,7.481857985605654,0.24939526618685512,0.32790986181886955,0.8500000000000001,22.518142014394346,0.0,nan,False,False,True,
DR_M_G_CLOSED,0.32,0.5,0.0,-30.0,-34.943378951365794,4.943378951365794,0.1647792983788598,0.04697291552728764,0.35000000000000003,35.03461521416351,0.0,nan,False,False,True,
DR_M_G_CLOSED,0.32,0.5,0.0,-15.0,-13.920774922705677,-1.079225077294323,0.0719483384862882,0.17193935398285257,0.5,13.920774922705677,0.0,1.25,False,False,True,
DR_M_G_CLOSED,0.32,0.5,0.0,15.0,13.920774922705677,1.079225077294323,0.0719483384862882,0.17193935398285257,0.5,13.920774922705677,0.0,1.25,False,False,True,
DR_M_G_CLOSED,0.32,0.5,0.0,30.0,34.943378951365794,-4.943378951365794,0.1647792983788598,0.04697291552728764,0.35000000000000003,35.03461521416351,0.0,nan,False,False,True,
DR_M_G_CLOSED,0.32,0.5,15.0,-30.0,-22.518142014394346,-7.481857985605654,0.24939526618685512,0.32790986181886955,0.8500000000000001,22.518142014394346,0.0,nan,False,False,True,
DR_M_G_CLOSED,0.32,0.5,15.0,-15.0,-2.7702599996737716,-12.229740000326228,0.8153160000217485,0.8853540743321928,nan,2.7702599996737716,0.0,nan,False,False,False,FINAL_ERROR
DR_M_G_CLOSED,0.32,0.5,15.0,15.0,22.642600440349458,-7.642600440349458,0.5095066960232972,0.6003785307169269,0.2,24.92044010755351,0.0,nan,False,False,False,FINAL_ERROR
DR_M_G_CLOSED,0.32,0.5,15.0,30.0,42.39048245130242,-12.390482451302418,0.4130160817100806,0.42527235388517753,0.25,44.719689652352,0.0,nan,False,False,False,FINAL_ERROR
DR_M_G_CLOSED,0.32,0.66,-15.0,-30.0,-42.39048477468265,12.390484774682648,0.41301615915608825,0.32068116855244805,0.30000000000000004,44.52533536132047,0.0,nan,False,False,False,FINAL_ERROR
DR_M_G_CLOSED,0.32,0.66,-15.0,-15.0,-22.642603288776105,7.642603288776105,0.509506885918407,0.48958074558336645,0.25,24.791580158724948,0.0,nan,False,False,False,FINAL_ERROR
DR_M_G_CLOSED,0.32,0.66,-15.0,15.0,2.7702598651745998,12.2297401348254,0.81531600898836,0.9018459865600046,nan,2.7702598651745998,0.0,nan,False,False,False,FINAL_ERROR
DR_M_G_CLOSED,0.32,0.66,-15.0,30.0,22.518141590604742,7.481858409395258,0.24939528031317526,0.3855828958412818,1.1,22.518141590604742,0.0,nan,False,False,True,
DR_M_G_CLOSED,0.32,0.66,0.0,-30.0,-34.93714104729982,4.937141047299818,0.16457136824332727,0.031093337719832092,0.45,35.093298988779004,0.0,nan,False,False,True,
DR_M_G_CLOSED,0.32,0.66,0.0,-15.0,-14.34963183971433,-0.6503681602856695,0.04335787735237796,0.22389363391560846,0.65,14.34963183971433,0.0,1.4500000000000002,False,False,True,
DR_M_G_CLOSED,0.32,0.66,0.0,15.0,14.34963183971433,0.6503681602856695,0.04335787735237796,0.22389363391560846,0.65,14.34963183971433,0.0,1.4500000000000002,False,False,True,
DR_M_G_CLOSED,0.32,0.66,0.0,30.0,34.93714104729982,-4.937141047299818,0.16457136824332727,0.031093337719832092,0.45,35.093298988779004,0.0,nan,False,False,True,
DR_M_G_CLOSED,0.32,0.66,15.0,-30.0,-22.518141590604742,-7.481858409395258,0.24939528031317526,0.3855828958412818,1.1,22.518141590604742,0.0,nan,False,False,True,
DR_M_G_CLOSED,0.32,0.66,15.0,-15.0,-2.7702598651745998,-12.2297401348254,0.81531600898836,0.9018459865600046,nan,2.7702598651745998,0.0,nan,False,False,False,FINAL_ERROR
DR_M_G_CLOSED,0.32,0.66,15.0,15.0,22.642603288776105,-7.642603288776105,0.509506885918407,0.48958074558336645,0.25,24.791580158724948,0.0,nan,False,False,False,FINAL_ERROR
DR_M_G_CLOSED,0.32,0.66,15.0,30.0,42.39048477468265,-12.390484774682648,0.41301615915608825,0.32068116855244805,0.30000000000000004,44.52533536132047,0.0,nan,False,False,False,FINAL_ERROR
DR_M_G_CLOSED,0.63,0.3,-15.0,-30.0,-63.584196390391426,33.584196390391426,1.1194732130130476,1.133531116016674,0.1,64.85885436085296,0.0,nan,False,False,False,FINAL_ERROR
DR_M_G_CLOSED,0.63,0.3,-15.0,-15.0,-28.556154069730894,13.556154069730894,0.9037436046487263,1.093098904105591,0.1,32.26238193800543,0.0,nan,False,False,False,FINAL_ERROR
DR_M_G_CLOSED,0.63,0.3,-15.0,15.0,11.655380083507573,3.3446199164924266,0.2229746610994951,0.23413024523414924,0.35000000000000003,11.655380083507573,0.0,nan,False,False,True,
DR_M_G_CLOSED,0.63,0.3,-15.0,30.0,39.622535048538396,-9.622535048538396,0.3207511682846132,0.4859318198588279,0.15000000000000002,44.95596779398425,0.0,nan,False,False,True,
DR_M_G_CLOSED,0.63,0.3,0.0,-30.0,-51.60336571946491,21.60336571946491,0.7201121906488304,0.7952283463764149,0.1,54.87658690137122,0.0,nan,False,False,False,FINAL_ERROR
DR_M_G_CLOSED,0.63,0.3,0.0,-15.0,-19.926953634947047,4.926953634947047,0.3284635756631365,0.47615686628806153,0.15000000000000002,22.335037727222822,0.0,nan,False,False,True,
DR_M_G_CLOSED,0.63,0.3,0.0,15.0,19.926953634947047,-4.926953634947047,0.3284635756631365,0.47615686628806153,0.15000000000000002,22.335037727222822,0.0,nan,False,False,True,
DR_M_G_CLOSED,0.63,0.3,0.0,30.0,51.60336571946491,-21.60336571946491,0.7201121906488304,0.7952283463764149,0.1,54.87658690137122,0.0,nan,False,False,False,FINAL_ERROR
DR_M_G_CLOSED,0.63,0.3,15.0,-30.0,-39.622535048538396,9.622535048538396,0.3207511682846132,0.4859318198588279,0.15000000000000002,44.95596779398425,0.0,nan,False,False,True,
DR_M_G_CLOSED,0.63,0.3,15.0,-15.0,-11.655380083507573,-3.3446199164924266,0.2229746610994951,0.23413024523414924,0.35000000000000003,11.655380083507573,0.0,nan,False,False,True,
DR_M_G_CLOSED,0.63,0.3,15.0,15.0,28.556154069730894,-13.556154069730894,0.9037436046487263,1.093098904105591,0.1,32.26238193800543,0.0,nan,False,False,False,FINAL_ERROR
DR_M_G_CLOSED,0.63,0.3,15.0,30.0,63.584196390391426,-33.584196390391426,1.1194732130130476,1.133531116016674,0.1,64.85885436085296,0.0,nan,False,False,False,FINAL_ERROR
DR_M_G_CLOSED,0.63,0.5,-15.0,-30.0,-63.58419639037271,33.58419639037271,1.1194732130124236,1.0999045205599458,0.15000000000000002,63.58419639037271,0.0,nan,False,False,False,FINAL_ERROR
DR_M_G_CLOSED,0.63,0.5,-15.0,-15.0,-28.55615406997041,13.556154069970411,0.9037436046646941,1.0877667340119175,0.15000000000000002,31.38843079447227,0.0,nan,False,False,False,FINAL_ERROR
DR_M_G_CLOSED,0.63,0.5,-15.0,15.0,12.616107319976688,2.383892680023312,0.15892617866822079,0.23361235269667896,0.55,12.616107319976688,0.0,nan,False,False,True,
DR_M_G_CLOSED,0.63,0.5,-15.0,30.0,39.62253505000675,-9.622535050006753,0.32075116833355843,0.46639733889613877,0.2,44.60801403904329,0.0,nan,False,False,True,
DR_M_G_CLOSED,0.63,0.5,0.0,-30.0,-51.6033657196205,21.6033657196205,0.7201121906540167,0.7828120010153481,0.15000000000000002,53.78853837248202,0.0,nan,False,False,False,FINAL_ERROR
DR_M_G_CLOSED,0.63,0.5,0.0,-15.0,-19.879207217176937,4.879207217176937,0.32528048114512914,0.46847737204804385,0.2,22.30961934287712,0.0,nan,False,False,True,
DR_M_G_CLOSED,0.63,0.5,0.0,15.0,19.879207217176937,-4.879207217176937,0.32528048114512914,0.46847737204804385,0.2,22.30961934287712,0.0,nan,False,False,True,
DR_M_G_CLOSED,0.63,0.5,0.0,30.0,51.6033657196205,-21.6033657196205,0.7201121906540167,0.7828120010153481,0.15000000000000002,53.78853837248202,0.0,nan,False,False,False,FINAL_ERROR
DR_M_G_CLOSED,0.63,0.5,15.0,-30.0,-39.62253505000675,9.622535050006753,0.32075116833355843,0.46639733889613877,0.2,44.60801403904329,0.0,nan,False,False,True,
DR_M_G_CLOSED,0.63,0.5,15.0,-15.0,-12.616107319976688,-2.383892680023312,0.15892617866822079,0.23361235269667896,0.55,12.616107319976688,0.0,nan,False,False,True,
DR_M_G_CLOSED,0.63,0.5,15.0,15.0,28.55615406997041,-13.556154069970411,0.9037436046646941,1.0877667340119175,0.15000000000000002,31.38843079447227,0.0,nan,False,False,False,FINAL_ERROR
DR_M_G_CLOSED,0.63,0.5,15.0,30.0,63.58419639037271,-33.58419639037271,1.1194732130124236,1.0999045205599458,0.15000000000000002,63.58419639037271,0.0,nan,False,False,False,FINAL_ERROR
DR_M_G_CLOSED,0.63,0.66,-15.0,-30.0,-63.5841963441493,33.5841963441493,1.1194732114716432,0.9994427388233873,0.2,63.5841963441493,0.0,nan,False,False,False,FINAL_ERROR
DR_M_G_CLOSED,0.63,0.66,-15.0,-15.0,-28.556154181875137,13.556154181875137,0.9037436121250091,0.9912027796024738,0.2,30.870694959319756,0.0,nan,False,False,False,FINAL_ERROR
DR_M_G_CLOSED,0.63,0.66,-15.0,15.0,13.33297008087637,1.66702991912363,0.11113532794157534,0.2600855784627865,0.7000000000000001,13.33297008087637,0.0,2.25,False,False,True,
DR_M_G_CLOSED,0.63,0.66,-15.0,30.0,39.62253571496238,-9.622535714962382,0.32075119049874606,0.39266851739519687,0.30000000000000004,44.48825587867088,0.0,nan,False,False,True,
DR_M_G_CLOSED,0.63,0.66,0.0,-30.0,-51.60336578862751,21.603365788627507,0.7201121929542502,0.695335192452183,0.2,53.12741622341948,0.0,nan,False,False,False,FINAL_ERROR
DR_M_G_CLOSED,0.63,0.66,0.0,-15.0,-19.926431433159205,4.926431433159205,0.3284287622106137,0.3929589675600797,0.30000000000000004,22.237208919248534,0.0,nan,False,False,True,
DR_M_G_CLOSED,0.63,0.66,0.0,15.0,19.926431433159205,-4.926431433159205,0.3284287622106137,0.3929589675600797,0.30000000000000004,22.237208919248534,0.0,nan,False,False,True,
DR_M_G_CLOSED,0.63,0.66,0.0,30.0,51.60336578862751,-21.603365788627507,0.7201121929542502,0.695335192452183,0.2,53.12741622341948,0.0,nan,False,False,False,FINAL_ERROR
DR_M_G_CLOSED,0.63,0.66,15.0,-30.0,-39.62253571496238,9.622535714962382,0.32075119049874606,0.39266851739519687,0.30000000000000004,44.48825587867088,0.0,nan,False,False,True,
DR_M_G_CLOSED,0.63,0.66,15.0,-15.0,-13.33297008087637,-1.66702991912363,0.11113532794157534,0.2600855784627865,0.7000000000000001,13.33297008087637,0.0,2.25,False,False,True,
DR_M_G_CLOSED,0.63,0.66,15.0,15.0,28.556154181875137,-13.556154181875137,0.9037436121250091,0.9912027796024738,0.2,30.870694959319756,0.0,nan,False,False,False,FINAL_ERROR
DR_M_G_CLOSED,0.63,0.66,15.0,30.0,63.5841963441493,-33.5841963441493,1.1194732114716432,0.9994427388233873,0.2,63.5841963441493,0.0,nan,False,False,False,FINAL_ERROR
DR_M_G_CLOSED,1.0,0.3,-15.0,-30.0,-83.9653218602835,53.965321860283495,1.79884406200945,1.7969655145893966,0.05,83.9653218602835,0.0,nan,False,False,False,FINAL_ERROR
DR_M_G_CLOSED,1.0,0.3,-15.0,-15.0,-34.2429760717722,19.242976071772198,1.2828650714514798,1.3709940705939834,0.05,38.72878562560733,0.0,nan,False,False,False,FINAL_ERROR
DR_M_G_CLOSED,1.0,0.3,-15.0,15.0,19.939774557463547,-4.939774557463547,0.32931830383090316,0.39511921816674017,0.15000000000000002,21.53031303728367,0.0,nan,False,False,True,
DR_M_G_CLOSED,1.0,0.3,-15.0,30.0,62.53675043171209,-32.53675043171209,1.0845583477237364,1.103861329968854,0.1,65.74279483679486,0.0,nan,False,False,False,FINAL_ERROR
DR_M_G_CLOSED,1.0,0.3,0.0,-30.0,-73.25103614599782,43.251036145997816,1.4417012048665938,1.4472590332216355,0.05,74.61431395781143,0.0,nan,False,False,False,FINAL_ERROR
DR_M_G_CLOSED,1.0,0.3,0.0,-15.0,-23.52869035748648,8.528690357486479,0.5685793571657652,0.8770416308228536,0.1,30.046740365687445,0.0,nan,False,False,False,FINAL_ERROR
DR_M_G_CLOSED,1.0,0.3,0.0,15.0,23.52869035748648,-8.528690357486479,0.5685793571657652,0.8770416308228536,0.1,30.046740365687445,0.0,nan,False,False,False,FINAL_ERROR
DR_M_G_CLOSED,1.0,0.3,0.0,30.0,73.25103614599782,-43.251036145997816,1.4417012048665938,1.4472590332216355,0.05,74.61431395781143,0.0,nan,False,False,False,FINAL_ERROR
DR_M_G_CLOSED,1.0,0.3,15.0,-30.0,-62.53675043171209,32.53675043171209,1.0845583477237364,1.103861329968854,0.1,65.74279483679486,0.0,nan,False,False,False,FINAL_ERROR
DR_M_G_CLOSED,1.0,0.3,15.0,-15.0,-19.939774557463547,4.939774557463547,0.32931830383090316,0.39511921816674017,0.15000000000000002,21.53031303728367,0.0,nan,False,False,True,
DR_M_G_CLOSED,1.0,0.3,15.0,15.0,34.2429760717722,-19.242976071772198,1.2828650714514798,1.3709940705939834,0.05,38.72878562560733,0.0,nan,False,False,False,FINAL_ERROR
DR_M_G_CLOSED,1.0,0.3,15.0,30.0,83.9653218602835,-53.965321860283495,1.79884406200945,1.7969655145893966,0.05,83.9653218602835,0.0,nan,False,False,False,FINAL_ERROR
DR_M_G_CLOSED,1.0,0.5,-15.0,-30.0,-83.9653218602801,53.9653218602801,1.7988440620093367,1.7289075735968942,0.1,83.9653218602801,0.0,nan,False,False,False,FINAL_ERROR
DR_M_G_CLOSED,1.0,0.5,-15.0,-15.0,-34.24297607177712,19.24297607177712,1.2828650714518082,1.4681201769194943,0.1,37.31203428155743,0.0,nan,False,False,False,FINAL_ERROR
DR_M_G_CLOSED,1.0,0.5,-15.0,15.0,19.811782732541495,-4.811782732541495,0.32078551550276635,0.4375059348417553,0.2,21.58054692687434,0.0,nan,False,False,True,
DR_M_G_CLOSED,1.0,0.5,-15.0,30.0,62.53675043171351,-32.53675043171351,1.0845583477237837,1.1139339842539568,0.1,63.620372097091874,0.0,nan,False,False,False,FINAL_ERROR
DR_M_G_CLOSED,1.0,0.5,0.0,-30.0,-73.25103614599627,43.25103614599627,1.4417012048665423,1.410119576244296,0.1,73.25103614599627,0.0,nan,False,False,False,FINAL_ERROR
DR_M_G_CLOSED,1.0,0.5,0.0,-15.0,-23.528690357515636,8.528690357515636,0.568579357167709,0.948045163578554,0.15000000000000002,29.27907027260125,0.0,nan,False,False,False,FINAL_ERROR
DR_M_G_CLOSED,1.0,0.5,0.0,15.0,23.528690357515636,-8.528690357515636,0.568579357167709,0.948045163578554,0.15000000000000002,29.27907027260125,0.0,nan,False,False,False,FINAL_ERROR
DR_M_G_CLOSED,1.0,0.5,0.0,30.0,73.25103614599627,-43.25103614599627,1.4417012048665423,1.410119576244296,0.1,73.25103614599627,0.0,nan,False,False,False,FINAL_ERROR
DR_M_G_CLOSED,1.0,0.5,15.0,-30.0,-62.53675043171351,32.53675043171351,1.0845583477237837,1.1139339842539568,0.1,63.620372097091874,0.0,nan,False,False,False,FINAL_ERROR
DR_M_G_CLOSED,1.0,0.5,15.0,-15.0,-19.811782732541495,4.811782732541495,0.32078551550276635,0.4375059348417553,0.2,21.58054692687434,0.0,nan,False,False,True,
DR_M_G_CLOSED,1.0,0.5,15.0,15.0,34.24297607177712,-19.24297607177712,1.2828650714518082,1.4681201769194943,0.1,37.31203428155743,0.0,nan,False,False,False,FINAL_ERROR
DR_M_G_CLOSED,1.0,0.5,15.0,30.0,83.9653218602801,-53.9653218602801,1.7988440620093367,1.7289075735968942,0.1,83.9653218602801,0.0,nan,False,False,False,FINAL_ERROR
DR_M_G_CLOSED,1.0,0.66,-15.0,-30.0,-83.9653218508762,53.965321850876194,1.7988440616958732,1.6165004425545333,0.1,83.9653218508762,0.0,nan,False,False,False,FINAL_ERROR
DR_M_G_CLOSED,1.0,0.66,-15.0,-15.0,-34.24297607727683,19.24297607727683,1.2828650718184553,1.4235241986866478,0.15000000000000002,36.42599707976589,0.0,nan,False,False,False,FINAL_ERROR
DR_M_G_CLOSED,1.0,0.66,-15.0,15.0,19.875477009995336,-4.875477009995336,0.32503180066635573,0.4005536375413373,0.25,21.604689860320732,0.0,nan,False,False,True,
DR_M_G_CLOSED,1.0,0.66,-15.0,30.0,62.53675043135429,-32.53675043135429,1.0845583477118097,1.067889886846804,0.15000000000000002,62.53675043135429,0.0,nan,False,False,False,FINAL_ERROR
DR_M_G_CLOSED,1.0,0.66,0.0,-30.0,-73.25103614036888,43.25103614036888,1.4417012046789628,1.332594811210897,0.15000000000000002,73.25103614036888,0.0,nan,False,False,False,FINAL_ERROR
DR_M_G_CLOSED,1.0,0.66,0.0,-15.0,-23.52869038925446,8.52869038925446,0.5685793592836307,0.9082205125809198,0.15000000000000002,28.847808992620095,0.0,nan,False,False,False,FINAL_ERROR
DR_M_G_CLOSED,1.0,0.66,0.0,15.0,23.52869038925446,-8.52869038925446,0.5685793592836307,0.9082205125809198,0.15000000000000002,28.847808992620095,0.0,nan,False,False,False,FINAL_ERROR
DR_M_G_CLOSED,1.0,0.66,0.0,30.0,73.25103614036888,-43.25103614036888,1.4417012046789628,1.332594811210897,0.15000000000000002,73.25103614036888,0.0,nan,False,False,False,FINAL_ERROR
DR_M_G_CLOSED,1.0,0.66,15.0,-30.0,-62.53675043135429,32.53675043135429,1.0845583477118097,1.067889886846804,0.15000000000000002,62.53675043135429,0.0,nan,False,False,False,FINAL_ERROR
DR_M_G_CLOSED,1.0,0.66,15.0,-15.0,-19.875477009995336,4.875477009995336,0.32503180066635573,0.4005536375413373,0.25,21.604689860320732,0.0,nan,False,False,True,
DR_M_G_CLOSED,1.0,0.66,15.0,15.0,34.24297607727683,-19.24297607727683,1.2828650718184553,1.4235241986866478,0.15000000000000002,36.42599707976589,0.0,nan,False,False,False,FINAL_ERROR
DR_M_G_CLOSED,1.0,0.66,15.0,30.0,83.9653218508762,-53.965321850876194,1.7988440616958732,1.6165004425545333,0.1,83.9653218508762,0.0,nan,False,False,False,FINAL_ERROR
DR_PM_G_CLOSED,0.32,0.3,-15.0,-30.0,-41.7153284671533,11.715328467153299,0.39051094890510996,0.4592385463586664,0.15000000000000002,43.83120084711136,0.0,nan,False,False,True,
DR_PM_G_CLOSED,0.32,0.3,-15.0,-15.0,-22.84831104384657,7.8483110438465715,0.5232207362564381,0.6575503830244088,0.15000000000000002,24.86930976809616,0.0,nan,False,False,False,FINAL_ERROR
DR_PM_G_CLOSED,0.32,0.3,-15.0,15.0,0.731522722678674,14.268477277321326,0.9512318184880884,0.9774620528172061,nan,0.8525702720261386,0.0,nan,False,False,False,FINAL_ERROR
DR_PM_G_CLOSED,0.32,0.3,-15.0,30.0,19.598540145985396,10.401459854014604,0.34671532846715347,0.36351616790629027,0.9500000000000001,19.598540145985396,0.0,nan,False,False,True,
DR_PM_G_CLOSED,0.32,0.3,0.0,-30.0,-32.2166100144632,2.2166100144631997,0.07388700048210665,0.04867939139983228,0.25,32.2166100144632,0.0,0.5,False,False,True,
DR_PM_G_CLOSED,0.32,0.3,0.0,-15.0,-12.400465071971773,-2.599534928028227,0.17330232853521513,0.19087552655855855,0.4,12.400465071971773,0.0,nan,False,False,True,
DR_PM_G_CLOSED,0.32,0.3,0.0,15.0,12.400465071971773,2.599534928028227,0.17330232853521513,0.19087552655855855,0.4,12.400465071971773,0.0,nan,False,False,True,
DR_PM_G_CLOSED,0.32,0.3,0.0,30.0,32.2166100144632,-2.2166100144631997,0.07388700048210665,0.04867939139983228,0.25,32.2166100144632,0.0,0.5,False,False,True,
DR_PM_G_CLOSED,0.32,0.3,15.0,-30.0,-19.598540145985396,-10.401459854014604,0.34671532846715347,0.36351616790629027,0.9500000000000001,19.598540145985396,0.0,nan,False,False,True,
DR_PM_G_CLOSED,0.32,0.3,15.0,-15.0,-0.731522722678674,-14.268477277321326,0.9512318184880884,0.9774620528172061,nan,0.8525702720261386,0.0,nan,False,False,False,FINAL_ERROR
DR_PM_G_CLOSED,0.32,0.3,15.0,15.0,22.84831104384657,-7.8483110438465715,0.5232207362564381,0.6575503830244088,0.15000000000000002,24.86930976809616,0.0,nan,False,False,False,FINAL_ERROR
DR_PM_G_CLOSED,0.32,0.3,15.0,30.0,41.7153284671533,-11.715328467153299,0.39051094890510996,0.4592385463586664,0.15000000000000002,43.83120084711136,0.0,nan,False,False,True,
DR_PM_G_CLOSED,0.32,0.5,-15.0,-30.0,-41.715328489705925,11.715328489705925,0.39051094965686417,0.3672123860061544,0.25,43.54187628998001,0.0,nan,False,False,True,
DR_PM_G_CLOSED,0.32,0.5,-15.0,-15.0,-22.848311070907922,7.848311070907922,0.5232207380605282,0.5583552429787185,0.2,24.596356905854638,0.0,nan,False,False,False,FINAL_ERROR
DR_PM_G_CLOSED,0.32,0.5,-15.0,15.0,0.7315227221413738,14.268477277858626,0.9512318185239084,0.9937720158245732,nan,0.7315227221413738,0.0,nan,False,False,False,FINAL_ERROR
DR_PM_G_CLOSED,0.32,0.5,-15.0,30.0,19.59854014418371,10.401459855816292,0.3467153285272097,0.41803872880991466,1.5,19.59854014418371,0.0,nan,False,False,True,
DR_PM_G_CLOSED,0.32,0.5,0.0,-30.0,-32.94759319225704,2.947593192257038,0.09825310640856794,0.02594771369331757,0.4,32.94759319225704,0.0,0.8,False,False,True,
DR_PM_G_CLOSED,0.32,0.5,0.0,-15.0,-12.842398615946715,-2.157601384053285,0.143840092270219,0.23600508495007588,0.6000000000000001,12.842398615946715,0.0,nan,False,False,True,
DR_PM_G_CLOSED,0.32,0.5,0.0,15.0,12.842398615946715,2.157601384053285,0.143840092270219,0.23600508495007588,0.6000000000000001,12.842398615946715,0.0,nan,False,False,True,
DR_PM_G_CLOSED,0.32,0.5,0.0,30.0,32.94759319225704,-2.947593192257038,0.09825310640856794,0.02594771369331757,0.4,32.94759319225704,0.0,0.8,False,False,True,
DR_PM_G_CLOSED,0.32,0.5,15.0,-30.0,-19.59854014418371,-10.401459855816292,0.3467153285272097,0.41803872880991466,1.5,19.59854014418371,0.0,nan,False,False,True,
DR_PM_G_CLOSED,0.32,0.5,15.0,-15.0,-0.7315227221413738,-14.268477277858626,0.9512318185239084,0.9937720158245732,nan,0.7315227221413738,0.0,nan,False,False,False,FINAL_ERROR
DR_PM_G_CLOSED,0.32,0.5,15.0,15.0,22.848311070907922,-7.848311070907922,0.5232207380605282,0.5583552429787185,0.2,24.596356905854638,0.0,nan,False,False,False,FINAL_ERROR
DR_PM_G_CLOSED,0.32,0.5,15.0,30.0,41.715328489705925,-11.715328489705925,0.39051094965686417,0.3672123860061544,0.25,43.54187628998001,0.0,nan,False,False,True,
DR_PM_G_CLOSED,0.32,0.66,-15.0,-30.0,-41.71533278954143,11.715332789541428,0.39051109298471426,0.26086903229317426,0.35000000000000003,43.450193163860924,0.0,nan,False,False,True,
DR_PM_G_CLOSED,0.32,0.66,-15.0,-15.0,-22.84831510441187,7.848315104411871,0.5232210069607913,0.4360158918610575,0.30000000000000004,24.422509886694044,0.0,nan,False,False,False,FINAL_ERROR
DR_PM_G_CLOSED,0.32,0.66,-15.0,15.0,0.7315225993848504,14.268477400615149,0.9512318267076766,1.000317291637816,nan,0.7315225993848504,0.0,nan,False,False,False,FINAL_ERROR
DR_PM_G_CLOSED,0.32,0.66,-15.0,30.0,19.598539526905633,10.401460473094367,0.34671534910314555,0.4699486840545669,2.0,19.598539526905633,0.0,nan,False,False,True,
DR_PM_G_CLOSED,0.32,0.66,0.0,-30.0,-33.52176104329278,3.521761043292777,0.1173920347764259,0.10166047554814668,0.55,33.52176104329278,0.0,nan,False,False,True,
DR_PM_G_CLOSED,0.32,0.66,0.0,-15.0,-13.189060684255255,-1.8109393157447453,0.12072928771631636,0.28827718390109697,0.8,13.189060684255255,0.0,2.6500000000000004,False,False,True,
DR_PM_G_CLOSED,0.32,0.66,0.0,15.0,13.189060684255255,1.8109393157447453,0.12072928771631636,0.28827718390109697,0.8,13.189060684255255,0.0,2.6500000000000004,False,False,True,
DR_PM_G_CLOSED,0.32,0.66,0.0,30.0,33.52176104329278,-3.521761043292777,0.1173920347764259,0.10166047554814668,0.55,33.52176104329278,0.0,nan,False,False,True,
DR_PM_G_CLOSED,0.32,0.66,15.0,-30.0,-19.598539526905633,-10.401460473094367,0.34671534910314555,0.4699486840545669,2.0,19.598539526905633,0.0,nan,False,False,True,
DR_PM_G_CLOSED,0.32,0.66,15.0,-15.0,-0.7315225993848504,-14.268477400615149,0.9512318267076766,1.000317291637816,nan,0.7315225993848504,0.0,nan,False,False,False,FINAL_ERROR
DR_PM_G_CLOSED,0.32,0.66,15.0,15.0,22.84831510441187,-7.848315104411871,0.5232210069607913,0.4360158918610575,0.30000000000000004,24.422509886694044,0.0,nan,False,False,False,FINAL_ERROR
DR_PM_G_CLOSED,0.32,0.66,15.0,30.0,41.71533278954143,-11.715332789541428,0.39051109298471426,0.26086903229317426,0.35000000000000003,43.450193163860924,0.0,nan,False,False,True,
DR_PM_G_CLOSED,0.63,0.3,-15.0,-30.0,-63.48191757779648,33.48191757779648,1.1160639192598827,1.1268897037675756,0.1,64.18961749711444,0.0,nan,False,False,False,FINAL_ERROR
DR_PM_G_CLOSED,0.63,0.3,-15.0,-15.0,-29.242803326206833,14.242803326206833,0.9495202217471221,1.1047973933197948,0.1,31.959349487099526,0.0,nan,False,False,False,FINAL_ERROR
DR_PM_G_CLOSED,0.63,0.3,-15.0,15.0,10.118736574090477,4.881263425909523,0.3254175617273016,0.326091526851377,0.6000000000000001,10.118736574090477,0.0,nan,False,False,True,
DR_PM_G_CLOSED,0.63,0.3,-15.0,30.0,38.25063078216991,-8.250630782169907,0.2750210260723302,0.42176723018517825,0.15000000000000002,42.70591690266178,0.0,nan,False,False,True,
DR_PM_G_CLOSED,0.63,0.3,0.0,-30.0,-50.86627417998319,20.866274179983193,0.6955424726661065,0.7674948891612918,0.1,53.38774669117456,0.0,nan,False,False,False,FINAL_ERROR
DR_PM_G_CLOSED,0.63,0.3,0.0,-15.0,-19.924383812600457,4.924383812600457,0.3282922541733638,0.4265467503383206,0.15000000000000002,21.443556647442556,0.0,nan,False,False,True,
DR_PM_G_CLOSED,0.63,0.3,0.0,15.0,19.924383812600457,-4.924383812600457,0.3282922541733638,0.4265467503383206,0.15000000000000002,21.443556647442556,0.0,nan,False,False,True,
DR_PM_G_CLOSED,0.63,0.3,0.0,30.0,50.86627417998319,-20.866274179983193,0.6955424726661065,0.7674948891612918,0.1,53.38774669117456,0.0,nan,False,False,False,FINAL_ERROR
DR_PM_G_CLOSED,0.63,0.3,15.0,-30.0,-38.25063078216991,8.250630782169907,0.2750210260723302,0.42176723018517825,0.15000000000000002,42.70591690266178,0.0,nan,False,False,True,
DR_PM_G_CLOSED,0.63,0.3,15.0,-15.0,-10.118736574090477,-4.881263425909523,0.3254175617273016,0.326091526851377,0.6000000000000001,10.118736574090477,0.0,nan,False,False,True,
DR_PM_G_CLOSED,0.63,0.3,15.0,15.0,29.242803326206833,-14.242803326206833,0.9495202217471221,1.1047973933197948,0.1,31.959349487099526,0.0,nan,False,False,False,FINAL_ERROR
DR_PM_G_CLOSED,0.63,0.3,15.0,30.0,63.48191757779648,-33.48191757779648,1.1160639192598827,1.1268897037675756,0.1,64.18961749711444,0.0,nan,False,False,False,FINAL_ERROR
DR_PM_G_CLOSED,0.63,0.5,-15.0,-30.0,-63.48191757760514,33.48191757760514,1.1160639192535047,1.0604546752360826,0.15000000000000002,63.48191757760514,0.0,nan,False,False,False,FINAL_ERROR
DR_PM_G_CLOSED,0.63,0.5,-15.0,-15.0,-29.242803326881837,14.242803326881837,0.9495202217921225,1.053670517871662,0.15000000000000002,31.136970676418116,0.0,nan,False,False,False,FINAL_ERROR
DR_PM_G_CLOSED,0.63,0.5,-15.0,15.0,11.049427957811044,3.9505720421889556,0.2633714694792637,0.3201217296557414,0.8500000000000001,11.049427957811044,0.0,nan,False,False,True,
DR_PM_G_CLOSED,0.63,0.5,-15.0,30.0,38.25063079188258,-8.250630791882578,0.27502102639608594,0.37777031127874755,0.25,42.591753473016546,0.0,nan,False,False,True,
DR_PM_G_CLOSED,0.63,0.5,0.0,-30.0,-50.866274180524385,20.866274180524385,0.6955424726841462,0.7189360320044412,0.2,52.43839525130808,0.0,nan,False,False,False,FINAL_ERROR
DR_PM_G_CLOSED,0.63,0.5,0.0,-15.0,-19.92297462294827,4.922974622948271,0.3281983081965514,0.384595030389476,0.25,21.3649720221797,0.0,nan,False,False,True,
DR_PM_G_CLOSED,0.63,0.5,0.0,15.0,19.92297462294827,-4.922974622948271,0.3281983081965514,0.384595030389476,0.25,21.3649720221797,0.0,nan,False,False,True,
DR_PM_G_CLOSED,0.63,0.5,0.0,30.0,50.866274180524385,-20.866274180524385,0.6955424726841462,0.7189360320044412,0.2,52.43839525130808,0.0,nan,False,False,False,FINAL_ERROR
DR_PM_G_CLOSED,0.63,0.5,15.0,-30.0,-38.25063079188258,8.250630791882578,0.27502102639608594,0.37777031127874755,0.25,42.591753473016546,0.0,nan,False,False,True,
DR_PM_G_CLOSED,0.63,0.5,15.0,-15.0,-11.049427957811044,-3.9505720421889556,0.2633714694792637,0.3201217296557414,0.8500000000000001,11.049427957811044,0.0,nan,False,False,True,
DR_PM_G_CLOSED,0.63,0.5,15.0,15.0,29.242803326881837,-14.242803326881837,0.9495202217921225,1.053670517871662,0.15000000000000002,31.136970676418116,0.0,nan,False,False,False,FINAL_ERROR
DR_PM_G_CLOSED,0.63,0.5,15.0,30.0,63.48191757760514,-33.48191757760514,1.1160639192535047,1.0604546752360826,0.15000000000000002,63.48191757760514,0.0,nan,False,False,False,FINAL_ERROR
DR_PM_G_CLOSED,0.63,0.66,-15.0,-30.0,-63.48191739905565,33.48191739905565,1.1160639133018548,0.9398016358380955,0.2,63.48191739905565,0.0,nan,False,False,False,FINAL_ERROR
DR_PM_G_CLOSED,0.63,0.66,-15.0,-15.0,-29.24280353785353,14.24280353785353,0.9495202358569019,0.9381046378792443,0.2,30.712849530866773,0.0,nan,False,False,False,FINAL_ERROR
DR_PM_G_CLOSED,0.63,0.66,-15.0,15.0,11.66360237357753,3.3363976264224693,0.2224265084281646,0.36286985652571047,1.0,11.66360237357753,0.0,nan,False,False,True,
DR_PM_G_CLOSED,0.63,0.66,-15.0,30.0,38.25063354655203,-8.25063354655203,0.27502111821840103,0.2933880378216962,0.30000000000000004,42.575341872195935,0.0,nan,False,False,True,
DR_PM_G_CLOSED,0.63,0.66,0.0,-30.0,-50.866274335071886,20.866274335071886,0.6955424778357295,0.6161397451942118,0.25,51.91271694042242,0.0,nan,False,False,False,FINAL_ERROR
DR_PM_G_CLOSED,0.63,0.66,0.0,-15.0,-19.947937952082093,4.947937952082093,0.3298625301388062,0.2929480235457648,0.30000000000000004,21.41531523206824,0.0,nan,False,False,True,
DR_PM_G_CLOSED,0.63,0.66,0.0,15.0,19.947937952082093,-4.947937952082093,0.3298625301388062,0.2929480235457648,0.30000000000000004,21.41531523206824,0.0,nan,False,False,True,
DR_PM_G_CLOSED,0.63,0.66,0.0,30.0,50.866274335071886,-20.866274335071886,0.6955424778357295,0.6161397451942118,0.25,51.91271694042242,0.0,nan,False,False,False,FINAL_ERROR
DR_PM_G_CLOSED,0.63,0.66,15.0,-30.0,-38.25063354655203,8.25063354655203,0.27502111821840103,0.2933880378216962,0.30000000000000004,42.575341872195935,0.0,nan,False,False,True,
DR_PM_G_CLOSED,0.63,0.66,15.0,-15.0,-11.66360237357753,-3.3363976264224693,0.2224265084281646,0.36286985652571047,1.0,11.66360237357753,0.0,nan,False,False,True,
DR_PM_G_CLOSED,0.63,0.66,15.0,15.0,29.24280353785353,-14.24280353785353,0.9495202358569019,0.9381046378792443,0.2,30.712849530866773,0.0,nan,False,False,False,FINAL_ERROR
DR_PM_G_CLOSED,0.63,0.66,15.0,30.0,63.48191739905565,-33.48191739905565,1.1160639133018548,0.9398016358380955,0.2,63.48191739905565,0.0,nan,False,False,False,FINAL_ERROR
DR_PM_G_CLOSED,1.0,0.3,-15.0,-30.0,-85.38461538461536,55.38461538461536,1.8461538461538454,1.8381044183021966,0.05,85.38461538461536,0.0,nan,False,False,False,FINAL_ERROR
DR_PM_G_CLOSED,1.0,0.3,-15.0,-15.0,-35.67728101936498,20.677281019364983,1.3784854012909988,1.4625260582652382,0.1,38.91307502748245,0.0,nan,False,False,False,FINAL_ERROR
DR_PM_G_CLOSED,1.0,0.3,-15.0,15.0,19.869958273081217,-4.869958273081217,0.32466388487208114,0.3307848015903744,0.15000000000000002,20.215833182818738,0.0,nan,False,False,True,
DR_PM_G_CLOSED,1.0,0.3,-15.0,30.0,62.30769230769232,-32.30769230769232,1.0769230769230773,1.0963998115250981,0.1,64.3963411485697,0.0,nan,False,False,False,FINAL_ERROR
DR_PM_G_CLOSED,1.0,0.3,0.0,-30.0,-73.84615384615387,43.84615384615387,1.4615384615384623,1.4630669519183261,0.1,74.0995253164019,0.0,nan,False,False,False,FINAL_ERROR
DR_PM_G_CLOSED,1.0,0.3,0.0,-15.0,-24.138819480903436,9.138819480903436,0.6092546320602291,0.8893138807872684,0.1,29.362586551253763,0.0,nan,False,False,False,FINAL_ERROR
DR_PM_G_CLOSED,1.0,0.3,0.0,15.0,24.138819480903436,-9.138819480903436,0.6092546320602291,0.8893138807872684,0.1,29.362586551253763,0.0,nan,False,False,False,FINAL_ERROR
DR_PM_G_CLOSED,1.0,0.3,0.0,30.0,73.84615384615387,-43.84615384615387,1.4615384615384623,1.4630669519183261,0.1,74.0995253164019,0.0,nan,False,False,False,FINAL_ERROR
DR_PM_G_CLOSED,1.0,0.3,15.0,-30.0,-62.30769230769232,32.30769230769232,1.0769230769230773,1.0963998115250981,0.1,64.3963411485697,0.0,nan,False,False,False,FINAL_ERROR
DR_PM_G_CLOSED,1.0,0.3,15.0,-15.0,-19.869958273081217,4.869958273081217,0.32466388487208114,0.3307848015903744,0.15000000000000002,20.215833182818738,0.0,nan,False,False,True,
DR_PM_G_CLOSED,1.0,0.3,15.0,15.0,35.67728101936498,-20.677281019364983,1.3784854012909988,1.4625260582652382,0.1,38.91307502748245,0.0,nan,False,False,False,FINAL_ERROR
DR_PM_G_CLOSED,1.0,0.3,15.0,30.0,85.38461538461536,-55.38461538461536,1.8461538461538454,1.8381044183021966,0.05,85.38461538461536,0.0,nan,False,False,False,FINAL_ERROR
DR_PM_G_CLOSED,1.0,0.5,-15.0,-30.0,-85.38461538457216,55.38461538457216,1.8461538461524052,1.7351566651972226,0.1,85.38461538457216,0.0,nan,False,False,False,FINAL_ERROR
DR_PM_G_CLOSED,1.0,0.5,-15.0,-15.0,-35.67728101939163,20.67728101939163,1.3784854012927752,1.4935780556797211,0.1,37.40658900884568,0.0,nan,False,False,False,FINAL_ERROR
DR_PM_G_CLOSED,1.0,0.5,-15.0,15.0,19.932177138603777,-4.932177138603777,0.3288118092402518,0.34296377217718355,0.25,20.34852265177942,0.0,nan,False,False,True,
DR_PM_G_CLOSED,1.0,0.5,-15.0,30.0,62.30769230769571,-32.30769230769571,1.0769230769231903,1.0850824301927955,0.15000000000000002,62.552472905783866,0.0,nan,False,False,False,FINAL_ERROR
DR_PM_G_CLOSED,1.0,0.5,0.0,-30.0,-73.84615384612842,43.846153846128416,1.461538461537614,1.3963014594740746,0.1,73.84615384612842,0.0,nan,False,False,False,FINAL_ERROR
DR_PM_G_CLOSED,1.0,0.5,0.0,-15.0,-24.13881948112009,9.138819481120091,0.6092546320746728,0.9010025573796147,0.15000000000000002,28.535119942802943,0.0,nan,False,False,False,FINAL_ERROR
DR_PM_G_CLOSED,1.0,0.5,0.0,15.0,24.13881948112009,-9.138819481120091,0.6092546320746728,0.9010025573796147,0.15000000000000002,28.535119942802943,0.0,nan,False,False,False,FINAL_ERROR
DR_PM_G_CLOSED,1.0,0.5,0.0,30.0,73.84615384612842,-43.846153846128416,1.461538461537614,1.3963014594740746,0.1,73.84615384612842,0.0,nan,False,False,False,FINAL_ERROR
DR_PM_G_CLOSED,1.0,0.5,15.0,-30.0,-62.30769230769571,32.30769230769571,1.0769230769231903,1.0850824301927955,0.15000000000000002,62.552472905783866,0.0,nan,False,False,False,FINAL_ERROR
DR_PM_G_CLOSED,1.0,0.5,15.0,-15.0,-19.932177138603777,4.932177138603777,0.3288118092402518,0.34296377217718355,0.25,20.34852265177942,0.0,nan,False,False,True,
DR_PM_G_CLOSED,1.0,0.5,15.0,15.0,35.67728101939163,-20.67728101939163,1.3784854012927752,1.4935780556797211,0.1,37.40658900884568,0.0,nan,False,False,False,FINAL_ERROR
DR_PM_G_CLOSED,1.0,0.5,15.0,30.0,85.38461538457216,-55.38461538457216,1.8461538461524052,1.7351566651972226,0.1,85.38461538457216,0.0,nan,False,False,False,FINAL_ERROR
DR_PM_G_CLOSED,1.0,0.66,-15.0,-30.0,-85.38461532497837,55.38461532497837,1.8461538441659457,1.593078876998404,0.15000000000000002,85.38461532497837,0.0,nan,False,False,False,FINAL_ERROR
DR_PM_G_CLOSED,1.0,0.66,-15.0,-15.0,-35.6772810311806,20.6772810311806,1.3784854020787065,1.4042831513088943,0.15000000000000002,36.5699141276688,0.0,nan,False,False,False,FINAL_ERROR
DR_PM_G_CLOSED,1.0,0.66,-15.0,15.0,19.899410270774748,-4.899410270774748,0.3266273513849832,0.258827037880297,0.30000000000000004,20.51995234410921,0.0,nan,False,False,True,
DR_PM_G_CLOSED,1.0,0.66,-15.0,30.0,62.30769229722793,-32.30769229722793,1.0769230765742643,1.0075962897767758,0.15000000000000002,62.30769229722793,0.0,nan,False,False,False,FINAL_ERROR
DR_PM_G_CLOSED,1.0,0.66,0.0,-30.0,-73.8461538070932,43.8461538070932,1.46153846023644,1.2957811845213016,0.15000000000000002,73.8461538070932,0.0,nan,False,False,False,FINAL_ERROR
DR_PM_G_CLOSED,1.0,0.66,0.0,-15.0,-24.138819613991043,9.138819613991043,0.6092546409327362,0.8333211691468994,0.2,28.209980547539697,0.0,nan,False,False,False,FINAL_ERROR
DR_PM_G_CLOSED,1.0,0.66,0.0,15.0,24.138819613991043,-9.138819613991043,0.6092546409327362,0.8333211691468994,0.2,28.209980547539697,0.0,nan,False,False,False,FINAL_ERROR
DR_PM_G_CLOSED,1.0,0.66,0.0,30.0,73.8461538070932,-43.8461538070932,1.46153846023644,1.2957811845213016,0.15000000000000002,73.8461538070932,0.0,nan,False,False,False,FINAL_ERROR
DR_PM_G_CLOSED,1.0,0.66,15.0,-30.0,-62.30769229722793,32.30769229722793,1.0769230765742643,1.0075962897767758,0.15000000000000002,62.30769229722793,0.0,nan,False,False,False,FINAL_ERROR
DR_PM_G_CLOSED,1.0,0.66,15.0,-15.0,-19.899410270774748,4.899410270774748,0.3266273513849832,0.258827037880297,0.30000000000000004,20.51995234410921,0.0,nan,False,False,True,
DR_PM_G_CLOSED,1.0,0.66,15.0,15.0,35.6772810311806,-20.6772810311806,1.3784854020787065,1.4042831513088943,0.15000000000000002,36.5699141276688,0.0,nan,False,False,False,FINAL_ERROR
DR_PM_G_CLOSED,1.0,0.66,15.0,30.0,85.38461532497837,-55.38461532497837,1.8461538441659457,1.593078876998404,0.15000000000000002,85.38461532497837,0.0,nan,False,False,False,FINAL_ERROR
