mode,K,tau,disturbance_dps,command_dps,l1_yaw_rate_cmd_dps,l1_yaw_rate_limit_dps,ctrl_in_yaw_rate_limit_dps,ctrl_out_yaw_rate_limit_dps,limit_transferred,delta_ff_deg,expected_delta_ff_deg,ff_uses_mode_limit,ff_scale,final_yaw_rate_dps,final_error_dps,final_error_abs_limit_dps,final_error_ratio,max_abs_yaw_rate_dps,saturation_ratio,response_time_63_s,settling_time_s,diverged,opposite_sign,pass,fail_reason
GPS_TRACKING_CLOSED,0.32,0.3,-15.0,-30.0,-29.999999999999996,59.99999999999999,59.99999999999999,59.99999999999999,True,-59.800775541957435,-59.80077554195746,True,1.0,-34.975793773066044,4.975793773066044,60.0,0.1658597924355348,35.21011250767514,0.0,0.2,nan,False,False,True,
GPS_TRACKING_CLOSED,0.32,0.3,-15.0,-15.0,-14.999999999999986,59.99999999999999,59.99999999999999,59.99999999999999,True,-24.374999999999975,-24.375000000000004,True,1.0,-19.935956224188146,4.935956224188146,30.0,0.32906374827920976,21.640254983346182,0.0,0.15000000000000002,nan,False,False,True,
GPS_TRACKING_CLOSED,0.32,0.3,-15.0,15.0,14.999999999999986,59.99999999999999,59.99999999999999,59.99999999999999,True,24.374999999999975,24.375000000000004,True,1.0,0.36935704514363,14.63064295485637,30.0,0.9753761969904247,2.0568006404134067,0.0,nan,nan,False,False,True,
GPS_TRACKING_CLOSED,0.32,0.3,-15.0,30.0,29.999999999999996,59.99999999999999,59.99999999999999,59.99999999999999,True,59.800775541957435,59.80077554195746,True,1.0,12.236874293285208,17.763125706714792,60.0,0.5921041902238264,12.236874293285208,0.0,nan,nan,False,False,True,
GPS_TRACKING_CLOSED,0.32,0.3,0.0,-30.0,-29.999999999999996,59.99999999999999,59.99999999999999,59.99999999999999,True,-59.800775541957435,-59.80077554195746,True,1.0,-25.00053572886791,-4.999464271132091,60.0,0.16664880903773635,25.01199197808942,0.0,0.45,nan,False,False,True,
GPS_TRACKING_CLOSED,0.32,0.3,0.0,-15.0,-14.999999999999986,59.99999999999999,59.99999999999999,59.99999999999999,True,-24.374999999999975,-24.375000000000004,True,1.0,-10.158889276811781,-4.841110723188219,30.0,0.32274071487921463,10.158889276811781,0.0,0.6000000000000001,nan,False,False,True,
GPS_TRACKING_CLOSED,0.32,0.3,0.0,15.0,14.999999999999986,59.99999999999999,59.99999999999999,59.99999999999999,True,24.374999999999975,24.375000000000004,True,1.0,10.158889276811781,4.841110723188219,30.0,0.32274071487921463,10.158889276811781,0.0,0.6000000000000001,nan,False,False,True,
GPS_TRACKING_CLOSED,0.32,0.3,0.0,30.0,29.999999999999996,59.99999999999999,59.99999999999999,59.99999999999999,True,59.800775541957435,59.80077554195746,True,1.0,25.00053572886791,4.999464271132091,60.0,0.16664880903773635,25.01199197808942,0.0,0.45,nan,False,False,True,
GPS_TRACKING_CLOSED,0.32,0.3,15.0,-30.0,-29.999999999999996,59.99999999999999,59.99999999999999,59.99999999999999,True,-59.800775541957435,-59.80077554195746,True,1.0,-12.236874293285208,-17.763125706714792,60.0,0.5921041902238264,12.236874293285208,0.0,nan,nan,False,False,True,
GPS_TRACKING_CLOSED,0.32,0.3,15.0,-15.0,-14.999999999999986,59.99999999999999,59.99999999999999,59.99999999999999,True,-24.374999999999975,-24.375000000000004,True,1.0,-0.36935704514363,-14.63064295485637,30.0,0.9753761969904247,2.0568006404134067,0.0,nan,nan,False,False,True,
GPS_TRACKING_CLOSED,0.32,0.3,15.0,15.0,14.999999999999986,59.99999999999999,59.99999999999999,59.99999999999999,True,24.374999999999975,24.375000000000004,True,1.0,19.935956224188146,-4.935956224188146,30.0,0.32906374827920976,21.640254983346182,0.0,0.15000000000000002,nan,False,False,True,
GPS_TRACKING_CLOSED,0.32,0.3,15.0,30.0,29.999999999999996,59.99999999999999,59.99999999999999,59.99999999999999,True,59.800775541957435,59.80077554195746,True,1.0,34.975793773066044,-4.975793773066044,60.0,0.1658597924355348,35.21011250767514,0.0,0.2,nan,False,False,True,
GPS_TRACKING_CLOSED,0.32,0.5,-15.0,-30.0,-29.999999999999996,59.99999999999999,59.99999999999999,59.99999999999999,True,-59.800775541957435,-59.80077554195746,True,1.0,-34.93121979586379,4.93121979586379,60.0,0.16437399319545964,35.64461598196423,0.0,0.35000000000000003,nan,False,False,True,
GPS_TRACKING_CLOSED,0.32,0.5,-15.0,-15.0,-14.999999999999986,59.99999999999999,59.99999999999999,59.99999999999999,True,-24.374999999999975,-24.375000000000004,True,1.0,-19.926025152495274,4.926025152495274,30.0,0.3284016768330183,21.542809786457912,0.0,0.25,nan,False,False,True,
GPS_TRACKING_CLOSED,0.32,0.5,-15.0,15.0,14.999999999999986,59.99999999999999,59.99999999999999,59.99999999999999,True,24.374999999999975,24.375000000000004,True,1.0,0.36935704498102784,14.630642955018972,30.0,0.9753761970012648,1.6342335612276466,0.0,nan,nan,False,False,True,
GPS_TRACKING_CLOSED,0.32,0.5,-15.0,30.0,29.999999999999996,59.99999999999999,59.99999999999999,59.99999999999999,True,59.800775541957435,59.80077554195746,True,1.0,12.236874293039962,17.76312570696004,60.0,0.5921041902320013,12.236874293039962,0.0,nan,nan,False,False,True,
GPS_TRACKING_CLOSED,0.32,0.5,0.0,-30.0,-29.999999999999996,59.99999999999999,59.99999999999999,59.99999999999999,True,-59.800775541957435,-59.80077554195746,True,1.0,-24.989616437330454,-5.010383562669546,60.0,0.16701278542231818,25.005507936887632,0.0,0.65,nan,False,False,True,
GPS_TRACKING_CLOSED,0.32,0.5,0.0,-15.0,-14.999999999999986,59.99999999999999,59.99999999999999,59.99999999999999,True,-24.374999999999975,-24.375000000000004,True,1.0,-11.007128020534982,-3.9928719794650185,30.0,0.2661914652976679,11.007128020534982,0.0,0.8500000000000001,nan,False,False,True,
GPS_TRACKING_CLOSED,0.32,0.5,0.0,15.0,14.999999999999986,59.99999999999999,59.99999999999999,59.99999999999999,True,24.374999999999975,24.375000000000004,True,1.0,11.007128020534982,3.9928719794650185,30.0,0.2661914652976679,11.007128020534982,0.0,0.8500000000000001,nan,False,False,True,
GPS_TRACKING_CLOSED,0.32,0.5,0.0,30.0,29.999999999999996,59.99999999999999,59.99999999999999,59.99999999999999,True,59.800775541957435,59.80077554195746,True,1.0,24.989616437330454,5.010383562669546,60.0,0.16701278542231818,25.005507936887632,0.0,0.65,nan,False,False,True,
GPS_TRACKING_CLOSED,0.32,0.5,15.0,-30.0,-29.999999999999996,59.99999999999999,59.99999999999999,59.99999999999999,True,-59.800775541957435,-59.80077554195746,True,1.0,-12.236874293039962,-17.76312570696004,60.0,0.5921041902320013,12.236874293039962,0.0,nan,nan,False,False,True,
GPS_TRACKING_CLOSED,0.32,0.5,15.0,-15.0,-14.999999999999986,59.99999999999999,59.99999999999999,59.99999999999999,True,-24.374999999999975,-24.375000000000004,True,1.0,-0.36935704498102784,-14.630642955018972,30.0,0.9753761970012648,1.6342335612276466,0.0,nan,nan,False,False,True,
GPS_TRACKING_CLOSED,0.32,0.5,15.0,15.0,14.999999999999986,59.99999999999999,59.99999999999999,59.99999999999999,True,24.374999999999975,24.375000000000004,True,1.0,19.926025152495274,-4.926025152495274,30.0,0.3284016768330183,21.542809786457912,0.0,0.25,nan,False,False,True,
GPS_TRACKING_CLOSED,0.32,0.5,15.0,30.0,29.999999999999996,59.99999999999999,59.99999999999999,59.99999999999999,True,59.800775541957435,59.80077554195746,True,1.0,34.93121979586379,-4.93121979586379,60.0,0.16437399319545964,35.64461598196423,0.0,0.35000000000000003,nan,False,False,True,
GPS_TRACKING_CLOSED,0.32,0.66,-15.0,-30.0,-29.999999999999996,59.99999999999999,59.99999999999999,59.99999999999999,True,-59.800775541957435,-59.80077554195746,True,1.0,-34.94899298984748,4.948992989847483,60.0,0.1649664329949161,35.961402716067845,0.0,0.45,nan,False,False,True,
GPS_TRACKING_CLOSED,0.32,0.66,-15.0,-15.0,-14.999999999999986,59.99999999999999,59.99999999999999,59.99999999999999,True,-24.374999999999975,-24.375000000000004,True,1.0,-19.86053086893178,4.860530868931779,30.0,0.3240353912621186,21.570042028007553,0.0,0.30000000000000004,nan,False,False,True,
GPS_TRACKING_CLOSED,0.32,0.66,-15.0,15.0,14.999999999999986,59.99999999999999,59.99999999999999,59.99999999999999,True,24.374999999999975,24.375000000000004,True,1.0,0.36935698982055837,14.630643010179442,30.0,0.9753762006786295,1.4124994904808559,0.0,nan,nan,False,False,True,
GPS_TRACKING_CLOSED,0.32,0.66,-15.0,30.0,29.999999999999996,59.99999999999999,59.99999999999999,59.99999999999999,True,59.800775541957435,59.80077554195746,True,1.0,12.236874167631692,17.76312583236831,60.0,0.592104194412277,12.236874167631692,0.0,nan,nan,False,False,True,
GPS_TRACKING_CLOSED,0.32,0.66,0.0,-30.0,-29.999999999999996,59.99999999999999,59.99999999999999,59.99999999999999,True,-59.800775541957435,-59.80077554195746,True,1.0,-24.988824655309976,-5.011175344690024,60.0,0.16703917815633412,25.004907476375095,0.0,0.8500000000000001,nan,False,False,True,
GPS_TRACKING_CLOSED,0.32,0.66,0.0,-15.0,-14.999999999999986,59.99999999999999,59.99999999999999,59.99999999999999,True,-24.374999999999975,-24.375000000000004,True,1.0,-11.568636950973508,-3.4313630490264924,30.0,0.22875753660176615,11.568636950973508,0.0,1.05,nan,False,False,True,
GPS_TRACKING_CLOSED,0.32,0.66,0.0,15.0,14.999999999999986,59.99999999999999,59.99999999999999,59.99999999999999,True,24.374999999999975,24.375000000000004,True,1.0,11.568636950973508,3.4313630490264924,30.0,0.22875753660176615,11.568636950973508,0.0,1.05,nan,False,False,True,
GPS_TRACKING_CLOSED,0.32,0.66,0.0,30.0,29.999999999999996,59.99999999999999,59.99999999999999,59.99999999999999,True,59.800775541957435,59.80077554195746,True,1.0,24.988824655309976,5.011175344690024,60.0,0.16703917815633412,25.004907476375095,0.0,0.8500000000000001,nan,False,False,True,
GPS_TRACKING_CLOSED,0.32,0.66,15.0,-30.0,-29.999999999999996,59.99999999999999,59.99999999999999,59.99999999999999,True,-59.800775541957435,-59.80077554195746,True,1.0,-12.236874167631692,-17.76312583236831,60.0,0.592104194412277,12.236874167631692,0.0,nan,nan,False,False,True,
GPS_TRACKING_CLOSED,0.32,0.66,15.0,-15.0,-14.999999999999986,59.99999999999999,59.99999999999999,59.99999999999999,True,-24.374999999999975,-24.375000000000004,True,1.0,-0.36935698982055837,-14.630643010179442,30.0,0.9753762006786295,1.4124994904808559,0.0,nan,nan,False,False,True,
GPS_TRACKING_CLOSED,0.32,0.66,15.0,15.0,14.999999999999986,59.99999999999999,59.99999999999999,59.99999999999999,True,24.374999999999975,24.375000000000004,True,1.0,19.86053086893178,-4.860530868931779,30.0,0.3240353912621186,21.570042028007553,0.0,0.30000000000000004,nan,False,False,True,
GPS_TRACKING_CLOSED,0.32,0.66,15.0,30.0,29.999999999999996,59.99999999999999,59.99999999999999,59.99999999999999,True,59.800775541957435,59.80077554195746,True,1.0,34.94899298984748,-4.948992989847483,60.0,0.1649664329949161,35.961402716067845,0.0,0.45,nan,False,False,True,
GPS_TRACKING_CLOSED,0.63,0.3,-15.0,-30.0,-29.999999999999996,59.99999999999999,59.99999999999999,59.99999999999999,True,-59.800775541957435,-59.80077554195746,True,1.0,-39.48908358305211,9.489083583052107,60.0,0.3163027861017369,46.09552013073279,0.0,0.1,nan,False,False,True,
GPS_TRACKING_CLOSED,0.63,0.3,-15.0,-15.0,-14.999999999999986,59.99999999999999,59.99999999999999,59.99999999999999,True,-24.374999999999975,-24.375000000000004,True,1.0,-19.96405389168522,4.9640538916852215,30.0,0.3309369261123481,25.593873186986812,0.0,0.1,nan,False,False,True,
GPS_TRACKING_CLOSED,0.63,0.3,-15.0,15.0,14.999999999999986,59.99999999999999,59.99999999999999,59.99999999999999,True,24.374999999999975,24.375000000000004,True,1.0,10.046146095037955,4.953853904962045,30.0,0.33025692699746967,10.281727094599656,0.0,1.3,nan,False,False,True,
GPS_TRACKING_CLOSED,0.63,0.3,-15.0,30.0,29.999999999999996,59.99999999999999,59.99999999999999,59.99999999999999,True,59.800775541957435,59.80077554195746,True,1.0,28.17036133952425,1.8296386604757515,60.0,0.06098795534919172,28.17036133952425,0.0,0.25,0.75,False,False,True,
GPS_TRACKING_CLOSED,0.63,0.3,0.0,-30.0,-29.999999999999996,59.99999999999999,59.99999999999999,59.99999999999999,True,-59.800775541957435,-59.80077554195746,True,1.0,-34.991871824766896,4.991871824766896,60.0,0.1663957274922299,37.41362770151186,0.0,0.15000000000000002,nan,False,False,True,
GPS_TRACKING_CLOSED,0.63,0.3,0.0,-15.0,-14.999999999999986,59.99999999999999,59.99999999999999,59.99999999999999,True,-24.374999999999975,-24.375000000000004,True,1.0,-17.23943190314072,2.2394319031407193,30.0,0.14929546020938128,17.23943190314072,0.0,0.2,nan,False,False,True,
GPS_TRACKING_CLOSED,0.63,0.3,0.0,15.0,14.999999999999986,59.99999999999999,59.99999999999999,59.99999999999999,True,24.374999999999975,24.375000000000004,True,1.0,17.23943190314072,-2.2394319031407193,30.0,0.14929546020938128,17.23943190314072,0.0,0.2,nan,False,False,True,
GPS_TRACKING_CLOSED,0.63,0.3,0.0,30.0,29.999999999999996,59.99999999999999,59.99999999999999,59.99999999999999,True,59.800775541957435,59.80077554195746,True,1.0,34.991871824766896,-4.991871824766896,60.0,0.1663957274922299,37.41362770151186,0.0,0.15000000000000002,nan,False,False,True,
GPS_TRACKING_CLOSED,0.63,0.3,15.0,-30.0,-29.999999999999996,59.99999999999999,59.99999999999999,59.99999999999999,True,-59.800775541957435,-59.80077554195746,True,1.0,-28.17036133952425,-1.8296386604757515,60.0,0.06098795534919172,28.17036133952425,0.0,0.25,0.75,False,False,True,
GPS_TRACKING_CLOSED,0.63,0.3,15.0,-15.0,-14.999999999999986,59.99999999999999,59.99999999999999,59.99999999999999,True,-24.374999999999975,-24.375000000000004,True,1.0,-10.046146095037955,-4.953853904962045,30.0,0.33025692699746967,10.281727094599656,0.0,1.3,nan,False,False,True,
GPS_TRACKING_CLOSED,0.63,0.3,15.0,15.0,14.999999999999986,59.99999999999999,59.99999999999999,59.99999999999999,True,24.374999999999975,24.375000000000004,True,1.0,19.96405389168522,-4.9640538916852215,30.0,0.3309369261123481,25.593873186986812,0.0,0.1,nan,False,False,True,
GPS_TRACKING_CLOSED,0.63,0.3,15.0,30.0,29.999999999999996,59.99999999999999,59.99999999999999,59.99999999999999,True,59.800775541957435,59.80077554195746,True,1.0,39.48908358305211,-9.489083583052107,60.0,0.3163027861017369,46.09552013073279,0.0,0.1,nan,False,False,True,
GPS_TRACKING_CLOSED,0.63,0.5,-15.0,-30.0,-29.999999999999996,59.99999999999999,59.99999999999999,59.99999999999999,True,-59.800775541957435,-59.80077554195746,True,1.0,-39.48908358328595,9.489083583285947,60.0,0.31630278610953155,45.71647520688751,0.0,0.2,nan,False,False,True,
GPS_TRACKING_CLOSED,0.63,0.5,-15.0,-15.0,-14.999999999999986,59.99999999999999,59.99999999999999,59.99999999999999,True,-24.374999999999975,-24.375000000000004,True,1.0,-19.979149402730716,4.979149402730716,30.0,0.33194329351538104,25.180971372537936,0.0,0.15000000000000002,nan,False,False,True,
GPS_TRACKING_CLOSED,0.63,0.5,-15.0,15.0,14.999999999999986,59.99999999999999,59.99999999999999,59.99999999999999,True,24.374999999999975,24.375000000000004,True,1.0,10.04585807577575,4.954141924224251,30.0,0.33027612828161673,10.171505022470214,0.0,1.35,nan,False,False,True,
GPS_TRACKING_CLOSED,0.63,0.5,-15.0,30.0,29.999999999999996,59.99999999999999,59.99999999999999,59.99999999999999,True,59.800775541957435,59.80077554195746,True,1.0,30.622419787691594,-0.6224197876915945,60.0,0.02074732625638648,30.622419787691594,0.0,0.4,0.9,False,False,True,
GPS_TRACKING_CLOSED,0.63,0.5,0.0,-30.0,-29.999999999999996,59.99999999999999,59.99999999999999,59.99999999999999,True,-59.800775541957435,-59.80077554195746,True,1.0,-34.846963790378965,4.846963790378965,60.0,0.16156545967929883,37.8168221787914,0.0,0.25,nan,False,False,True,
GPS_TRACKING_CLOSED,0.63,0.5,0.0,-15.0,-14.999999999999986,59.99999999999999,59.99999999999999,59.99999999999999,True,-24.374999999999975,-24.375000000000004,True,1.0,-18.11925066603479,3.119250666034791,30.0,0.2079500444023194,18.11925066603479,0.0,0.30000000000000004,nan,False,False,True,
GPS_TRACKING_CLOSED,0.63,0.5,0.0,15.0,14.999999999999986,59.99999999999999,59.99999999999999,59.99999999999999,True,24.374999999999975,24.375000000000004,True,1.0,18.11925066603479,-3.119250666034791,30.0,0.2079500444023194,18.11925066603479,0.0,0.30000000000000004,nan,False,False,True,
GPS_TRACKING_CLOSED,0.63,0.5,0.0,30.0,29.999999999999996,59.99999999999999,59.99999999999999,59.99999999999999,True,59.800775541957435,59.80077554195746,True,1.0,34.846963790378965,-4.846963790378965,60.0,0.16156545967929883,37.8168221787914,0.0,0.25,nan,False,False,True,
GPS_TRACKING_CLOSED,0.63,0.5,15.0,-30.0,-29.999999999999996,59.99999999999999,59.99999999999999,59.99999999999999,True,-59.800775541957435,-59.80077554195746,True,1.0,-30.622419787691594,0.6224197876915945,60.0,0.02074732625638648,30.622419787691594,0.0,0.4,0.9,False,False,True,
GPS_TRACKING_CLOSED,0.63,0.5,15.0,-15.0,-14.999999999999986,59.99999999999999,59.99999999999999,59.99999999999999,True,-24.374999999999975,-24.375000000000004,True,1.0,-10.04585807577575,-4.954141924224251,30.0,0.33027612828161673,10.171505022470214,0.0,1.35,nan,False,False,True,
GPS_TRACKING_CLOSED,0.63,0.5,15.0,15.0,14.999999999999986,59.99999999999999,59.99999999999999,59.99999999999999,True,24.374999999999975,24.375000000000004,True,1.0,19.979149402730716,-4.979149402730716,30.0,0.33194329351538104,25.180971372537936,0.0,0.15000000000000002,nan,False,False,True,
GPS_TRACKING_CLOSED,0.63,0.5,15.0,30.0,29.999999999999996,59.99999999999999,59.99999999999999,59.99999999999999,True,59.800775541957435,59.80077554195746,True,1.0,39.48908358328595,-9.489083583285947,60.0,0.31630278610953155,45.71647520688751,0.0,0.2,nan,False,False,True,
GPS_TRACKING_CLOSED,0.63,0.66,-15.0,-30.0,-29.999999999999996,59.99999999999999,59.99999999999999,59.99999999999999,True,-59.800775541957435,-59.80077554195746,True,1.0,-39.48908376139808,9.489083761398078,60.0,0.3163027920466026,45.615998935854925,0.0,0.25,nan,False,False,True,
GPS_TRACKING_CLOSED,0.63,0.66,-15.0,-15.0,-14.999999999999986,59.99999999999999,59.99999999999999,59.99999999999999,True,-24.374999999999975,-24.375000000000004,True,1.0,-20.0239753916875,5.0239753916875,30.0,0.3349316927791667,24.983902365388577,0.0,0.2,nan,False,False,True,
GPS_TRACKING_CLOSED,0.63,0.66,-15.0,15.0,14.999999999999986,59.99999999999999,59.99999999999999,59.99999999999999,True,24.374999999999975,24.375000000000004,True,1.0,10.373249561657094,4.626750438342906,30.0,0.3084500292228604,10.373249561657094,0.0,1.4500000000000002,nan,False,False,True,
GPS_TRACKING_CLOSED,0.63,0.66,-15.0,30.0,29.999999999999996,59.99999999999999,59.99999999999999,59.99999999999999,True,59.800775541957435,59.80077554195746,True,1.0,32.30761694428748,-2.3076169442874814,60.0,0.07692056480958272,32.30761694428748,0.0,0.5,1.05,False,False,True,
GPS_TRACKING_CLOSED,0.63,0.66,0.0,-30.0,-29.999999999999996,59.99999999999999,59.99999999999999,59.99999999999999,True,-59.800775541957435,-59.80077554195746,True,1.0,-34.84326485554638,4.84326485554638,60.0,0.161442161851546,38.170004051633576,0.0,0.35000000000000003,nan,False,False,True,
GPS_TRACKING_CLOSED,0.63,0.66,0.0,-15.0,-14.999999999999986,59.99999999999999,59.99999999999999,59.99999999999999,True,-24.374999999999975,-24.375000000000004,True,1.0,-18.74615178311935,3.7461517831193483,30.0,0.24974345220795655,18.74615178311935,0.0,0.4,nan,False,False,True,
GPS_TRACKING_CLOSED,0.63,0.66,0.0,15.0,14.999999999999986,59.99999999999999,59.99999999999999,59.99999999999999,True,24.374999999999975,24.375000000000004,True,1.0,18.74615178311935,-3.7461517831193483,30.0,0.24974345220795655,18.74615178311935,0.0,0.4,nan,False,False,True,
GPS_TRACKING_CLOSED,0.63,0.66,0.0,30.0,29.999999999999996,59.99999999999999,59.99999999999999,59.99999999999999,True,59.800775541957435,59.80077554195746,True,1.0,34.84326485554638,-4.84326485554638,60.0,0.161442161851546,38.170004051633576,0.0,0.35000000000000003,nan,False,False,True,
GPS_TRACKING_CLOSED,0.63,0.66,15.0,-30.0,-29.999999999999996,59.99999999999999,59.99999999999999,59.99999999999999,True,-59.800775541957435,-59.80077554195746,True,1.0,-32.30761694428748,2.3076169442874814,60.0,0.07692056480958272,32.30761694428748,0.0,0.5,1.05,False,False,True,
GPS_TRACKING_CLOSED,0.63,0.66,15.0,-15.0,-14.999999999999986,59.99999999999999,59.99999999999999,59.99999999999999,True,-24.374999999999975,-24.375000000000004,True,1.0,-10.373249561657094,-4.626750438342906,30.0,0.3084500292228604,10.373249561657094,0.0,1.4500000000000002,nan,False,False,True,
GPS_TRACKING_CLOSED,0.63,0.66,15.0,15.0,14.999999999999986,59.99999999999999,59.99999999999999,59.99999999999999,True,24.374999999999975,24.375000000000004,True,1.0,20.0239753916875,-5.0239753916875,30.0,0.3349316927791667,24.983902365388577,0.0,0.2,nan,False,False,True,
GPS_TRACKING_CLOSED,0.63,0.66,15.0,30.0,29.999999999999996,59.99999999999999,59.99999999999999,59.99999999999999,True,59.800775541957435,59.80077554195746,True,1.0,39.48908376139808,-9.489083761398078,60.0,0.3163027920466026,45.615998935854925,0.0,0.25,nan,False,False,True,
GPS_TRACKING_CLOSED,1.0,0.3,-15.0,-30.0,-29.999999999999996,59.99999999999999,59.99999999999999,59.99999999999999,True,-59.800775541957435,-59.80077554195746,True,1.0,-48.88939577905715,18.889395779057153,60.0,0.6296465259685717,56.11195590609052,0.0,0.1,nan,False,False,True,
GPS_TRACKING_CLOSED,1.0,0.3,-15.0,-15.0,-14.999999999999986,59.99999999999999,59.99999999999999,59.99999999999999,True,-24.374999999999975,-24.375000000000004,True,1.0,-20.539215686274495,5.5392156862744955,30.0,0.369281045751633,29.22937284410022,0.0,0.1,nan,False,False,True,
GPS_TRACKING_CLOSED,1.0,0.3,-15.0,15.0,14.999999999999986,59.99999999999999,59.99999999999999,59.99999999999999,True,24.374999999999975,24.375000000000004,True,1.0,12.805124122965097,2.194875877034903,30.0,0.14632505846899355,12.805124122965097,0.0,0.25,nan,False,False,True,
GPS_TRACKING_CLOSED,1.0,0.3,-15.0,30.0,29.999999999999996,59.99999999999999,59.99999999999999,59.99999999999999,True,59.800775541957435,59.80077554195746,True,1.0,34.855544426325466,-4.855544426325466,60.0,0.16185148087751552,40.74239346326243,0.0,0.15000000000000002,nan,False,False,True,
GPS_TRACKING_CLOSED,1.0,0.3,0.0,-30.0,-29.999999999999996,59.99999999999999,59.99999999999999,59.99999999999999,True,-59.800775541957435,-59.80077554195746,True,1.0,-39.08547421042971,9.085474210429709,60.0,0.302849140347657,48.352117566781615,0.0,0.1,nan,False,False,True,
GPS_TRACKING_CLOSED,1.0,0.3,0.0,-15.0,-14.999999999999986,59.99999999999999,59.99999999999999,59.99999999999999,True,-24.374999999999975,-24.375000000000004,True,1.0,-19.789814161833416,4.789814161833416,30.0,0.3193209441222277,21.54076726511449,0.0,0.1,nan,False,False,True,
GPS_TRACKING_CLOSED,1.0,0.3,0.0,15.0,14.999999999999986,59.99999999999999,59.99999999999999,59.99999999999999,True,24.374999999999975,24.375000000000004,True,1.0,19.789814161833416,-4.789814161833416,30.0,0.3193209441222277,21.54076726511449,0.0,0.1,nan,False,False,True,
GPS_TRACKING_CLOSED,1.0,0.3,0.0,30.0,29.999999999999996,59.99999999999999,59.99999999999999,59.99999999999999,True,59.800775541957435,59.80077554195746,True,1.0,39.08547421042971,-9.085474210429709,60.0,0.302849140347657,48.352117566781615,0.0,0.1,nan,False,False,True,
GPS_TRACKING_CLOSED,1.0,0.3,15.0,-30.0,-29.999999999999996,59.99999999999999,59.99999999999999,59.99999999999999,True,-59.800775541957435,-59.80077554195746,True,1.0,-34.855544426325466,4.855544426325466,60.0,0.16185148087751552,40.74239346326243,0.0,0.15000000000000002,nan,False,False,True,
GPS_TRACKING_CLOSED,1.0,0.3,15.0,-15.0,-14.999999999999986,59.99999999999999,59.99999999999999,59.99999999999999,True,-24.374999999999975,-24.375000000000004,True,1.0,-12.805124122965097,-2.194875877034903,30.0,0.14632505846899355,12.805124122965097,0.0,0.25,nan,False,False,True,
GPS_TRACKING_CLOSED,1.0,0.3,15.0,15.0,14.999999999999986,59.99999999999999,59.99999999999999,59.99999999999999,True,24.374999999999975,24.375000000000004,True,1.0,20.539215686274495,-5.5392156862744955,30.0,0.369281045751633,29.22937284410022,0.0,0.1,nan,False,False,True,
GPS_TRACKING_CLOSED,1.0,0.3,15.0,30.0,29.999999999999996,59.99999999999999,59.99999999999999,59.99999999999999,True,59.800775541957435,59.80077554195746,True,1.0,48.88939577905715,-18.889395779057153,60.0,0.6296465259685717,56.11195590609052,0.0,0.1,nan,False,False,True,
GPS_TRACKING_CLOSED,1.0,0.5,-15.0,-30.0,-29.999999999999996,59.99999999999999,59.99999999999999,59.99999999999999,True,-59.800775541957435,-59.80077554195746,True,1.0,-48.88939577905783,18.88939577905783,60.0,0.6296465259685943,54.79309821635225,0.0,0.15000000000000002,nan,False,False,True,
GPS_TRACKING_CLOSED,1.0,0.5,-15.0,-15.0,-14.999999999999986,59.99999999999999,59.99999999999999,59.99999999999999,True,-24.374999999999975,-24.375000000000004,True,1.0,-20.539215686278006,5.5392156862780055,30.0,0.36928104575186704,28.381005421107158,0.0,0.15000000000000002,nan,False,False,True,
GPS_TRACKING_CLOSED,1.0,0.5,-15.0,15.0,14.999999999999986,59.99999999999999,59.99999999999999,59.99999999999999,True,24.374999999999975,24.375000000000004,True,1.0,14.291530546999184,0.7084694530008164,30.0,0.0472312968667211,14.291530546999184,0.0,0.4,0.9500000000000001,False,False,True,
GPS_TRACKING_CLOSED,1.0,0.5,-15.0,30.0,29.999999999999996,59.99999999999999,59.99999999999999,59.99999999999999,True,59.800775541957435,59.80077554195746,True,1.0,34.9812833751387,-4.981283375138702,60.0,0.16604277917129007,40.91683185004129,0.0,0.2,nan,False,False,True,
GPS_TRACKING_CLOSED,1.0,0.5,0.0,-30.0,-29.999999999999996,59.99999999999999,59.99999999999999,59.99999999999999,True,-59.800775541957435,-59.80077554195746,True,1.0,-39.08547421043262,9.085474210432622,60.0,0.30284914034775406,47.65652928166525,0.0,0.15000000000000002,nan,False,False,True,
GPS_TRACKING_CLOSED,1.0,0.5,0.0,-15.0,-14.999999999999986,59.99999999999999,59.99999999999999,59.99999999999999,True,-24.374999999999975,-24.375000000000004,True,1.0,-19.93276006838885,4.932760068388848,30.0,0.3288506712259232,21.5623685666041,0.0,0.2,nan,False,False,True,
GPS_TRACKING_CLOSED,1.0,0.5,0.0,15.0,14.999999999999986,59.99999999999999,59.99999999999999,59.99999999999999,True,24.374999999999975,24.375000000000004,True,1.0,19.93276006838885,-4.932760068388848,30.0,0.3288506712259232,21.5623685666041,0.0,0.2,nan,False,False,True,
GPS_TRACKING_CLOSED,1.0,0.5,0.0,30.0,29.999999999999996,59.99999999999999,59.99999999999999,59.99999999999999,True,59.800775541957435,59.80077554195746,True,1.0,39.08547421043262,-9.085474210432622,60.0,0.30284914034775406,47.65652928166525,0.0,0.15000000000000002,nan,False,False,True,
GPS_TRACKING_CLOSED,1.0,0.5,15.0,-30.0,-29.999999999999996,59.99999999999999,59.99999999999999,59.99999999999999,True,-59.800775541957435,-59.80077554195746,True,1.0,-34.9812833751387,4.981283375138702,60.0,0.16604277917129007,40.91683185004129,0.0,0.2,nan,False,False,True,
GPS_TRACKING_CLOSED,1.0,0.5,15.0,-15.0,-14.999999999999986,59.99999999999999,59.99999999999999,59.99999999999999,True,-24.374999999999975,-24.375000000000004,True,1.0,-14.291530546999184,-0.7084694530008164,30.0,0.0472312968667211,14.291530546999184,0.0,0.4,0.9500000000000001,False,False,True,
GPS_TRACKING_CLOSED,1.0,0.5,15.0,15.0,14.999999999999986,59.99999999999999,59.99999999999999,59.99999999999999,True,24.374999999999975,24.375000000000004,True,1.0,20.539215686278006,-5.5392156862780055,30.0,0.36928104575186704,28.381005421107158,0.0,0.15000000000000002,nan,False,False,True,
GPS_TRACKING_CLOSED,1.0,0.5,15.0,30.0,29.999999999999996,59.99999999999999,59.99999999999999,59.99999999999999,True,59.800775541957435,59.80077554195746,True,1.0,48.88939577905783,-18.88939577905783,60.0,0.6296465259685943,54.79309821635225,0.0,0.15000000000000002,nan,False,False,True,
GPS_TRACKING_CLOSED,1.0,0.66,-15.0,-30.0,-29.999999999999996,59.99999999999999,59.99999999999999,59.99999999999999,True,-59.800775541957435,-59.80077554195746,True,1.0,-48.88939578110609,18.88939578110609,60.0,0.6296465260368697,54.08883509867025,0.0,0.15000000000000002,nan,False,False,True,
GPS_TRACKING_CLOSED,1.0,0.66,-15.0,-15.0,-14.999999999999986,59.99999999999999,59.99999999999999,59.99999999999999,True,-24.374999999999975,-24.375000000000004,True,1.0,-20.539215693427067,5.539215693427067,30.0,0.36928104622847113,28.005998168879504,0.0,0.15000000000000002,nan,False,False,True,
GPS_TRACKING_CLOSED,1.0,0.66,-15.0,15.0,14.999999999999986,59.99999999999999,59.99999999999999,59.99999999999999,True,24.374999999999975,24.375000000000004,True,1.0,15.333313597089415,-0.33331359708941477,30.0,0.02222090647262765,15.333313597089415,0.0,0.45,1.05,False,False,True,
GPS_TRACKING_CLOSED,1.0,0.66,-15.0,30.0,29.999999999999996,59.99999999999999,59.99999999999999,59.99999999999999,True,59.800775541957435,59.80077554195746,True,1.0,34.91835522474141,-4.918355224741411,60.0,0.16394517415804705,41.03994692356632,0.0,0.25,nan,False,False,True,
GPS_TRACKING_CLOSED,1.0,0.66,0.0,-30.0,-29.999999999999996,59.99999999999999,59.99999999999999,59.99999999999999,True,-59.800775541957435,-59.80077554195746,True,1.0,-39.08547421783998,9.08547421783998,60.0,0.302849140594666,47.44915412452416,0.0,0.2,nan,False,False,True,
GPS_TRACKING_CLOSED,1.0,0.66,0.0,-15.0,-14.999999999999986,59.99999999999999,59.99999999999999,59.99999999999999,True,-24.374999999999975,-24.375000000000004,True,1.0,-19.83869417121489,4.83869417121489,30.0,0.32257961141432595,21.52621642473468,0.0,0.25,nan,False,False,True,
GPS_TRACKING_CLOSED,1.0,0.66,0.0,15.0,14.999999999999986,59.99999999999999,59.99999999999999,59.99999999999999,True,24.374999999999975,24.375000000000004,True,1.0,19.83869417121489,-4.83869417121489,30.0,0.32257961141432595,21.52621642473468,0.0,0.25,nan,False,False,True,
GPS_TRACKING_CLOSED,1.0,0.66,0.0,30.0,29.999999999999996,59.99999999999999,59.99999999999999,59.99999999999999,True,59.800775541957435,59.80077554195746,True,1.0,39.08547421783998,-9.08547421783998,60.0,0.302849140594666,47.44915412452416,0.0,0.2,nan,False,False,True,
GPS_TRACKING_CLOSED,1.0,0.66,15.0,-30.0,-29.999999999999996,59.99999999999999,59.99999999999999,59.99999999999999,True,-59.800775541957435,-59.80077554195746,True,1.0,-34.91835522474141,4.918355224741411,60.0,0.16394517415804705,41.03994692356632,0.0,0.25,nan,False,False,True,
GPS_TRACKING_CLOSED,1.0,0.66,15.0,-15.0,-14.999999999999986,59.99999999999999,59.99999999999999,59.99999999999999,True,-24.374999999999975,-24.375000000000004,True,1.0,-15.333313597089415,0.33331359708941477,30.0,0.02222090647262765,15.333313597089415,0.0,0.45,1.05,False,False,True,
GPS_TRACKING_CLOSED,1.0,0.66,15.0,15.0,14.999999999999986,59.99999999999999,59.99999999999999,59.99999999999999,True,24.374999999999975,24.375000000000004,True,1.0,20.539215693427067,-5.539215693427067,30.0,0.36928104622847113,28.005998168879504,0.0,0.15000000000000002,nan,False,False,True,
GPS_TRACKING_CLOSED,1.0,0.66,15.0,30.0,29.999999999999996,59.99999999999999,59.99999999999999,59.99999999999999,True,59.800775541957435,59.80077554195746,True,1.0,48.88939578110609,-18.88939578110609,60.0,0.6296465260368697,54.08883509867025,0.0,0.15000000000000002,nan,False,False,True,
DR_M_G_CLOSED,0.32,0.3,-15.0,-30.0,-29.999999999999996,35.0,35.0,35.0,True,-102.40145060439691,-102.40145060439691,True,0.8,-42.39048244096368,12.39048244096368,60.0,0.41301608136545603,45.01417494872106,0.0,0.15000000000000002,nan,False,False,True,
DR_M_G_CLOSED,0.32,0.3,-15.0,-15.0,-14.999999999999986,35.0,35.0,35.0,True,-38.79016650048102,-38.790166500481064,True,0.8,-22.64260042566838,7.64260042566838,30.0,0.5095066950445587,25.26425192384498,0.0,0.15000000000000002,nan,False,False,True,
DR_M_G_CLOSED,0.32,0.3,-15.0,15.0,14.999999999999986,35.0,35.0,35.0,True,38.79016650048102,38.790166500481064,True,0.8,2.7702600001364592,12.22973999986354,30.0,0.8153159999909027,2.7702600001364592,0.0,nan,nan,False,False,True,
DR_M_G_CLOSED,0.32,0.3,-15.0,30.0,29.999999999999996,35.0,35.0,35.0,True,102.40145060439691,102.40145060439691,True,0.8,22.518142015431742,7.481857984568258,60.0,0.24939526615227525,22.518142015431742,0.0,0.55,nan,False,False,True,
DR_M_G_CLOSED,0.32,0.3,0.0,-30.0,-29.999999999999996,35.0,35.0,35.0,True,-102.40145060439691,-102.40145060439691,True,0.8,-34.56523360844113,4.565233608441133,60.0,0.15217445361470444,34.56523360844113,0.0,0.2,nan,False,False,True,
DR_M_G_CLOSED,0.32,0.3,0.0,-15.0,-14.999999999999986,35.0,35.0,35.0,True,-38.79016650048102,-38.790166500481064,True,0.8,-13.440225460381054,-1.559774539618946,30.0,0.10398496930792973,13.440225460381054,0.0,0.30000000000000004,0.9,False,False,True,
DR_M_G_CLOSED,0.32,0.3,0.0,15.0,14.999999999999986,35.0,35.0,35.0,True,38.79016650048102,38.790166500481064,True,0.8,13.440225460381054,1.559774539618946,30.0,0.10398496930792973,13.440225460381054,0.0,0.30000000000000004,0.9,False,False,True,
DR_M_G_CLOSED,0.32,0.3,0.0,30.0,29.999999999999996,35.0,35.0,35.0,True,102.40145060439691,102.40145060439691,True,0.8,34.56523360844113,-4.565233608441133,60.0,0.15217445361470444,34.56523360844113,0.0,0.2,nan,False,False,True,
DR_M_G_CLOSED,0.32,0.3,15.0,-30.0,-29.999999999999996,35.0,35.0,35.0,True,-102.40145060439691,-102.40145060439691,True,0.8,-22.518142015431742,-7.481857984568258,60.0,0.24939526615227525,22.518142015431742,0.0,0.55,nan,False,False,True,
DR_M_G_CLOSED,0.32,0.3,15.0,-15.0,-14.999999999999986,35.0,35.0,35.0,True,-38.79016650048102,-38.790166500481064,True,0.8,-2.7702600001364592,-12.22973999986354,30.0,0.8153159999909027,2.7702600001364592,0.0,nan,nan,False,False,True,
DR_M_G_CLOSED,0.32,0.3,15.0,15.0,14.999999999999986,35.0,35.0,35.0,True,38.79016650048102,38.790166500481064,True,0.8,22.64260042566838,-7.64260042566838,30.0,0.5095066950445587,25.26425192384498,0.0,0.15000000000000002,nan,False,False,True,
DR_M_G_CLOSED,0.32,0.3,15.0,30.0,29.999999999999996,35.0,35.0,35.0,True,102.40145060439691,102.40145060439691,True,0.8,42.39048244096368,-12.39048244096368,60.0,0.41301608136545603,45.01417494872106,0.0,0.15000000000000002,nan,False,False,True,
DR_M_G_CLOSED,0.32,0.5,-15.0,-30.0,-29.999999999999996,35.0,35.0,35.0,True,-102.40145060439691,-102.40145060439691,True,0.8,-42.39048245130242,12.390482451302418,60.0,0.4130160817100806,44.719689652352,0.0,0.25,nan,False,False,True,
DR_M_G_CLOSED,0.32,0.5,-15.0,-15.0,-14.999999999999986,35.0,35.0,35.0,True,-38.79016650048102,-38.790166500481064,True,0.8,-22.642600440349447,7.642600440349447,30.0,0.5095066960232965,24.920440107553496,0.0,0.2,nan,False,False,True,
DR_M_G_CLOSED,0.32,0.5,-15.0,15.0,14.999999999999986,35.0,35.0,35.0,True,38.79016650048102,38.790166500481064,True,0.8,2.7702599996737574,12.229740000326242,30.0,0.8153160000217494,2.7702599996737574,0.0,nan,nan,False,False,True,
DR_M_G_CLOSED,0.32,0.5,-15.0,30.0,29.999999999999996,35.0,35.0,35.0,True,102.40145060439691,102.40145060439691,True,0.8,22.518142014394343,7.481857985605657,60.0,0.24939526618685523,22.518142014394343,0.0,0.8500000000000001,nan,False,False,True,
DR_M_G_CLOSED,0.32,0.5,0.0,-30.0,-29.999999999999996,35.0,35.0,35.0,True,-102.40145060439691,-102.40145060439691,True,0.8,-34.943378951365794,4.943378951365794,60.0,0.1647792983788598,35.03461521416351,0.0,0.35000000000000003,nan,False,False,True,
DR_M_G_CLOSED,0.32,0.5,0.0,-15.0,-14.999999999999986,35.0,35.0,35.0,True,-38.79016650048102,-38.790166500481064,True,0.8,-13.920774922705661,-1.079225077294339,30.0,0.07194833848628927,13.920774922705661,0.0,0.5,1.25,False,False,True,
DR_M_G_CLOSED,0.32,0.5,0.0,15.0,14.999999999999986,35.0,35.0,35.0,True,38.79016650048102,38.790166500481064,True,0.8,13.920774922705661,1.079225077294339,30.0,0.07194833848628927,13.920774922705661,0.0,0.5,1.25,False,False,True,
DR_M_G_CLOSED,0.32,0.5,0.0,30.0,29.999999999999996,35.0,35.0,35.0,True,102.40145060439691,102.40145060439691,True,0.8,34.943378951365794,-4.943378951365794,60.0,0.1647792983788598,35.03461521416351,0.0,0.35000000000000003,nan,False,False,True,
DR_M_G_CLOSED,0.32,0.5,15.0,-30.0,-29.999999999999996,35.0,35.0,35.0,True,-102.40145060439691,-102.40145060439691,True,0.8,-22.518142014394343,-7.481857985605657,60.0,0.24939526618685523,22.518142014394343,0.0,0.8500000000000001,nan,False,False,True,
DR_M_G_CLOSED,0.32,0.5,15.0,-15.0,-14.999999999999986,35.0,35.0,35.0,True,-38.79016650048102,-38.790166500481064,True,0.8,-2.7702599996737574,-12.229740000326242,30.0,0.8153160000217494,2.7702599996737574,0.0,nan,nan,False,False,True,
DR_M_G_CLOSED,0.32,0.5,15.0,15.0,14.999999999999986,35.0,35.0,35.0,True,38.79016650048102,38.790166500481064,True,0.8,22.642600440349447,-7.642600440349447,30.0,0.5095066960232965,24.920440107553496,0.0,0.2,nan,False,False,True,
DR_M_G_CLOSED,0.32,0.5,15.0,30.0,29.999999999999996,35.0,35.0,35.0,True,102.40145060439691,102.40145060439691,True,0.8,42.39048245130242,-12.390482451302418,60.0,0.4130160817100806,44.719689652352,0.0,0.25,nan,False,False,True,
DR_M_G_CLOSED,0.32,0.66,-15.0,-30.0,-29.999999999999996,35.0,35.0,35.0,True,-102.40145060439691,-102.40145060439691,True,0.8,-42.39048477468265,12.390484774682648,60.0,0.41301615915608825,44.52533536132047,0.0,0.30000000000000004,nan,False,False,True,
DR_M_G_CLOSED,0.32,0.66,-15.0,-15.0,-14.999999999999986,35.0,35.0,35.0,True,-38.79016650048102,-38.790166500481064,True,0.8,-22.64260328877609,7.64260328877609,30.0,0.509506885918406,24.791580158724933,0.0,0.25,nan,False,False,True,
DR_M_G_CLOSED,0.32,0.66,-15.0,15.0,14.999999999999986,35.0,35.0,35.0,True,38.79016650048102,38.790166500481064,True,0.8,2.770259865174586,12.229740134825414,30.0,0.815316008988361,2.770259865174586,0.0,nan,nan,False,False,True,
DR_M_G_CLOSED,0.32,0.66,-15.0,30.0,29.999999999999996,35.0,35.0,35.0,True,102.40145060439691,102.40145060439691,True,0.8,22.518141590604742,7.481858409395258,60.0,0.24939528031317526,22.518141590604742,0.0,1.1,nan,False,False,True,
DR_M_G_CLOSED,0.32,0.66,0.0,-30.0,-29.999999999999996,35.0,35.0,35.0,True,-102.40145060439691,-102.40145060439691,True,0.8,-34.93714104729982,4.937141047299818,60.0,0.16457136824332727,35.093298988779004,0.0,0.45,nan,False,False,True,
DR_M_G_CLOSED,0.32,0.66,0.0,-15.0,-14.999999999999986,35.0,35.0,35.0,True,-38.79016650048102,-38.790166500481064,True,0.8,-14.349631839714316,-0.6503681602856837,30.0,0.043357877352378914,14.349631839714316,0.0,0.65,1.4500000000000002,False,False,True,
DR_M_G_CLOSED,0.32,0.66,0.0,15.0,14.999999999999986,35.0,35.0,35.0,True,38.79016650048102,38.790166500481064,True,0.8,14.349631839714316,0.6503681602856837,30.0,0.043357877352378914,14.349631839714316,0.0,0.65,1.4500000000000002,False,False,True,
DR_M_G_CLOSED,0.32,0.66,0.0,30.0,29.999999999999996,35.0,35.0,35.0,True,102.40145060439691,102.40145060439691,True,0.8,34.93714104729982,-4.937141047299818,60.0,0.16457136824332727,35.093298988779004,0.0,0.45,nan,False,False,True,
DR_M_G_CLOSED,0.32,0.66,15.0,-30.0,-29.999999999999996,35.0,35.0,35.0,True,-102.40145060439691,-102.40145060439691,True,0.8,-22.518141590604742,-7.481858409395258,60.0,0.24939528031317526,22.518141590604742,0.0,1.1,nan,False,False,True,
DR_M_G_CLOSED,0.32,0.66,15.0,-15.0,-14.999999999999986,35.0,35.0,35.0,True,-38.79016650048102,-38.790166500481064,True,0.8,-2.770259865174586,-12.229740134825414,30.0,0.815316008988361,2.770259865174586,0.0,nan,nan,False,False,True,
DR_M_G_CLOSED,0.32,0.66,15.0,15.0,14.999999999999986,35.0,35.0,35.0,True,38.79016650048102,38.790166500481064,True,0.8,22.64260328877609,-7.64260328877609,30.0,0.509506885918406,24.791580158724933,0.0,0.25,nan,False,False,True,
DR_M_G_CLOSED,0.32,0.66,15.0,30.0,29.999999999999996,35.0,35.0,35.0,True,102.40145060439691,102.40145060439691,True,0.8,42.39048477468265,-12.390484774682648,60.0,0.41301615915608825,44.52533536132047,0.0,0.30000000000000004,nan,False,False,True,
DR_M_G_CLOSED,0.63,0.3,-15.0,-30.0,-29.999999999999996,35.0,35.0,35.0,True,-102.40145060439691,-102.40145060439691,True,0.8,-63.584196390391426,33.584196390391426,60.0,1.1194732130130476,64.85885436085296,0.0,0.1,nan,False,False,True,
DR_M_G_CLOSED,0.63,0.3,-15.0,-15.0,-14.999999999999986,35.0,35.0,35.0,True,-38.79016650048102,-38.790166500481064,True,0.8,-28.556154069730866,13.556154069730866,30.0,0.9037436046487244,32.26238193800541,0.0,0.1,nan,False,False,True,
DR_M_G_CLOSED,0.63,0.3,-15.0,15.0,14.999999999999986,35.0,35.0,35.0,True,38.79016650048102,38.790166500481064,True,0.8,11.655380083507545,3.344619916492455,30.0,0.222974661099497,11.655380083507545,0.0,0.35000000000000003,nan,False,False,True,
DR_M_G_CLOSED,0.63,0.3,-15.0,30.0,29.999999999999996,35.0,35.0,35.0,True,102.40145060439691,102.40145060439691,True,0.8,39.622535048538396,-9.622535048538396,60.0,0.3207511682846132,44.95596779398425,0.0,0.15000000000000002,nan,False,False,True,
DR_M_G_CLOSED,0.63,0.3,0.0,-30.0,-29.999999999999996,35.0,35.0,35.0,True,-102.40145060439691,-102.40145060439691,True,0.8,-51.60336571946491,21.60336571946491,60.0,0.7201121906488304,54.87658690137122,0.0,0.1,nan,False,False,True,
DR_M_G_CLOSED,0.63,0.3,0.0,-15.0,-14.999999999999986,35.0,35.0,35.0,True,-38.79016650048102,-38.790166500481064,True,0.8,-19.926953634947026,4.926953634947026,30.0,0.32846357566313505,22.3350377272228,0.0,0.15000000000000002,nan,False,False,True,
DR_M_G_CLOSED,0.63,0.3,0.0,15.0,14.999999999999986,35.0,35.0,35.0,True,38.79016650048102,38.790166500481064,True,0.8,19.926953634947026,-4.926953634947026,30.0,0.32846357566313505,22.3350377272228,0.0,0.15000000000000002,nan,False,False,True,
DR_M_G_CLOSED,0.63,0.3,0.0,30.0,29.999999999999996,35.0,35.0,35.0,True,102.40145060439691,102.40145060439691,True,0.8,51.60336571946491,-21.60336571946491,60.0,0.7201121906488304,54.87658690137122,0.0,0.1,nan,False,False,True,
DR_M_G_CLOSED,0.63,0.3,15.0,-30.0,-29.999999999999996,35.0,35.0,35.0,True,-102.40145060439691,-102.40145060439691,True,0.8,-39.622535048538396,9.622535048538396,60.0,0.3207511682846132,44.95596779398425,0.0,0.15000000000000002,nan,False,False,True,
DR_M_G_CLOSED,0.63,0.3,15.0,-15.0,-14.999999999999986,35.0,35.0,35.0,True,-38.79016650048102,-38.790166500481064,True,0.8,-11.655380083507545,-3.344619916492455,30.0,0.222974661099497,11.655380083507545,0.0,0.35000000000000003,nan,False,False,True,
DR_M_G_CLOSED,0.63,0.3,15.0,15.0,14.999999999999986,35.0,35.0,35.0,True,38.79016650048102,38.790166500481064,True,0.8,28.556154069730866,-13.556154069730866,30.0,0.9037436046487244,32.26238193800541,0.0,0.1,nan,False,False,True,
DR_M_G_CLOSED,0.63,0.3,15.0,30.0,29.999999999999996,35.0,35.0,35.0,True,102.40145060439691,102.40145060439691,True,0.8,63.584196390391426,-33.584196390391426,60.0,1.1194732130130476,64.85885436085296,0.0,0.1,nan,False,False,True,
DR_M_G_CLOSED,0.63,0.5,-15.0,-30.0,-29.999999999999996,35.0,35.0,35.0,True,-102.40145060439691,-102.40145060439691,True,0.8,-63.58419639037271,33.58419639037271,60.0,1.1194732130124236,63.58419639037271,0.0,0.15000000000000002,nan,False,False,True,
DR_M_G_CLOSED,0.63,0.5,-15.0,-15.0,-14.999999999999986,35.0,35.0,35.0,True,-38.79016650048102,-38.790166500481064,True,0.8,-28.556154069970386,13.556154069970386,30.0,0.9037436046646924,31.388430794472246,0.0,0.15000000000000002,nan,False,False,True,
DR_M_G_CLOSED,0.63,0.5,-15.0,15.0,14.999999999999986,35.0,35.0,35.0,True,38.79016650048102,38.790166500481064,True,0.8,12.616107319976663,2.3838926800233367,30.0,0.15892617866822245,12.616107319976663,0.0,0.55,nan,False,False,True,
DR_M_G_CLOSED,0.63,0.5,-15.0,30.0,29.999999999999996,35.0,35.0,35.0,True,102.40145060439691,102.40145060439691,True,0.8,39.622535050006746,-9.622535050006746,60.0,0.3207511683335582,44.60801403904329,0.0,0.2,nan,False,False,True,
DR_M_G_CLOSED,0.63,0.5,0.0,-30.0,-29.999999999999996,35.0,35.0,35.0,True,-102.40145060439691,-102.40145060439691,True,0.8,-51.6033657196205,21.6033657196205,60.0,0.7201121906540167,53.78853837248202,0.0,0.15000000000000002,nan,False,False,True,
DR_M_G_CLOSED,0.63,0.5,0.0,-15.0,-14.999999999999986,35.0,35.0,35.0,True,-38.79016650048102,-38.790166500481064,True,0.8,-19.879207217176912,4.879207217176912,30.0,0.3252804811451275,22.3096193428771,0.0,0.2,nan,False,False,True,
DR_M_G_CLOSED,0.63,0.5,0.0,15.0,14.999999999999986,35.0,35.0,35.0,True,38.79016650048102,38.790166500481064,True,0.8,19.879207217176912,-4.879207217176912,30.0,0.3252804811451275,22.3096193428771,0.0,0.2,nan,False,False,True,
DR_M_G_CLOSED,0.63,0.5,0.0,30.0,29.999999999999996,35.0,35.0,35.0,True,102.40145060439691,102.40145060439691,True,0.8,51.6033657196205,-21.6033657196205,60.0,0.7201121906540167,53.78853837248202,0.0,0.15000000000000002,nan,False,False,True,
DR_M_G_CLOSED,0.63,0.5,15.0,-30.0,-29.999999999999996,35.0,35.0,35.0,True,-102.40145060439691,-102.40145060439691,True,0.8,-39.622535050006746,9.622535050006746,60.0,0.3207511683335582,44.60801403904329,0.0,0.2,nan,False,False,True,
DR_M_G_CLOSED,0.63,0.5,15.0,-15.0,-14.999999999999986,35.0,35.0,35.0,True,-38.79016650048102,-38.790166500481064,True,0.8,-12.616107319976663,-2.3838926800233367,30.0,0.15892617866822245,12.616107319976663,0.0,0.55,nan,False,False,True,
DR_M_G_CLOSED,0.63,0.5,15.0,15.0,14.999999999999986,35.0,35.0,35.0,True,38.79016650048102,38.790166500481064,True,0.8,28.556154069970386,-13.556154069970386,30.0,0.9037436046646924,31.388430794472246,0.0,0.15000000000000002,nan,False,False,True,
DR_M_G_CLOSED,0.63,0.5,15.0,30.0,29.999999999999996,35.0,35.0,35.0,True,102.40145060439691,102.40145060439691,True,0.8,63.58419639037271,-33.58419639037271,60.0,1.1194732130124236,63.58419639037271,0.0,0.15000000000000002,nan,False,False,True,
DR_M_G_CLOSED,0.63,0.66,-15.0,-30.0,-29.999999999999996,35.0,35.0,35.0,True,-102.40145060439691,-102.40145060439691,True,0.8,-63.58419634414929,33.58419634414929,60.0,1.119473211471643,63.58419634414929,0.0,0.2,nan,False,False,True,
DR_M_G_CLOSED,0.63,0.66,-15.0,-15.0,-14.999999999999986,35.0,35.0,35.0,True,-38.79016650048102,-38.790166500481064,True,0.8,-28.55615418187511,13.556154181875112,30.0,0.9037436121250074,30.87069495931974,0.0,0.2,nan,False,False,True,
DR_M_G_CLOSED,0.63,0.66,-15.0,15.0,14.999999999999986,35.0,35.0,35.0,True,38.79016650048102,38.790166500481064,True,0.8,13.332970080876342,1.6670299191236584,30.0,0.11113532794157722,13.332970080876342,0.0,0.7000000000000001,2.25,False,False,True,
DR_M_G_CLOSED,0.63,0.66,-15.0,30.0,29.999999999999996,35.0,35.0,35.0,True,102.40145060439691,102.40145060439691,True,0.8,39.62253571496238,-9.622535714962382,60.0,0.32075119049874606,44.48825587867088,0.0,0.30000000000000004,nan,False,False,True,
DR_M_G_CLOSED,0.63,0.66,0.0,-30.0,-29.999999999999996,35.0,35.0,35.0,True,-102.40145060439691,-102.40145060439691,True,0.8,-51.60336578862751,21.603365788627507,60.0,0.7201121929542502,53.12741622341948,0.0,0.2,nan,False,False,True,
DR_M_G_CLOSED,0.63,0.66,0.0,-15.0,-14.999999999999986,35.0,35.0,35.0,True,-38.79016650048102,-38.790166500481064,True,0.8,-19.926431433159184,4.926431433159184,30.0,0.3284287622106123,22.237208919248513,0.0,0.30000000000000004,nan,False,False,True,
DR_M_G_CLOSED,0.63,0.66,0.0,15.0,14.999999999999986,35.0,35.0,35.0,True,38.79016650048102,38.790166500481064,True,0.8,19.926431433159184,-4.926431433159184,30.0,0.3284287622106123,22.237208919248513,0.0,0.30000000000000004,nan,False,False,True,
DR_M_G_CLOSED,0.63,0.66,0.0,30.0,29.999999999999996,35.0,35.0,35.0,True,102.40145060439691,102.40145060439691,True,0.8,51.60336578862751,-21.603365788627507,60.0,0.7201121929542502,53.12741622341948,0.0,0.2,nan,False,False,True,
DR_M_G_CLOSED,0.63,0.66,15.0,-30.0,-29.999999999999996,35.0,35.0,35.0,True,-102.40145060439691,-102.40145060439691,True,0.8,-39.62253571496238,9.622535714962382,60.0,0.32075119049874606,44.48825587867088,0.0,0.30000000000000004,nan,False,False,True,
DR_M_G_CLOSED,0.63,0.66,15.0,-15.0,-14.999999999999986,35.0,35.0,35.0,True,-38.79016650048102,-38.790166500481064,True,0.8,-13.332970080876342,-1.6670299191236584,30.0,0.11113532794157722,13.332970080876342,0.0,0.7000000000000001,2.25,False,False,True,
DR_M_G_CLOSED,0.63,0.66,15.0,15.0,14.999999999999986,35.0,35.0,35.0,True,38.79016650048102,38.790166500481064,True,0.8,28.55615418187511,-13.556154181875112,30.0,0.9037436121250074,30.87069495931974,0.0,0.2,nan,False,False,True,
DR_M_G_CLOSED,0.63,0.66,15.0,30.0,29.999999999999996,35.0,35.0,35.0,True,102.40145060439691,102.40145060439691,True,0.8,63.58419634414929,-33.58419634414929,60.0,1.119473211471643,63.58419634414929,0.0,0.2,nan,False,False,True,
DR_M_G_CLOSED,1.0,0.3,-15.0,-30.0,-29.999999999999996,35.0,35.0,35.0,True,-102.40145060439691,-102.40145060439691,True,0.8,-83.9653218602835,53.965321860283495,60.0,1.79884406200945,83.9653218602835,0.0,0.05,nan,False,False,True,
DR_M_G_CLOSED,1.0,0.3,-15.0,-15.0,-14.999999999999986,35.0,35.0,35.0,True,-38.79016650048102,-38.790166500481064,True,0.8,-34.24297607177216,19.242976071772162,30.0,1.2828650714514775,38.7287856256073,0.0,0.05,nan,False,False,True,
DR_M_G_CLOSED,1.0,0.3,-15.0,15.0,14.999999999999986,35.0,35.0,35.0,True,38.79016650048102,38.790166500481064,True,0.8,19.93977455746352,-4.939774557463519,30.0,0.32931830383090127,21.530313037283637,0.0,0.15000000000000002,nan,False,False,True,
DR_M_G_CLOSED,1.0,0.3,-15.0,30.0,29.999999999999996,35.0,35.0,35.0,True,102.40145060439691,102.40145060439691,True,0.8,62.53675043171209,-32.53675043171209,60.0,1.0845583477237364,65.74279483679486,0.0,0.1,nan,False,False,True,
DR_M_G_CLOSED,1.0,0.3,0.0,-30.0,-29.999999999999996,35.0,35.0,35.0,True,-102.40145060439691,-102.40145060439691,True,0.8,-73.25103614599782,43.251036145997816,60.0,1.4417012048665938,74.61431395781143,0.0,0.05,nan,False,False,True,
DR_M_G_CLOSED,1.0,0.3,0.0,-15.0,-14.999999999999986,35.0,35.0,35.0,True,-38.79016650048102,-38.790166500481064,True,0.8,-23.528690357486447,8.528690357486447,30.0,0.5685793571657631,30.046740365687413,0.0,0.1,nan,False,False,True,
DR_M_G_CLOSED,1.0,0.3,0.0,15.0,14.999999999999986,35.0,35.0,35.0,True,38.79016650048102,38.790166500481064,True,0.8,23.528690357486447,-8.528690357486447,30.0,0.5685793571657631,30.046740365687413,0.0,0.1,nan,False,False,True,
DR_M_G_CLOSED,1.0,0.3,0.0,30.0,29.999999999999996,35.0,35.0,35.0,True,102.40145060439691,102.40145060439691,True,0.8,73.25103614599782,-43.251036145997816,60.0,1.4417012048665938,74.61431395781143,0.0,0.05,nan,False,False,True,
DR_M_G_CLOSED,1.0,0.3,15.0,-30.0,-29.999999999999996,35.0,35.0,35.0,True,-102.40145060439691,-102.40145060439691,True,0.8,-62.53675043171209,32.53675043171209,60.0,1.0845583477237364,65.74279483679486,0.0,0.1,nan,False,False,True,
DR_M_G_CLOSED,1.0,0.3,15.0,-15.0,-14.999999999999986,35.0,35.0,35.0,True,-38.79016650048102,-38.790166500481064,True,0.8,-19.93977455746352,4.939774557463519,30.0,0.32931830383090127,21.530313037283637,0.0,0.15000000000000002,nan,False,False,True,
DR_M_G_CLOSED,1.0,0.3,15.0,15.0,14.999999999999986,35.0,35.0,35.0,True,38.79016650048102,38.790166500481064,True,0.8,34.24297607177216,-19.242976071772162,30.0,1.2828650714514775,38.7287856256073,0.0,0.05,nan,False,False,True,
DR_M_G_CLOSED,1.0,0.3,15.0,30.0,29.999999999999996,35.0,35.0,35.0,True,102.40145060439691,102.40145060439691,True,0.8,83.9653218602835,-53.965321860283495,60.0,1.79884406200945,83.9653218602835,0.0,0.05,nan,False,False,True,
DR_M_G_CLOSED,1.0,0.5,-15.0,-30.0,-29.999999999999996,35.0,35.0,35.0,True,-102.40145060439691,-102.40145060439691,True,0.8,-83.9653218602801,53.9653218602801,60.0,1.7988440620093367,83.9653218602801,0.0,0.1,nan,False,False,True,
DR_M_G_CLOSED,1.0,0.5,-15.0,-15.0,-14.999999999999986,35.0,35.0,35.0,True,-38.79016650048102,-38.790166500481064,True,0.8,-34.242976071777086,19.242976071777086,30.0,1.2828650714518057,37.3120342815574,0.0,0.1,nan,False,False,True,
DR_M_G_CLOSED,1.0,0.5,-15.0,15.0,14.999999999999986,35.0,35.0,35.0,True,38.79016650048102,38.790166500481064,True,0.8,19.811782732541467,-4.811782732541467,30.0,0.32078551550276446,21.580546926874305,0.0,0.2,nan,False,False,True,
DR_M_G_CLOSED,1.0,0.5,-15.0,30.0,29.999999999999996,35.0,35.0,35.0,True,102.40145060439691,102.40145060439691,True,0.8,62.53675043171351,-32.53675043171351,60.0,1.0845583477237837,63.620372097091874,0.0,0.1,nan,False,False,True,
DR_M_G_CLOSED,1.0,0.5,0.0,-30.0,-29.999999999999996,35.0,35.0,35.0,True,-102.40145060439691,-102.40145060439691,True,0.8,-73.25103614599627,43.25103614599627,60.0,1.4417012048665423,73.25103614599627,0.0,0.1,nan,False,False,True,
DR_M_G_CLOSED,1.0,0.5,0.0,-15.0,-14.999999999999986,35.0,35.0,35.0,True,-38.79016650048102,-38.790166500481064,True,0.8,-23.528690357515604,8.528690357515604,30.0,0.5685793571677069,29.279070272601217,0.0,0.15000000000000002,nan,False,False,True,
DR_M_G_CLOSED,1.0,0.5,0.0,15.0,14.999999999999986,35.0,35.0,35.0,True,38.79016650048102,38.790166500481064,True,0.8,23.528690357515604,-8.528690357515604,30.0,0.5685793571677069,29.279070272601217,0.0,0.15000000000000002,nan,False,False,True,
DR_M_G_CLOSED,1.0,0.5,0.0,30.0,29.999999999999996,35.0,35.0,35.0,True,102.40145060439691,102.40145060439691,True,0.8,73.25103614599627,-43.25103614599627,60.0,1.4417012048665423,73.25103614599627,0.0,0.1,nan,False,False,True,
DR_M_G_CLOSED,1.0,0.5,15.0,-30.0,-29.999999999999996,35.0,35.0,35.0,True,-102.40145060439691,-102.40145060439691,True,0.8,-62.53675043171351,32.53675043171351,60.0,1.0845583477237837,63.620372097091874,0.0,0.1,nan,False,False,True,
DR_M_G_CLOSED,1.0,0.5,15.0,-15.0,-14.999999999999986,35.0,35.0,35.0,True,-38.79016650048102,-38.790166500481064,True,0.8,-19.811782732541467,4.811782732541467,30.0,0.32078551550276446,21.580546926874305,0.0,0.2,nan,False,False,True,
DR_M_G_CLOSED,1.0,0.5,15.0,15.0,14.999999999999986,35.0,35.0,35.0,True,38.79016650048102,38.790166500481064,True,0.8,34.242976071777086,-19.242976071777086,30.0,1.2828650714518057,37.3120342815574,0.0,0.1,nan,False,False,True,
DR_M_G_CLOSED,1.0,0.5,15.0,30.0,29.999999999999996,35.0,35.0,35.0,True,102.40145060439691,102.40145060439691,True,0.8,83.9653218602801,-53.9653218602801,60.0,1.7988440620093367,83.9653218602801,0.0,0.1,nan,False,False,True,
DR_M_G_CLOSED,1.0,0.66,-15.0,-30.0,-29.999999999999996,35.0,35.0,35.0,True,-102.40145060439691,-102.40145060439691,True,0.8,-83.9653218508762,53.965321850876194,60.0,1.7988440616958732,83.9653218508762,0.0,0.1,nan,False,False,True,
DR_M_G_CLOSED,1.0,0.66,-15.0,-15.0,-14.999999999999986,35.0,35.0,35.0,True,-38.79016650048102,-38.790166500481064,True,0.8,-34.24297607727679,19.242976077276793,30.0,1.2828650718184529,36.425997079765864,0.0,0.15000000000000002,nan,False,False,True,
DR_M_G_CLOSED,1.0,0.66,-15.0,15.0,14.999999999999986,35.0,35.0,35.0,True,38.79016650048102,38.790166500481064,True,0.8,19.875477009995308,-4.875477009995308,30.0,0.32503180066635384,21.604689860320697,0.0,0.25,nan,False,False,True,
DR_M_G_CLOSED,1.0,0.66,-15.0,30.0,29.999999999999996,35.0,35.0,35.0,True,102.40145060439691,102.40145060439691,True,0.8,62.53675043135429,-32.53675043135429,60.0,1.0845583477118097,62.53675043135429,0.0,0.15000000000000002,nan,False,False,True,
DR_M_G_CLOSED,1.0,0.66,0.0,-30.0,-29.999999999999996,35.0,35.0,35.0,True,-102.40145060439691,-102.40145060439691,True,0.8,-73.25103614036888,43.25103614036888,60.0,1.4417012046789628,73.25103614036888,0.0,0.15000000000000002,nan,False,False,True,
DR_M_G_CLOSED,1.0,0.66,0.0,-15.0,-14.999999999999986,35.0,35.0,35.0,True,-38.79016650048102,-38.790166500481064,True,0.8,-23.528690389254425,8.528690389254425,30.0,0.5685793592836283,28.847808992620063,0.0,0.15000000000000002,nan,False,False,True,
DR_M_G_CLOSED,1.0,0.66,0.0,15.0,14.999999999999986,35.0,35.0,35.0,True,38.79016650048102,38.790166500481064,True,0.8,23.528690389254425,-8.528690389254425,30.0,0.5685793592836283,28.847808992620063,0.0,0.15000000000000002,nan,False,False,True,
DR_M_G_CLOSED,1.0,0.66,0.0,30.0,29.999999999999996,35.0,35.0,35.0,True,102.40145060439691,102.40145060439691,True,0.8,73.25103614036888,-43.25103614036888,60.0,1.4417012046789628,73.25103614036888,0.0,0.15000000000000002,nan,False,False,True,
DR_M_G_CLOSED,1.0,0.66,15.0,-30.0,-29.999999999999996,35.0,35.0,35.0,True,-102.40145060439691,-102.40145060439691,True,0.8,-62.53675043135429,32.53675043135429,60.0,1.0845583477118097,62.53675043135429,0.0,0.15000000000000002,nan,False,False,True,
DR_M_G_CLOSED,1.0,0.66,15.0,-15.0,-14.999999999999986,35.0,35.0,35.0,True,-38.79016650048102,-38.790166500481064,True,0.8,-19.875477009995308,4.875477009995308,30.0,0.32503180066635384,21.604689860320697,0.0,0.25,nan,False,False,True,
DR_M_G_CLOSED,1.0,0.66,15.0,15.0,14.999999999999986,35.0,35.0,35.0,True,38.79016650048102,38.790166500481064,True,0.8,34.24297607727679,-19.242976077276793,30.0,1.2828650718184529,36.425997079765864,0.0,0.15000000000000002,nan,False,False,True,
DR_M_G_CLOSED,1.0,0.66,15.0,30.0,29.999999999999996,35.0,35.0,35.0,True,102.40145060439691,102.40145060439691,True,0.8,83.9653218508762,-53.965321850876194,60.0,1.7988440616958732,83.9653218508762,0.0,0.1,nan,False,False,True,
DR_PM_G_CLOSED,0.32,0.3,-15.0,-30.0,-29.999999999999996,29.999999999999996,29.999999999999996,29.999999999999996,True,-96.0,-96.0,True,0.6,-41.7153284671533,11.715328467153299,60.0,0.39051094890510996,43.831200847111354,0.0,0.15000000000000002,nan,False,False,True,
DR_PM_G_CLOSED,0.32,0.3,-15.0,-15.0,-14.999999999999986,29.999999999999996,29.999999999999996,29.999999999999996,True,-35.88046532517442,-35.88046532517447,True,0.6,-22.848311043846557,7.848311043846557,30.0,0.5232207362564372,24.869309768096144,0.0,0.15000000000000002,nan,False,False,True,
DR_PM_G_CLOSED,0.32,0.3,-15.0,15.0,14.999999999999986,29.999999999999996,29.999999999999996,29.999999999999996,True,35.88046532517442,35.88046532517447,True,0.6,0.7315227226786598,14.26847727732134,30.0,0.9512318184880894,0.8525702720261481,0.0,nan,nan,False,False,True,
DR_PM_G_CLOSED,0.32,0.3,-15.0,30.0,29.999999999999996,29.999999999999996,29.999999999999996,29.999999999999996,True,96.0,96.0,True,0.6,19.598540145985396,10.401459854014604,60.0,0.34671532846715347,19.598540145985396,0.0,0.9500000000000001,nan,False,False,True,
DR_PM_G_CLOSED,0.32,0.3,0.0,-30.0,-29.999999999999996,29.999999999999996,29.999999999999996,29.999999999999996,True,-96.0,-96.0,True,0.6,-32.2166100144632,2.2166100144631997,60.0,0.07388700048210665,32.2166100144632,0.0,0.25,0.5,False,False,True,
DR_PM_G_CLOSED,0.32,0.3,0.0,-15.0,-14.999999999999986,29.999999999999996,29.999999999999996,29.999999999999996,True,-35.88046532517442,-35.88046532517447,True,0.6,-12.400465071971759,-2.599534928028241,30.0,0.17330232853521607,12.400465071971759,0.0,0.4,nan,False,False,True,
DR_PM_G_CLOSED,0.32,0.3,0.0,15.0,14.999999999999986,29.999999999999996,29.999999999999996,29.999999999999996,True,35.88046532517442,35.88046532517447,True,0.6,12.400465071971759,2.599534928028241,30.0,0.17330232853521607,12.400465071971759,0.0,0.4,nan,False,False,True,
DR_PM_G_CLOSED,0.32,0.3,0.0,30.0,29.999999999999996,29.999999999999996,29.999999999999996,29.999999999999996,True,96.0,96.0,True,0.6,32.2166100144632,-2.2166100144631997,60.0,0.07388700048210665,32.2166100144632,0.0,0.25,0.5,False,False,True,
DR_PM_G_CLOSED,0.32,0.3,15.0,-30.0,-29.999999999999996,29.999999999999996,29.999999999999996,29.999999999999996,True,-96.0,-96.0,True,0.6,-19.598540145985396,-10.401459854014604,60.0,0.34671532846715347,19.598540145985396,0.0,0.9500000000000001,nan,False,False,True,
DR_PM_G_CLOSED,0.32,0.3,15.0,-15.0,-14.999999999999986,29.999999999999996,29.999999999999996,29.999999999999996,True,-35.88046532517442,-35.88046532517447,True,0.6,-0.7315227226786598,-14.26847727732134,30.0,0.9512318184880894,0.8525702720261481,0.0,nan,nan,False,False,True,
DR_PM_G_CLOSED,0.32,0.3,15.0,15.0,14.999999999999986,29.999999999999996,29.999999999999996,29.999999999999996,True,35.88046532517442,35.88046532517447,True,0.6,22.848311043846557,-7.848311043846557,30.0,0.5232207362564372,24.869309768096144,0.0,0.15000000000000002,nan,False,False,True,
DR_PM_G_CLOSED,0.32,0.3,15.0,30.0,29.999999999999996,29.999999999999996,29.999999999999996,29.999999999999996,True,96.0,96.0,True,0.6,41.7153284671533,-11.715328467153299,60.0,0.39051094890510996,43.831200847111354,0.0,0.15000000000000002,nan,False,False,True,
DR_PM_G_CLOSED,0.32,0.5,-15.0,-30.0,-29.999999999999996,29.999999999999996,29.999999999999996,29.999999999999996,True,-96.0,-96.0,True,0.6,-41.715328489705925,11.715328489705925,60.0,0.39051094965686417,43.54187628998001,0.0,0.25,nan,False,False,True,
DR_PM_G_CLOSED,0.32,0.5,-15.0,-15.0,-14.999999999999986,29.999999999999996,29.999999999999996,29.999999999999996,True,-35.88046532517442,-35.88046532517447,True,0.6,-22.848311070907908,7.848311070907908,30.0,0.5232207380605272,24.596356905854623,0.0,0.2,nan,False,False,True,
DR_PM_G_CLOSED,0.32,0.5,-15.0,15.0,14.999999999999986,29.999999999999996,29.999999999999996,29.999999999999996,True,35.88046532517442,35.88046532517447,True,0.6,0.73152272214136,14.26847727785864,30.0,0.9512318185239094,0.73152272214136,0.0,nan,nan,False,False,True,
DR_PM_G_CLOSED,0.32,0.5,-15.0,30.0,29.999999999999996,29.999999999999996,29.999999999999996,29.999999999999996,True,96.0,96.0,True,0.6,19.59854014418371,10.401459855816292,60.0,0.3467153285272097,19.59854014418371,0.0,1.5,nan,False,False,True,
DR_PM_G_CLOSED,0.32,0.5,0.0,-30.0,-29.999999999999996,29.999999999999996,29.999999999999996,29.999999999999996,True,-96.0,-96.0,True,0.6,-32.94759319225704,2.947593192257038,60.0,0.09825310640856794,32.94759319225704,0.0,0.4,0.8,False,False,True,
DR_PM_G_CLOSED,0.32,0.5,0.0,-15.0,-14.999999999999986,29.999999999999996,29.999999999999996,29.999999999999996,True,-35.88046532517442,-35.88046532517447,True,0.6,-12.8423986159467,-2.157601384053301,30.0,0.14384009227022004,12.8423986159467,0.0,0.6000000000000001,nan,False,False,True,
DR_PM_G_CLOSED,0.32,0.5,0.0,15.0,14.999999999999986,29.999999999999996,29.999999999999996,29.999999999999996,True,35.88046532517442,35.88046532517447,True,0.6,12.8423986159467,2.157601384053301,30.0,0.14384009227022004,12.8423986159467,0.0,0.6000000000000001,nan,False,False,True,
DR_PM_G_CLOSED,0.32,0.5,0.0,30.0,29.999999999999996,29.999999999999996,29.999999999999996,29.999999999999996,True,96.0,96.0,True,0.6,32.94759319225704,-2.947593192257038,60.0,0.09825310640856794,32.94759319225704,0.0,0.4,0.8,False,False,True,
DR_PM_G_CLOSED,0.32,0.5,15.0,-30.0,-29.999999999999996,29.999999999999996,29.999999999999996,29.999999999999996,True,-96.0,-96.0,True,0.6,-19.59854014418371,-10.401459855816292,60.0,0.3467153285272097,19.59854014418371,0.0,1.5,nan,False,False,True,
DR_PM_G_CLOSED,0.32,0.5,15.0,-15.0,-14.999999999999986,29.999999999999996,29.999999999999996,29.999999999999996,True,-35.88046532517442,-35.88046532517447,True,0.6,-0.73152272214136,-14.26847727785864,30.0,0.9512318185239094,0.73152272214136,0.0,nan,nan,False,False,True,
DR_PM_G_CLOSED,0.32,0.5,15.0,15.0,14.999999999999986,29.999999999999996,29.999999999999996,29.999999999999996,True,35.88046532517442,35.88046532517447,True,0.6,22.848311070907908,-7.848311070907908,30.0,0.5232207380605272,24.596356905854623,0.0,0.2,nan,False,False,True,
DR_PM_G_CLOSED,0.32,0.5,15.0,30.0,29.999999999999996,29.999999999999996,29.999999999999996,29.999999999999996,True,96.0,96.0,True,0.6,41.715328489705925,-11.715328489705925,60.0,0.39051094965686417,43.54187628998001,0.0,0.25,nan,False,False,True,
DR_PM_G_CLOSED,0.32,0.66,-15.0,-30.0,-29.999999999999996,29.999999999999996,29.999999999999996,29.999999999999996,True,-96.0,-96.0,True,0.6,-41.71533278954143,11.715332789541428,60.0,0.39051109298471426,43.450193163860924,0.0,0.35000000000000003,nan,False,False,True,
DR_PM_G_CLOSED,0.32,0.66,-15.0,-15.0,-14.999999999999986,29.999999999999996,29.999999999999996,29.999999999999996,True,-35.88046532517442,-35.88046532517447,True,0.6,-22.848315104411856,7.848315104411856,30.0,0.5232210069607904,24.42250988669403,0.0,0.30000000000000004,nan,False,False,True,
DR_PM_G_CLOSED,0.32,0.66,-15.0,15.0,14.999999999999986,29.999999999999996,29.999999999999996,29.999999999999996,True,35.88046532517442,35.88046532517447,True,0.6,0.731522599384837,14.268477400615163,30.0,0.9512318267076776,0.731522599384837,0.0,nan,nan,False,False,True,
DR_PM_G_CLOSED,0.32,0.66,-15.0,30.0,29.999999999999996,29.999999999999996,29.999999999999996,29.999999999999996,True,96.0,96.0,True,0.6,19.598539526905633,10.401460473094367,60.0,0.34671534910314555,19.598539526905633,0.0,2.0,nan,False,False,True,
DR_PM_G_CLOSED,0.32,0.66,0.0,-30.0,-29.999999999999996,29.999999999999996,29.999999999999996,29.999999999999996,True,-96.0,-96.0,True,0.6,-33.52176104329278,3.521761043292777,60.0,0.1173920347764259,33.52176104329278,0.0,0.55,nan,False,False,True,
DR_PM_G_CLOSED,0.32,0.66,0.0,-15.0,-14.999999999999986,29.999999999999996,29.999999999999996,29.999999999999996,True,-35.88046532517442,-35.88046532517447,True,0.6,-13.189060684255239,-1.8109393157447613,30.0,0.12072928771631743,13.189060684255239,0.0,0.8,2.6500000000000004,False,False,True,
DR_PM_G_CLOSED,0.32,0.66,0.0,15.0,14.999999999999986,29.999999999999996,29.999999999999996,29.999999999999996,True,35.88046532517442,35.88046532517447,True,0.6,13.189060684255239,1.8109393157447613,30.0,0.12072928771631743,13.189060684255239,0.0,0.8,2.6500000000000004,False,False,True,
DR_PM_G_CLOSED,0.32,0.66,0.0,30.0,29.999999999999996,29.999999999999996,29.999999999999996,29.999999999999996,True,96.0,96.0,True,0.6,33.52176104329278,-3.521761043292777,60.0,0.1173920347764259,33.52176104329278,0.0,0.55,nan,False,False,True,
DR_PM_G_CLOSED,0.32,0.66,15.0,-30.0,-29.999999999999996,29.999999999999996,29.999999999999996,29.999999999999996,True,-96.0,-96.0,True,0.6,-19.598539526905633,-10.401460473094367,60.0,0.34671534910314555,19.598539526905633,0.0,2.0,nan,False,False,True,
DR_PM_G_CLOSED,0.32,0.66,15.0,-15.0,-14.999999999999986,29.999999999999996,29.999999999999996,29.999999999999996,True,-35.88046532517442,-35.88046532517447,True,0.6,-0.731522599384837,-14.268477400615163,30.0,0.9512318267076776,0.731522599384837,0.0,nan,nan,False,False,True,
DR_PM_G_CLOSED,0.32,0.66,15.0,15.0,14.999999999999986,29.999999999999996,29.999999999999996,29.999999999999996,True,35.88046532517442,35.88046532517447,True,0.6,22.848315104411856,-7.848315104411856,30.0,0.5232210069607904,24.42250988669403,0.0,0.30000000000000004,nan,False,False,True,
DR_PM_G_CLOSED,0.32,0.66,15.0,30.0,29.999999999999996,29.999999999999996,29.999999999999996,29.999999999999996,True,96.0,96.0,True,0.6,41.71533278954143,-11.715332789541428,60.0,0.39051109298471426,43.450193163860924,0.0,0.35000000000000003,nan,False,False,True,
DR_PM_G_CLOSED,0.63,0.3,-15.0,-30.0,-29.999999999999996,29.999999999999996,29.999999999999996,29.999999999999996,True,-96.0,-96.0,True,0.6,-63.48191757779648,33.48191757779648,60.0,1.1160639192598827,64.18961749711444,0.0,0.1,nan,False,False,True,
DR_PM_G_CLOSED,0.63,0.3,-15.0,-15.0,-14.999999999999986,29.999999999999996,29.999999999999996,29.999999999999996,True,-35.88046532517442,-35.88046532517447,True,0.6,-29.242803326206804,14.242803326206804,30.0,0.9495202217471203,31.959349487099505,0.0,0.1,nan,False,False,True,
DR_PM_G_CLOSED,0.63,0.3,-15.0,15.0,14.999999999999986,29.999999999999996,29.999999999999996,29.999999999999996,True,35.88046532517442,35.88046532517447,True,0.6,10.118736574090452,4.881263425909548,30.0,0.32541756172730324,10.118736574090452,0.0,0.6000000000000001,nan,False,False,True,
DR_PM_G_CLOSED,0.63,0.3,-15.0,30.0,29.999999999999996,29.999999999999996,29.999999999999996,29.999999999999996,True,96.0,96.0,True,0.6,38.25063078216991,-8.250630782169907,60.0,0.2750210260723302,42.70591690266178,0.0,0.15000000000000002,nan,False,False,True,
DR_PM_G_CLOSED,0.63,0.3,0.0,-30.0,-29.999999999999996,29.999999999999996,29.999999999999996,29.999999999999996,True,-96.0,-96.0,True,0.6,-50.86627417998319,20.866274179983193,60.0,0.6955424726661065,53.38774669117456,0.0,0.1,nan,False,False,True,
DR_PM_G_CLOSED,0.63,0.3,0.0,-15.0,-14.999999999999986,29.999999999999996,29.999999999999996,29.999999999999996,True,-35.88046532517442,-35.88046532517447,True,0.6,-19.924383812600436,4.924383812600436,30.0,0.3282922541733624,21.44355664744253,0.0,0.15000000000000002,nan,False,False,True,
DR_PM_G_CLOSED,0.63,0.3,0.0,15.0,14.999999999999986,29.999999999999996,29.999999999999996,29.999999999999996,True,35.88046532517442,35.88046532517447,True,0.6,19.924383812600436,-4.924383812600436,30.0,0.3282922541733624,21.44355664744253,0.0,0.15000000000000002,nan,False,False,True,
DR_PM_G_CLOSED,0.63,0.3,0.0,30.0,29.999999999999996,29.999999999999996,29.999999999999996,29.999999999999996,True,96.0,96.0,True,0.6,50.86627417998319,-20.866274179983193,60.0,0.6955424726661065,53.38774669117456,0.0,0.1,nan,False,False,True,
DR_PM_G_CLOSED,0.63,0.3,15.0,-30.0,-29.999999999999996,29.999999999999996,29.999999999999996,29.999999999999996,True,-96.0,-96.0,True,0.6,-38.25063078216991,8.250630782169907,60.0,0.2750210260723302,42.70591690266178,0.0,0.15000000000000002,nan,False,False,True,
DR_PM_G_CLOSED,0.63,0.3,15.0,-15.0,-14.999999999999986,29.999999999999996,29.999999999999996,29.999999999999996,True,-35.88046532517442,-35.88046532517447,True,0.6,-10.118736574090452,-4.881263425909548,30.0,0.32541756172730324,10.118736574090452,0.0,0.6000000000000001,nan,False,False,True,
DR_PM_G_CLOSED,0.63,0.3,15.0,15.0,14.999999999999986,29.999999999999996,29.999999999999996,29.999999999999996,True,35.88046532517442,35.88046532517447,True,0.6,29.242803326206804,-14.242803326206804,30.0,0.9495202217471203,31.959349487099505,0.0,0.1,nan,False,False,True,
DR_PM_G_CLOSED,0.63,0.3,15.0,30.0,29.999999999999996,29.999999999999996,29.999999999999996,29.999999999999996,True,96.0,96.0,True,0.6,63.48191757779648,-33.48191757779648,60.0,1.1160639192598827,64.18961749711444,0.0,0.1,nan,False,False,True,
DR_PM_G_CLOSED,0.63,0.5,-15.0,-30.0,-29.999999999999996,29.999999999999996,29.999999999999996,29.999999999999996,True,-96.0,-96.0,True,0.6,-63.48191757760514,33.48191757760514,60.0,1.1160639192535047,63.48191757760514,0.0,0.15000000000000002,nan,False,False,True,
DR_PM_G_CLOSED,0.63,0.5,-15.0,-15.0,-14.999999999999986,29.999999999999996,29.999999999999996,29.999999999999996,True,-35.88046532517442,-35.88046532517447,True,0.6,-29.242803326881813,14.242803326881813,30.0,0.9495202217921208,31.13697067641809,0.0,0.15000000000000002,nan,False,False,True,
DR_PM_G_CLOSED,0.63,0.5,-15.0,15.0,14.999999999999986,29.999999999999996,29.999999999999996,29.999999999999996,True,35.88046532517442,35.88046532517447,True,0.6,11.049427957811016,3.950572042188984,30.0,0.2633714694792656,11.049427957811016,0.0,0.8500000000000001,nan,False,False,True,
DR_PM_G_CLOSED,0.63,0.5,-15.0,30.0,29.999999999999996,29.999999999999996,29.999999999999996,29.999999999999996,True,96.0,96.0,True,0.6,38.25063079188258,-8.250630791882578,60.0,0.27502102639608594,42.591753473016546,0.0,0.25,nan,False,False,True,
DR_PM_G_CLOSED,0.63,0.5,0.0,-30.0,-29.999999999999996,29.999999999999996,29.999999999999996,29.999999999999996,True,-96.0,-96.0,True,0.6,-50.866274180524385,20.866274180524385,60.0,0.6955424726841462,52.43839525130808,0.0,0.2,nan,False,False,True,
DR_PM_G_CLOSED,0.63,0.5,0.0,-15.0,-14.999999999999986,29.999999999999996,29.999999999999996,29.999999999999996,True,-35.88046532517442,-35.88046532517447,True,0.6,-19.92297462294825,4.922974622948249,30.0,0.32819830819654994,21.36497202217968,0.0,0.25,nan,False,False,True,
DR_PM_G_CLOSED,0.63,0.5,0.0,15.0,14.999999999999986,29.999999999999996,29.999999999999996,29.999999999999996,True,35.88046532517442,35.88046532517447,True,0.6,19.92297462294825,-4.922974622948249,30.0,0.32819830819654994,21.36497202217968,0.0,0.25,nan,False,False,True,
DR_PM_G_CLOSED,0.63,0.5,0.0,30.0,29.999999999999996,29.999999999999996,29.999999999999996,29.999999999999996,True,96.0,96.0,True,0.6,50.866274180524385,-20.866274180524385,60.0,0.6955424726841462,52.43839525130808,0.0,0.2,nan,False,False,True,
DR_PM_G_CLOSED,0.63,0.5,15.0,-30.0,-29.999999999999996,29.999999999999996,29.999999999999996,29.999999999999996,True,-96.0,-96.0,True,0.6,-38.25063079188258,8.250630791882578,60.0,0.27502102639608594,42.591753473016546,0.0,0.25,nan,False,False,True,
DR_PM_G_CLOSED,0.63,0.5,15.0,-15.0,-14.999999999999986,29.999999999999996,29.999999999999996,29.999999999999996,True,-35.88046532517442,-35.88046532517447,True,0.6,-11.049427957811016,-3.950572042188984,30.0,0.2633714694792656,11.049427957811016,0.0,0.8500000000000001,nan,False,False,True,
DR_PM_G_CLOSED,0.63,0.5,15.0,15.0,14.999999999999986,29.999999999999996,29.999999999999996,29.999999999999996,True,35.88046532517442,35.88046532517447,True,0.6,29.242803326881813,-14.242803326881813,30.0,0.9495202217921208,31.13697067641809,0.0,0.15000000000000002,nan,False,False,True,
DR_PM_G_CLOSED,0.63,0.5,15.0,30.0,29.999999999999996,29.999999999999996,29.999999999999996,29.999999999999996,True,96.0,96.0,True,0.6,63.48191757760514,-33.48191757760514,60.0,1.1160639192535047,63.48191757760514,0.0,0.15000000000000002,nan,False,False,True,
DR_PM_G_CLOSED,0.63,0.66,-15.0,-30.0,-29.999999999999996,29.999999999999996,29.999999999999996,29.999999999999996,True,-96.0,-96.0,True,0.6,-63.48191739905565,33.48191739905565,60.0,1.1160639133018548,63.48191739905565,0.0,0.2,nan,False,False,True,
DR_PM_G_CLOSED,0.63,0.66,-15.0,-15.0,-14.999999999999986,29.999999999999996,29.999999999999996,29.999999999999996,True,-35.88046532517442,-35.88046532517447,True,0.6,-29.242803537853504,14.242803537853504,30.0,0.9495202358569003,30.712849530866748,0.0,0.2,nan,False,False,True,
DR_PM_G_CLOSED,0.63,0.66,-15.0,15.0,14.999999999999986,29.999999999999996,29.999999999999996,29.999999999999996,True,35.88046532517442,35.88046532517447,True,0.6,11.663602373577506,3.336397626422494,30.0,0.22242650842816628,11.663602373577506,0.0,1.0,nan,False,False,True,
DR_PM_G_CLOSED,0.63,0.66,-15.0,30.0,29.999999999999996,29.999999999999996,29.999999999999996,29.999999999999996,True,96.0,96.0,True,0.6,38.25063354655203,-8.25063354655203,60.0,0.27502111821840103,42.57534187219593,0.0,0.30000000000000004,nan,False,False,True,
DR_PM_G_CLOSED,0.63,0.66,0.0,-30.0,-29.999999999999996,29.999999999999996,29.999999999999996,29.999999999999996,True,-96.0,-96.0,True,0.6,-50.866274335071886,20.866274335071886,60.0,0.6955424778357295,51.91271694042242,0.0,0.25,nan,False,False,True,
DR_PM_G_CLOSED,0.63,0.66,0.0,-15.0,-14.999999999999986,29.999999999999996,29.999999999999996,29.999999999999996,True,-35.88046532517442,-35.88046532517447,True,0.6,-19.94793795208207,4.947937952082071,30.0,0.3298625301388048,21.415315232068217,0.0,0.30000000000000004,nan,False,False,True,
DR_PM_G_CLOSED,0.63,0.66,0.0,15.0,14.999999999999986,29.999999999999996,29.999999999999996,29.999999999999996,True,35.88046532517442,35.88046532517447,True,0.6,19.94793795208207,-4.947937952082071,30.0,0.3298625301388048,21.415315232068217,0.0,0.30000000000000004,nan,False,False,True,
DR_PM_G_CLOSED,0.63,0.66,0.0,30.0,29.999999999999996,29.999999999999996,29.999999999999996,29.999999999999996,True,96.0,96.0,True,0.6,50.866274335071886,-20.866274335071886,60.0,0.6955424778357295,51.91271694042242,0.0,0.25,nan,False,False,True,
DR_PM_G_CLOSED,0.63,0.66,15.0,-30.0,-29.999999999999996,29.999999999999996,29.999999999999996,29.999999999999996,True,-96.0,-96.0,True,0.6,-38.25063354655203,8.25063354655203,60.0,0.27502111821840103,42.57534187219593,0.0,0.30000000000000004,nan,False,False,True,
DR_PM_G_CLOSED,0.63,0.66,15.0,-15.0,-14.999999999999986,29.999999999999996,29.999999999999996,29.999999999999996,True,-35.88046532517442,-35.88046532517447,True,0.6,-11.663602373577506,-3.336397626422494,30.0,0.22242650842816628,11.663602373577506,0.0,1.0,nan,False,False,True,
DR_PM_G_CLOSED,0.63,0.66,15.0,15.0,14.999999999999986,29.999999999999996,29.999999999999996,29.999999999999996,True,35.88046532517442,35.88046532517447,True,0.6,29.242803537853504,-14.242803537853504,30.0,0.9495202358569003,30.712849530866748,0.0,0.2,nan,False,False,True,
DR_PM_G_CLOSED,0.63,0.66,15.0,30.0,29.999999999999996,29.999999999999996,29.999999999999996,29.999999999999996,True,96.0,96.0,True,0.6,63.48191739905565,-33.48191739905565,60.0,1.1160639133018548,63.48191739905565,0.0,0.2,nan,False,False,True,
DR_PM_G_CLOSED,1.0,0.3,-15.0,-30.0,-29.999999999999996,29.999999999999996,29.999999999999996,29.999999999999996,True,-96.0,-96.0,True,0.6,-85.38461538461536,55.38461538461536,60.0,1.8461538461538454,85.38461538461536,0.0,0.05,nan,False,False,True,
DR_PM_G_CLOSED,1.0,0.3,-15.0,-15.0,-14.999999999999986,29.999999999999996,29.999999999999996,29.999999999999996,True,-35.88046532517442,-35.88046532517447,True,0.6,-35.67728101936495,20.677281019364948,30.0,1.3784854012909966,38.913075027482414,0.0,0.1,nan,False,False,True,
DR_PM_G_CLOSED,1.0,0.3,-15.0,15.0,14.999999999999986,29.999999999999996,29.999999999999996,29.999999999999996,True,35.88046532517442,35.88046532517447,True,0.6,19.86995827308118,-4.869958273081181,30.0,0.32466388487207876,20.2158331828187,0.0,0.15000000000000002,nan,False,False,True,
DR_PM_G_CLOSED,1.0,0.3,-15.0,30.0,29.999999999999996,29.999999999999996,29.999999999999996,29.999999999999996,True,96.0,96.0,True,0.6,62.30769230769232,-32.30769230769232,60.0,1.0769230769230773,64.3963411485697,0.0,0.1,nan,False,False,True,
DR_PM_G_CLOSED,1.0,0.3,0.0,-30.0,-29.999999999999996,29.999999999999996,29.999999999999996,29.999999999999996,True,-96.0,-96.0,True,0.6,-73.84615384615387,43.84615384615387,60.0,1.4615384615384623,74.0995253164019,0.0,0.1,nan,False,False,True,
DR_PM_G_CLOSED,1.0,0.3,0.0,-15.0,-14.999999999999986,29.999999999999996,29.999999999999996,29.999999999999996,True,-35.88046532517442,-35.88046532517447,True,0.6,-24.1388194809034,9.1388194809034,30.0,0.6092546320602267,29.362586551253727,0.0,0.1,nan,False,False,True,
DR_PM_G_CLOSED,1.0,0.3,0.0,15.0,14.999999999999986,29.999999999999996,29.999999999999996,29.999999999999996,True,35.88046532517442,35.88046532517447,True,0.6,24.1388194809034,-9.1388194809034,30.0,0.6092546320602267,29.362586551253727,0.0,0.1,nan,False,False,True,
DR_PM_G_CLOSED,1.0,0.3,0.0,30.0,29.999999999999996,29.999999999999996,29.999999999999996,29.999999999999996,True,96.0,96.0,True,0.6,73.84615384615387,-43.84615384615387,60.0,1.4615384615384623,74.0995253164019,0.0,0.1,nan,False,False,True,
DR_PM_G_CLOSED,1.0,0.3,15.0,-30.0,-29.999999999999996,29.999999999999996,29.999999999999996,29.999999999999996,True,-96.0,-96.0,True,0.6,-62.30769230769232,32.30769230769232,60.0,1.0769230769230773,64.3963411485697,0.0,0.1,nan,False,False,True,
DR_PM_G_CLOSED,1.0,0.3,15.0,-15.0,-14.999999999999986,29.999999999999996,29.999999999999996,29.999999999999996,True,-35.88046532517442,-35.88046532517447,True,0.6,-19.86995827308118,4.869958273081181,30.0,0.32466388487207876,20.2158331828187,0.0,0.15000000000000002,nan,False,False,True,
DR_PM_G_CLOSED,1.0,0.3,15.0,15.0,14.999999999999986,29.999999999999996,29.999999999999996,29.999999999999996,True,35.88046532517442,35.88046532517447,True,0.6,35.67728101936495,-20.677281019364948,30.0,1.3784854012909966,38.913075027482414,0.0,0.1,nan,False,False,True,
DR_PM_G_CLOSED,1.0,0.3,15.0,30.0,29.999999999999996,29.999999999999996,29.999999999999996,29.999999999999996,True,96.0,96.0,True,0.6,85.38461538461536,-55.38461538461536,60.0,1.8461538461538454,85.38461538461536,0.0,0.05,nan,False,False,True,
DR_PM_G_CLOSED,1.0,0.5,-15.0,-30.0,-29.999999999999996,29.999999999999996,29.999999999999996,29.999999999999996,True,-96.0,-96.0,True,0.6,-85.38461538457216,55.38461538457216,60.0,1.8461538461524052,85.38461538457216,0.0,0.1,nan,False,False,True,
DR_PM_G_CLOSED,1.0,0.5,-15.0,-15.0,-14.999999999999986,29.999999999999996,29.999999999999996,29.999999999999996,True,-35.88046532517442,-35.88046532517447,True,0.6,-35.677281019391586,20.677281019391586,30.0,1.3784854012927723,37.40658900884565,0.0,0.1,nan,False,False,True,
DR_PM_G_CLOSED,1.0,0.5,-15.0,15.0,14.999999999999986,29.999999999999996,29.999999999999996,29.999999999999996,True,35.88046532517442,35.88046532517447,True,0.6,19.93217713860374,-4.932177138603741,30.0,0.3288118092402494,20.34852265177938,0.0,0.25,nan,False,False,True,
DR_PM_G_CLOSED,1.0,0.5,-15.0,30.0,29.999999999999996,29.999999999999996,29.999999999999996,29.999999999999996,True,96.0,96.0,True,0.6,62.30769230769571,-32.30769230769571,60.0,1.0769230769231903,62.552472905783866,0.0,0.15000000000000002,nan,False,False,True,
DR_PM_G_CLOSED,1.0,0.5,0.0,-30.0,-29.999999999999996,29.999999999999996,29.999999999999996,29.999999999999996,True,-96.0,-96.0,True,0.6,-73.84615384612842,43.846153846128416,60.0,1.461538461537614,73.84615384612842,0.0,0.1,nan,False,False,True,
DR_PM_G_CLOSED,1.0,0.5,0.0,-15.0,-14.999999999999986,29.999999999999996,29.999999999999996,29.999999999999996,True,-35.88046532517442,-35.88046532517447,True,0.6,-24.138819481120056,9.138819481120056,30.0,0.6092546320746703,28.53511994280291,0.0,0.15000000000000002,nan,False,False,True,
DR_PM_G_CLOSED,1.0,0.5,0.0,15.0,14.999999999999986,29.999999999999996,29.999999999999996,29.999999999999996,True,35.88046532517442,35.88046532517447,True,0.6,24.138819481120056,-9.138819481120056,30.0,0.6092546320746703,28.53511994280291,0.0,0.15000000000000002,nan,False,False,True,
DR_PM_G_CLOSED,1.0,0.5,0.0,30.0,29.999999999999996,29.999999999999996,29.999999999999996,29.999999999999996,True,96.0,96.0,True,0.6,73.84615384612842,-43.846153846128416,60.0,1.461538461537614,73.84615384612842,0.0,0.1,nan,False,False,True,
DR_PM_G_CLOSED,1.0,0.5,15.0,-30.0,-29.999999999999996,29.999999999999996,29.999999999999996,29.999999999999996,True,-96.0,-96.0,True,0.6,-62.30769230769571,32.30769230769571,60.0,1.0769230769231903,62.552472905783866,0.0,0.15000000000000002,nan,False,False,True,
DR_PM_G_CLOSED,1.0,0.5,15.0,-15.0,-14.999999999999986,29.999999999999996,29.999999999999996,29.999999999999996,True,-35.88046532517442,-35.88046532517447,True,0.6,-19.93217713860374,4.932177138603741,30.0,0.3288118092402494,20.34852265177938,0.0,0.25,nan,False,False,True,
DR_PM_G_CLOSED,1.0,0.5,15.0,15.0,14.999999999999986,29.999999999999996,29.999999999999996,29.999999999999996,True,35.88046532517442,35.88046532517447,True,0.6,35.677281019391586,-20.677281019391586,30.0,1.3784854012927723,37.40658900884565,0.0,0.1,nan,False,False,True,
DR_PM_G_CLOSED,1.0,0.5,15.0,30.0,29.999999999999996,29.999999999999996,29.999999999999996,29.999999999999996,True,96.0,96.0,True,0.6,85.38461538457216,-55.38461538457216,60.0,1.8461538461524052,85.38461538457216,0.0,0.1,nan,False,False,True,
DR_PM_G_CLOSED,1.0,0.66,-15.0,-30.0,-29.999999999999996,29.999999999999996,29.999999999999996,29.999999999999996,True,-96.0,-96.0,True,0.6,-85.38461532497837,55.38461532497837,60.0,1.8461538441659457,85.38461532497837,0.0,0.15000000000000002,nan,False,False,True,
DR_PM_G_CLOSED,1.0,0.66,-15.0,-15.0,-14.999999999999986,29.999999999999996,29.999999999999996,29.999999999999996,True,-35.88046532517442,-35.88046532517447,True,0.6,-35.677281031180556,20.677281031180556,30.0,1.3784854020787036,36.56991412766877,0.0,0.15000000000000002,nan,False,False,True,
DR_PM_G_CLOSED,1.0,0.66,-15.0,15.0,14.999999999999986,29.999999999999996,29.999999999999996,29.999999999999996,True,35.88046532517442,35.88046532517447,True,0.6,19.89941027077472,-4.89941027077472,30.0,0.3266273513849813,20.519952344109175,0.0,0.30000000000000004,nan,False,False,True,
DR_PM_G_CLOSED,1.0,0.66,-15.0,30.0,29.999999999999996,29.999999999999996,29.999999999999996,29.999999999999996,True,96.0,96.0,True,0.6,62.30769229722793,-32.30769229722793,60.0,1.0769230765742643,62.30769229722793,0.0,0.15000000000000002,nan,False,False,True,
DR_PM_G_CLOSED,1.0,0.66,0.0,-30.0,-29.999999999999996,29.999999999999996,29.999999999999996,29.999999999999996,True,-96.0,-96.0,True,0.6,-73.8461538070932,43.8461538070932,60.0,1.46153846023644,73.8461538070932,0.0,0.15000000000000002,nan,False,False,True,
DR_PM_G_CLOSED,1.0,0.66,0.0,-15.0,-14.999999999999986,29.999999999999996,29.999999999999996,29.999999999999996,True,-35.88046532517442,-35.88046532517447,True,0.6,-24.138819613991007,9.138819613991007,30.0,0.6092546409327338,28.209980547539665,0.0,0.2,nan,False,False,True,
DR_PM_G_CLOSED,1.0,0.66,0.0,15.0,14.999999999999986,29.999999999999996,29.999999999999996,29.999999999999996,True,35.88046532517442,35.88046532517447,True,0.6,24.138819613991007,-9.138819613991007,30.0,0.6092546409327338,28.209980547539665,0.0,0.2,nan,False,False,True,
DR_PM_G_CLOSED,1.0,0.66,0.0,30.0,29.999999999999996,29.999999999999996,29.999999999999996,29.999999999999996,True,96.0,96.0,True,0.6,73.8461538070932,-43.8461538070932,60.0,1.46153846023644,73.8461538070932,0.0,0.15000000000000002,nan,False,False,True,
DR_PM_G_CLOSED,1.0,0.66,15.0,-30.0,-29.999999999999996,29.999999999999996,29.999999999999996,29.999999999999996,True,-96.0,-96.0,True,0.6,-62.30769229722793,32.30769229722793,60.0,1.0769230765742643,62.30769229722793,0.0,0.15000000000000002,nan,False,False,True,
DR_PM_G_CLOSED,1.0,0.66,15.0,-15.0,-14.999999999999986,29.999999999999996,29.999999999999996,29.999999999999996,True,-35.88046532517442,-35.88046532517447,True,0.6,-19.89941027077472,4.89941027077472,30.0,0.3266273513849813,20.519952344109175,0.0,0.30000000000000004,nan,False,False,True,
DR_PM_G_CLOSED,1.0,0.66,15.0,15.0,14.999999999999986,29.999999999999996,29.999999999999996,29.999999999999996,True,35.88046532517442,35.88046532517447,True,0.6,35.677281031180556,-20.677281031180556,30.0,1.3784854020787036,36.56991412766877,0.0,0.15000000000000002,nan,False,False,True,
DR_PM_G_CLOSED,1.0,0.66,15.0,30.0,29.999999999999996,29.999999999999996,29.999999999999996,29.999999999999996,True,96.0,96.0,True,0.6,85.38461532497837,-55.38461532497837,60.0,1.8461538441659457,85.38461532497837,0.0,0.15000000000000002,nan,False,False,True,
