case,source,mode,valid_input,l1_valid,l1out_valid,control_valid,course_deg,target_bearing_deg,nu_deg,confidence,yaw_rate_cmd_dps,yaw_rate_limit_dps,distance_to_target,nav_E,nav_N,l1_E,l1_N,l1_V,out_V,out_course_deg,reason
direct_positive_nu,direct,GPS_TRACKING_CLOSED,True,True,True,True,0.0,29.999999999999993,29.999999999999993,1.0,23.873241463784293,59.99999999999999,100.0,0.0,0.0,0.0,0.0,5.0,5.0,0.0,direct_positive_nu
direct_negative_nu,direct,GPS_TRACKING_CLOSED,True,True,True,True,0.0,-29.999999999999993,-29.999999999999993,1.0,-23.873241463784293,59.99999999999999,100.0,0.0,0.0,0.0,0.0,5.0,5.0,0.0,direct_negative_nu
direct_deadband_nu,direct,GPS_TRACKING_CLOSED,True,True,True,True,0.0,2.4999999999999973,2.4999999999999973,1.0,0.0,59.99999999999999,100.0,0.0,0.0,0.0,0.0,5.0,5.0,0.0,direct_deadband_nu
direct_dr_conf_full,direct,DR_M_G_CLOSED,True,True,True,True,0.0,20.000000000000004,20.000000000000004,1.0,16.33025893418361,35.0,100.0,0.0,0.0,0.0,0.0,5.0,5.0,0.0,direct_dr_conf_full
direct_dr_conf_half,direct,DR_M_G_CLOSED,True,True,True,True,0.0,20.000000000000004,20.000000000000004,0.5,8.165129467091806,35.0,100.0,0.0,0.0,0.0,0.0,5.0,5.0,0.0,direct_dr_conf_half
direct_invalid_input,direct,GPS_TRACKING_CLOSED,False,False,False,False,0.0,nan,nan,1.0,0.0,59.99999999999999,nan,0.0,0.0,0.0,0.0,5.0,5.0,0.0,direct_invalid_input
pipeline_positive_nu,pipeline,GPS_TRACKING_CLOSED,True,True,True,True,0.0,29.999999999986454,29.999999999986454,1.0,23.873241463774526,59.99999999999999,99.99999999987024,0.0,0.0,0.0,0.0,5.0,5.0,0.0,GPS_NAV
pipeline_negative_nu,pipeline,GPS_TRACKING_CLOSED,True,True,True,True,0.0,-29.999999999986454,-29.999999999986454,1.0,-23.873241463774526,59.99999999999999,99.99999999987024,0.0,0.0,0.0,0.0,5.0,5.0,0.0,GPS_NAV
pipeline_deadband_nu,pipeline,GPS_TRACKING_CLOSED,True,True,True,True,0.0,2.5000000001363283,2.5000000001363283,1.0,0.0,59.99999999999999,100.00000000036898,0.0,0.0,0.0,0.0,5.0,5.0,0.0,GPS_NAV
