case,mode,nav_valid,nav_E,nav_N,nav_V,nav_course_deg,nav_confidence,l1_valid,l1_reason,l1_E,l1_N,l1_V,l1_course_deg,l1_vE,l1_vN,l1_target_E,l1_target_N,l1_confidence,l1_dr_method,l1out_valid,l1out_reason,distance_to_target,nu_deg,target_bearing_deg,yaw_rate_cmd_dps,yaw_rate_limit_dps,ctrl_valid,delta_arm_deg
A_NO_ORIGIN,FAIL,False,nan,nan,nan,nan,0.0,False,NO_ORIGIN,nan,nan,nan,nan,nan,nan,nan,nan,0.0,NONE,False,NO_ORIGIN,nan,nan,nan,0.0,0.0,False,0.0
B_NO_TARGET,FAIL,False,nan,nan,nan,nan,0.0,False,NO_TARGET,nan,nan,nan,nan,nan,nan,nan,nan,0.0,NONE,False,NO_TARGET,nan,nan,nan,0.0,0.0,False,0.0
C_GPS_TRACKING_CLOSED,GPS_TRACKING_CLOSED,True,3.0000000000705973,2.0000000001472373,4.0,90.0,1.0,True,GPS_NAV,3.0000000000705973,2.0000000001472373,4.0,90.0,4.0,2.4492935982947064e-16,80.0000000006206,19.9999999998922,1.0,NONE,True,GPS_NAV,79.07591289435436,-13.157542739744143,76.84245726025586,-8.694801349505926,59.99999999999999,True,-22.260448931910936
D_GPS_TRACKING_OPEN,GPS_TRACKING_OPEN,True,3.0000000000705973,2.0000000001472373,4.0,0.0,1.0,True,GPS_NAV,3.0000000000705973,2.0000000001472373,4.0,0.0,0.0,4.0,80.0000000006206,19.9999999998922,1.0,NONE,True,GPS_NAV,79.07591289435436,76.84245726025586,76.84245726025586,35.0,35.0,True,160.0
E_DR_M_GBA,DR_M_GBA_CLOSED,True,10.000000000235323,5.9999999996516244,4.41498577180593,92.5,0.98,True,DR_M_GBA_CLOSED,10.000000000235323,5.9999999996516244,4.41498577180593,92.5,4.410812174960174,-0.19192530440747793,80.0000000006206,19.9999999998922,0.98,GYRO_ACC_BLEND,True,DR_M_GBA_CLOSED,71.38627319072397,-13.80993247414889,78.6900675258511,-9.86239671229166,50.0,True,-24.376852931009072
F_DR_PM_GBA,DR_PM_GBA_CLOSED,True,2.205406087480087,-0.09596265220373897,4.41498577180593,92.5,0.98,True,DR_PM_GBA_CLOSED,2.205406087480087,-0.09596265220373897,4.41498577180593,92.5,4.410812174960174,-0.19192530440747793,80.0000000006206,19.9999999998922,0.98,GYRO_ACC_BLEND,True,DR_PM_GBA_CLOSED,80.34828285050574,-16.984061009667474,75.51593899033251,-12.068873625220313,45.0,True,-23.86187266717327
G_NAV_INVALID,GPS_TRACKING_CLOSED,True,3.0000000000705973,2.0000000001472373,0.25,90.0,1.0,False,NAV_INVALID,nan,nan,nan,nan,nan,nan,nan,nan,1.0,NONE,False,NAV_INVALID,nan,nan,nan,0.0,59.99999999999999,False,0.0
H_L1INPUT_TO_L1OUTPUT,GPS_TRACKING_CLOSED,True,3.0000000000705973,2.0000000001472373,4.0,90.0,1.0,True,GPS_NAV,3.0000000000705973,2.0000000001472373,4.0,90.0,4.0,2.4492935982947064e-16,80.0000000006206,19.9999999998922,1.0,NONE,True,GPS_NAV,79.07591289435436,-13.157542739744143,76.84245726025586,-8.694801349505926,59.99999999999999,True,-22.260448931910936
I_L1OUTPUT_TO_CONTROL,GPS_TRACKING_CLOSED,True,3.0000000000705973,2.0000000001472373,4.0,0.0,1.0,True,GPS_NAV,3.0000000000705973,2.0000000001472373,4.0,0.0,0.0,4.0,80.0000000006206,19.9999999998922,1.0,NONE,True,GPS_NAV,79.07591289435436,76.84245726025586,76.84245726025586,37.1944279959014,59.99999999999999,True,101.12787133468653
