scenario,cycle,t,mode,fail_reason,gps_pos_fresh,gps_motion_fresh,imu_gyrz_fresh,imu_yaw_fresh,baro_sink_fresh,acc_fresh,nav_valid,nav_E,nav_N,nav_V,nav_course_deg,dr_current_E,dr_current_N,dr_confidence,dr_age_s,dr_method,l1_valid,l1_reason,l1out_valid,l1out_reason,yaw_rate_cmd_dps,yaw_rate_limit_dps,ctrl_valid,ctrl_reason,delta_arm_deg,produce_l1input_mutated_dr,decide_calls,truth_E,truth_N,truth_course_deg,truth_V,est_distance_to_target,truth_distance_to_target,distance_error_m,target_bearing_est_deg,target_bearing_truth_deg,nu_est_deg,nu_truth_deg,abs_nu_est_deg,abs_nu_truth_deg,closing_rate_est_mps,closing_rate_truth_mps,distance_decreasing_est,distance_decreasing_truth,yaw_cmd_sign_correct_est,yaw_cmd_sign_correct_truth,target_pointing_ok,baro_sink_spike,speed_clamped,dr_speed_source,jump_current_unchanged
A_GPS_TO_DR_M_GBA,0,1005.2,DR_M_GBA_CLOSED,DR_M_GBA_CLOSED,True,False,True,True,True,True,True,20.79999999998468,0.0,4.4,90.0,20.79999999998468,0.0,0.9959999999999991,5.2000000000000455,GYRO_ACC_BLEND,True,DR_M_GBA_CLOSED,True,DR_M_GBA_CLOSED,-13.394388553914515,50.0,True,OK,-27.60888658833421,False,1,20.800000000000182,1.2736326711132585e-15,90.0,4.0,62.487118672585744,62.48711867257106,1.468691834816127e-11,71.33308572578429,71.33308572577972,-18.666914274215713,-18.666914274220268,18.666914274215713,18.666914274220268,4.168539141081325,3.7895810373465575,False,False,True,True,True,False,False,SPEED_BARO,
B_GPS_TO_DR_PM_GBA,0,1005.2,DR_PM_GBA_CLOSED,DR_PM_GBA_CLOSED,False,False,True,True,True,True,True,2.2,1.3471114790620887e-16,4.4,90.0,2.2,1.3471114790620887e-16,0.9959999999999991,5.2000000000000455,GYRO_ACC_BLEND,True,DR_PM_GBA_CLOSED,True,DR_PM_GBA_CLOSED,-10.419285640500204,45.0,True,OK,-17.112406157195633,False,1,20.800000000000182,1.2736326711132585e-15,90.0,4.0,80.3295711428861,62.48711867257106,17.84245247031504,75.58317422208754,71.33308572577972,-14.416825777912464,-18.666914274220268,14.416825777912464,18.666914274220268,4.261444386290807,3.7895810373465575,False,False,True,True,True,False,False,SPEED_BARO,
B_GPS_TO_DR_PM_GBA,1,1005.4000000000001,DR_PM_GBA_CLOSED,DR_PM_GBA_CLOSED,False,False,True,True,True,True,True,3.0800000000002004,1.8859560706870467e-16,4.4,90.0,3.0800000000002004,1.8859560706870467e-16,0.9919999999999982,5.400000000000091,GYRO_ACC_BLEND,True,DR_PM_GBA_CLOSED,True,DR_PM_GBA_CLOSED,-10.48868561453251,45.0,True,OK,-18.495562868956142,False,1,21.600000000000183,1.3226185430791527e-15,90.0,4.0,79.47758426122405,61.72973351635319,17.74785074487086,75.42522563557534,71.0954241573883,-14.574774364424654,-18.904575842611713,14.574774364424654,18.904575842611713,4.258408243607412,3.784237946501339,True,True,True,True,True,False,False,SPEED_BARO,
B_GPS_TO_DR_PM_GBA,2,1005.6,DR_PM_GBA_CLOSED,DR_PM_GBA_CLOSED,False,False,True,True,True,True,True,3.9599999999999005,2.4248006623116983e-16,4.4,90.0,3.9599999999999005,2.4248006623116983e-16,0.9879999999999995,5.600000000000023,GYRO_ACC_BLEND,True,DR_PM_GBA_CLOSED,True,DR_PM_GBA_CLOSED,-10.559506750303642,45.0,True,OK,-19.89012214814404,False,1,22.400000000000183,1.371604415045047e-15,90.0,4.0,78.6262144580293,60.973436839331754,17.65277761869754,75.26385524519802,70.85186254206035,-14.736144754801979,-19.14813745793965,14.736144754801979,19.14813745793965,4.255272904924061,3.778694656939144,True,True,True,True,True,False,False,SPEED_BARO,
B_GPS_TO_DR_PM_GBA,3,1005.8000000000001,DR_PM_GBA_CLOSED,DR_PM_GBA_CLOSED,False,False,True,True,True,True,True,4.840000000000101,2.963645253936656e-16,4.4,90.0,4.840000000000101,2.963645253936656e-16,0.9839999999999987,5.800000000000068,GYRO_ACC_BLEND,True,DR_PM_GBA_CLOSED,True,DR_PM_GBA_CLOSED,-10.631791262251255,45.0,True,OK,-21.296356176897696,False,1,23.200000000000184,1.4205902870109412e-15,90.0,4.0,77.77548199786347,60.21826965298803,17.55721234487544,75.09895328356035,70.60218755144172,-14.901046716439652,-19.397812448558284,14.901046716439652,19.397812448558284,4.2520340794427245,3.7729413566556307,True,True,True,True,True,False,False,SPEED_BARO,
B_GPS_TO_DR_PM_GBA,4,1006.0,DR_PM_GBA_CLOSED,DR_PM_GBA_CLOSED,False,False,True,True,True,True,True,5.719999999999801,3.502489845561308e-16,4.4,90.0,5.719999999999801,3.502489845561308e-16,0.98,6.0,GYRO_ACC_BLEND,True,DR_PM_GBA_CLOSED,True,DR_PM_GBA_CLOSED,-10.705582962179097,45.0,True,OK,-22.71454646638709,False,1,24.000000000000185,1.4695761589768354e-15,90.0,4.0,76.92540802621738,59.46427498927385,17.461133036943536,74.93040535988703,70.34617594194664,-15.069594640112964,-19.65382405805336,15.069594640112964,19.65382405805336,4.248687246333636,3.7669676463793484,True,True,True,True,True,False,False,SPEED_BARO,
B_GPS_TO_DR_PM_GBA,5,1006.2,DR_PM_GBA_CLOSED,DR_PM_GBA_CLOSED,False,False,True,True,True,True,True,6.600000000000001,4.041334437186266e-16,4.4,90.0,6.600000000000001,4.041334437186266e-16,0.9759999999999991,6.2000000000000455,GYRO_ACC_BLEND,True,DR_PM_GBA_CLOSED,True,DR_PM_GBA_CLOSED,-10.78092732979707,45.0,True,OK,-24.144984259104085,False,1,24.800000000000185,1.5185620309427296e-15,90.0,4.0,76.07601461696059,58.711498022107904,17.364516594852688,74.7580922211981,70.08359400619085,-15.241907778801906,-19.916405993809146,15.241907778801906,19.916405993809146,4.245227640092472,3.7607624986311317,True,True,True,True,True,False,False,SPEED_BARO,
B_GPS_TO_DR_PM_GBA,6,1006.4000000000001,DR_PM_GBA_CLOSED,DR_PM_GBA_CLOSED,False,False,True,True,True,True,True,7.480000000000201,4.580179028811224e-16,4.4,90.0,7.480000000000201,4.580179028811224e-16,0.9719999999999982,6.400000000000091,GYRO_ACC_BLEND,True,DR_PM_GBA_CLOSED,True,DR_PM_GBA_CLOSED,-10.857871586575406,45.0,True,OK,-25.58797095108185,False,1,25.600000000000186,1.5675479029086238e-15,90.0,4.0,75.22732482283263,57.959986197375684,17.267338625456944,74.58188949904361,69.8141969905351,-15.418110500956384,-20.18580300946491,15.418110500956384,20.18580300946491,4.241650234824662,3.7543142135850225,True,True,True,True,True,False,False,SPEED_BARO,
B_GPS_TO_DR_PM_GBA,7,1006.6,DR_PM_GBA_CLOSED,DR_PM_GBA_CLOSED,False,False,True,True,True,True,True,8.359999999999902,5.119023620435876e-16,4.4,90.0,8.359999999999902,5.119023620435876e-16,0.9679999999999995,6.600000000000023,GYRO_ACC_BLEND,True,DR_PM_GBA_CLOSED,True,DR_PM_GBA_CLOSED,-10.936464773051737,45.0,True,OK,-26.423361763212036,False,1,26.400000000000187,1.616533774874518e-15,90.0,4.0,74.37936272918728,57.209789372099415,17.169573357087863,74.40166744081047,69.53772847657774,-15.598332559189531,-20.462271523422267,15.598332559189531,20.462271523422267,4.23794972736848,3.7476103714613527,True,True,True,True,True,False,False,SPEED_BARO,
C_DR_PM_G_FALLBACK,0,1005.2,DR_PM_G_CLOSED,DR_PM_G_CLOSED,False,False,True,False,False,False,True,2.0,1.2246467991473532e-16,4.0,90.0,2.0,1.2246467991473532e-16,0.9959999999999991,5.2000000000000455,GYRO_INTEGRATION,True,DR_PM_G_CLOSED,True,DR_PM_G_CLOSED,-9.449290578682508,29.999999999999996,True,OK,-22.84167116287487,False,1,20.800000000000182,1.2736326711132585e-15,90.0,4.0,80.52328855678958,62.48711867257106,18.036169884218523,75.6186054089094,71.33308572577972,-14.381394591090604,-18.666914274220268,14.381394591090604,18.666914274220268,3.87465546417618,3.7895810373465575,False,False,True,True,True,False,False,SPEED_LASTV,
C_DR_PM_G_FALLBACK,1,1005.4000000000001,DR_PM_G_CLOSED,DR_PM_G_CLOSED,False,False,True,False,False,False,True,2.800000000000182,1.7145055188064058e-16,4.0,90.0,2.800000000000182,1.7145055188064058e-16,0.9919999999999982,5.400000000000091,GYRO_INTEGRATION,True,DR_PM_G_CLOSED,True,DR_PM_G_CLOSED,-9.502764054416087,29.999999999999996,True,OK,-24.137792295567255,False,1,21.600000000000183,1.3226185430791527e-15,90.0,4.0,79.74860500347309,61.72973351635319,18.018871487119895,75.47584806258078,71.0954241573883,-14.524151937419221,-18.904575842611713,14.524151937419221,18.904575842611713,3.872168045905642,3.784237946501339,True,True,True,True,True,False,False,SPEED_LASTV,
C_DR_PM_G_FALLBACK,2,1005.6,DR_PM_G_CLOSED,DR_PM_G_CLOSED,False,False,True,False,False,False,True,3.599999999999909,2.20436423846518e-16,4.0,90.0,3.599999999999909,2.20436423846518e-16,0.9879999999999995,5.600000000000023,GYRO_INTEGRATION,True,DR_PM_G_CLOSED,True,DR_PM_G_CLOSED,-9.557225522752432,29.999999999999996,True,OK,-25.44373193645353,False,1,22.400000000000183,1.371604415045047e-15,90.0,4.0,78.97442624039768,60.973436839331754,18.000989401065922,75.33029092452541,70.85186254206035,-14.669709075474586,-19.14813745793965,14.669709075474586,19.14813745793965,3.8696070936907576,3.778694656939144,True,True,True,True,True,False,False,SPEED_LASTV,
C_DR_PM_G_FALLBACK,3,1005.8000000000001,DR_PM_G_CLOSED,DR_PM_G_CLOSED,False,False,True,False,False,False,True,4.400000000000091,2.6942229581242327e-16,4.0,90.0,4.400000000000091,2.6942229581242327e-16,0.9839999999999987,5.800000000000068,GYRO_INTEGRATION,True,DR_PM_G_CLOSED,True,DR_PM_G_CLOSED,-9.612701429207492,29.999999999999996,True,OK,-26.759710391520777,False,1,23.200000000000184,1.4205902870109412e-15,90.0,4.0,78.20076725966304,60.21826965298803,17.98249760667501,75.18185274911917,70.60218755144172,-14.818147250880825,-19.397812448558284,14.818147250880825,19.397812448558284,3.8669697318427905,3.7729413566556307,True,True,True,True,True,False,False,SPEED_LASTV,
C_DR_PM_G_FALLBACK,4,1006.0,DR_PM_G_CLOSED,DR_PM_G_CLOSED,False,False,True,False,False,False,True,5.199999999999818,3.184081677783007e-16,4.0,90.0,5.199999999999818,3.184081677783007e-16,0.98,6.0,GYRO_INTEGRATION,True,DR_PM_G_CLOSED,True,DR_PM_G_CLOSED,-9.669219119638061,29.999999999999996,True,OK,-28.085954995690628,False,1,24.000000000000185,1.4695761589768354e-15,90.0,4.0,77.42764364230663,59.46427498927385,17.963368653032788,75.03044919720156,70.34617594194664,-14.969550802798434,-19.65382405805336,14.969550802798434,19.65382405805336,3.8642529453978782,3.7669676463793484,True,True,True,True,True,False,False,SPEED_LASTV,
C_DR_PM_G_FALLBACK,5,1006.2,DR_PM_G_CLOSED,DR_PM_G_CLOSED,False,False,True,False,False,False,True,6.0,3.6739403974420594e-16,4.0,90.0,6.0,3.6739403974420594e-16,0.9759999999999991,6.2000000000000455,GYRO_INTEGRATION,True,DR_PM_G_CLOSED,True,DR_PM_G_CLOSED,-9.726806875936694,29.999999999999996,True,OK,-29.42270039266445,False,1,24.800000000000185,1.5185620309427296e-15,90.0,4.0,76.6550715869472,58.711498022107904,17.943573564839298,74.87599269168945,70.08359400619085,-15.12400730831056,-19.916405993809146,15.12400730831056,19.916405993809146,3.8614535721130654,3.7607624986311317,True,True,True,True,True,False,False,SPEED_LASTV,
C_DR_PM_G_FALLBACK,6,1006.4000000000001,DR_PM_G_CLOSED,DR_PM_G_CLOSED,False,False,True,False,False,False,True,6.800000000000182,4.163799117101112e-16,4.0,90.0,6.800000000000182,4.163799117101112e-16,0.9719999999999982,6.400000000000091,GYRO_INTEGRATION,True,DR_PM_G_CLOSED,True,DR_PM_G_CLOSED,-9.785493953225963,29.999999999999996,True,OK,-30.77018882747204,False,1,25.600000000000186,1.5675479029086238e-15,90.0,4.0,75.88306794008776,57.959986197375684,17.92308174271207,74.71839226530514,69.8141969905351,-15.281607734694859,-20.18580300946491,15.281607734694859,20.18580300946491,3.8585682939331702,3.7543142135850225,True,True,True,True,True,False,False,SPEED_LASTV,
C_DR_PM_G_FALLBACK,7,1006.6,DR_PM_G_CLOSED,DR_PM_G_CLOSED,False,False,True,False,False,False,True,7.599999999999909,4.653657836759887e-16,4.0,90.0,7.599999999999909,4.653657836759887e-16,0.9679999999999995,6.600000000000023,GYRO_INTEGRATION,True,DR_PM_G_CLOSED,True,DR_PM_G_CLOSED,-9.845310618607297,29.999999999999996,True,OK,-32.12867045233017,False,1,26.400000000000187,1.616533774874518e-15,90.0,4.0,75.11165022817707,57.209789372099415,17.901860856077654,74.55755339993046,69.53772847657774,-15.442446600069548,-20.462271523422267,15.442446600069548,20.462271523422267,3.8555936278891796,3.7476103714613527,True,True,True,True,True,False,False,SPEED_LASTV,
D_DR_PM_YBA_OPEN,0,1005.2,DR_PM_YBA_OPEN,DR_PM_YBA_OPEN,False,False,False,True,True,True,True,2.2,1.3471114790620887e-16,4.4,90.0,2.2,1.3471114790620887e-16,0.9959999999999991,5.2000000000000455,YAW_ACC_BLEND,True,DR_PM_YBA_OPEN,True,DR_PM_YBA_OPEN,-10.419285640500204,20.0,True,OK,-37.969938727327516,False,1,20.800000000000182,1.2736326711132585e-15,90.0,4.0,80.3295711428861,62.48711867257106,17.84245247031504,75.58317422208754,71.33308572577972,-14.416825777912464,-18.666914274220268,14.416825777912464,18.666914274220268,4.261444386290807,3.7895810373465575,False,False,True,True,True,False,False,SPEED_BARO,
D_DR_PM_YBA_OPEN,1,1005.4000000000001,DR_PM_YBA_OPEN,DR_PM_YBA_OPEN,False,False,False,True,True,True,True,3.0800000000002004,1.8859560706870467e-16,4.4,90.0,3.0800000000002004,1.8859560706870467e-16,0.9919999999999982,5.400000000000091,YAW_ACC_BLEND,True,DR_PM_YBA_OPEN,True,DR_PM_YBA_OPEN,-10.48868561453251,20.0,True,OK,-38.31990748192585,False,1,21.600000000000183,1.3226185430791527e-15,90.0,4.0,79.47758426122405,61.72973351635319,17.74785074487086,75.42522563557534,71.0954241573883,-14.574774364424654,-18.904575842611713,14.574774364424654,18.904575842611713,4.258408243607412,3.784237946501339,True,True,True,True,True,False,False,SPEED_BARO,
D_DR_PM_YBA_OPEN,2,1005.6,DR_PM_YBA_OPEN,DR_PM_YBA_OPEN,False,False,False,True,True,True,True,3.9599999999999005,2.4248006623116983e-16,4.4,90.0,3.9599999999999005,2.4248006623116983e-16,0.9879999999999995,5.600000000000023,YAW_ACC_BLEND,True,DR_PM_YBA_OPEN,True,DR_PM_YBA_OPEN,-10.559506750303642,20.0,True,OK,-38.67823841534522,False,1,22.400000000000183,1.371604415045047e-15,90.0,4.0,78.6262144580293,60.973436839331754,17.65277761869754,75.26385524519802,70.85186254206035,-14.736144754801979,-19.14813745793965,14.736144754801979,19.14813745793965,4.255272904924061,3.778694656939144,True,True,True,True,True,False,False,SPEED_BARO,
D_DR_PM_YBA_OPEN,3,1005.8000000000001,DR_PM_YBA_OPEN,DR_PM_YBA_OPEN,False,False,False,True,True,True,True,4.840000000000101,2.963645253936656e-16,4.4,90.0,4.840000000000101,2.963645253936656e-16,0.9839999999999987,5.800000000000068,YAW_ACC_BLEND,True,DR_PM_YBA_OPEN,True,DR_PM_YBA_OPEN,-10.631791262251255,20.0,True,OK,-39.045214732830104,False,1,23.200000000000184,1.4205902870109412e-15,90.0,4.0,77.77548199786347,60.21826965298803,17.55721234487544,75.09895328356035,70.60218755144172,-14.901046716439652,-19.397812448558284,14.901046716439652,19.397812448558284,4.2520340794427245,3.7729413566556307,True,True,True,True,True,False,False,SPEED_BARO,
D_DR_PM_YBA_OPEN,4,1006.0,DR_PM_YBA_OPEN,DR_PM_YBA_OPEN,False,False,False,True,True,True,True,5.719999999999801,3.502489845561308e-16,4.4,90.0,5.719999999999801,3.502489845561308e-16,0.98,6.0,YAW_ACC_BLEND,True,DR_PM_YBA_OPEN,True,DR_PM_YBA_OPEN,-10.705582962179097,20.0,True,OK,-39.4211317639988,False,1,24.000000000000185,1.4695761589768354e-15,90.0,4.0,76.92540802621738,59.46427498927385,17.461133036943536,74.93040535988703,70.34617594194664,-15.069594640112964,-19.65382405805336,15.069594640112964,19.65382405805336,4.248687246333636,3.7669676463793484,True,True,True,True,True,False,False,SPEED_BARO,
D_DR_PM_YBA_OPEN,5,1006.2,DR_PM_YBA_OPEN,DR_PM_YBA_OPEN,False,False,False,True,True,True,True,6.600000000000001,4.041334437186266e-16,4.4,90.0,6.600000000000001,4.041334437186266e-16,0.9759999999999991,6.2000000000000455,YAW_ACC_BLEND,True,DR_PM_YBA_OPEN,True,DR_PM_YBA_OPEN,-10.78092732979707,20.0,True,OK,-39.80629757363764,False,1,24.800000000000185,1.5185620309427296e-15,90.0,4.0,76.07601461696059,58.711498022107904,17.364516594852688,74.7580922211981,70.08359400619085,-15.241907778801906,-19.916405993809146,15.241907778801906,19.916405993809146,4.245227640092472,3.7607624986311317,True,True,True,True,True,False,False,SPEED_BARO,
D_DR_PM_YBA_OPEN,6,1006.4000000000001,DR_PM_YBA_OPEN,DR_PM_YBA_OPEN,False,False,False,True,True,True,True,7.480000000000201,4.580179028811224e-16,4.4,90.0,7.480000000000201,4.580179028811224e-16,0.9719999999999982,6.400000000000091,YAW_ACC_BLEND,True,DR_PM_YBA_OPEN,True,DR_PM_YBA_OPEN,-10.857871586575406,20.0,True,OK,-40.20103360651151,False,1,25.600000000000186,1.5675479029086238e-15,90.0,4.0,75.22732482283263,57.959986197375684,17.267338625456944,74.58188949904361,69.8141969905351,-15.418110500956384,-20.18580300946491,15.418110500956384,20.18580300946491,4.241650234824662,3.7543142135850225,True,True,True,True,True,False,False,SPEED_BARO,
D_DR_PM_YBA_OPEN,7,1006.6,DR_PM_YBA_OPEN,DR_PM_YBA_OPEN,False,False,False,True,True,True,True,8.359999999999902,5.119023620435876e-16,4.4,90.0,8.359999999999902,5.119023620435876e-16,0.9679999999999995,6.600000000000023,YAW_ACC_BLEND,True,DR_PM_YBA_OPEN,True,DR_PM_YBA_OPEN,-10.936464773051737,20.0,True,OK,-40.60567536812574,False,1,26.400000000000187,1.616533774874518e-15,90.0,4.0,74.37936272918728,57.209789372099415,17.169573357087863,74.40166744081047,69.53772847657774,-15.598332559189531,-20.462271523422267,15.598332559189531,20.462271523422267,4.23794972736848,3.7476103714613527,True,True,True,True,True,False,False,SPEED_BARO,
E_DR_TIMEOUT,0,1005.2,FAIL,DR_TIMEOUT,False,False,True,True,True,True,False,nan,nan,nan,nan,0.0,0.0,1.0,46.0,NONE,False,DR_TIMEOUT,False,DR_TIMEOUT,0.0,0.0,False,DR_TIMEOUT,0.0,False,1,0.0,0.0,90.0,4.0,nan,82.46211251235322,nan,nan,75.96375653207353,nan,-14.036243467926472,nan,14.036243467926472,nan,3.8805700005813275,False,False,False,False,True,False,False,,
F_DR_POSITION_JUMP,0,1005.2,FAIL,DR_POSITION_JUMP,False,False,True,False,True,False,False,nan,nan,nan,nan,0.0,0.0,1.0,5.2000000000000455,NONE,False,DR_POSITION_JUMP,False,DR_POSITION_JUMP,0.0,0.0,False,DR_POSITION_JUMP,0.0,False,1,20.800000000000182,1.2736326711132585e-15,90.0,4.0,nan,62.48711867257106,nan,nan,71.33308572577972,nan,-18.666914274220268,nan,18.666914274220268,nan,3.7895810373465575,False,False,False,False,True,False,False,SPEED_BARO,True
G_BARO_SPIKE_DEGRADATION,0,1005.2,DR_M_G_CLOSED,DR_M_G_CLOSED,True,False,True,True,False,True,True,20.79999999998468,0.0,4.0,90.0,20.79999999998468,0.0,0.9959999999999991,5.2000000000000455,GYRO_INTEGRATION,True,DR_M_G_CLOSED,True,DR_M_G_CLOSED,-12.176716867195012,35.0,True,OK,-35.278378311490854,False,1,20.800000000000182,1.2736326711132585e-15,90.0,4.0,62.487118672585744,62.48711867257106,1.468691834816127e-11,71.33308572578429,71.33308572577972,-18.666914274215713,-18.666914274220268,18.666914274215713,18.666914274220268,3.789581037346659,3.7895810373465575,False,False,True,True,True,True,False,SPEED_LASTV,
H_GYRO_SPIKE_DEGRADATION,0,1005.2,DR_PM_YBA_OPEN,DR_PM_YBA_OPEN,False,False,True,True,True,True,True,2.2,1.3471114790620887e-16,4.4,90.0,2.2,1.3471114790620887e-16,0.9959999999999991,5.2000000000000455,YAW_DELTA,True,DR_PM_YBA_OPEN,True,DR_PM_YBA_OPEN,-10.419285640500204,20.0,True,OK,-37.969938727327516,False,1,20.800000000000182,1.2736326711132585e-15,90.0,4.0,80.3295711428861,62.48711867257106,17.84245247031504,75.58317422208754,71.33308572577972,-14.416825777912464,-18.666914274220268,14.416825777912464,18.666914274220268,4.261444386290807,3.7895810373465575,False,False,True,True,True,False,False,SPEED_BARO,
I_TARGET_POINTING_TRUTH_NAV_SPLIT,0,1005.2,DR_PM_GBA_CLOSED,DR_PM_GBA_CLOSED,False,False,True,True,True,True,True,2.2,1.3471114790620887e-16,4.4,90.0,2.2,1.3471114790620887e-16,0.9959999999999991,5.2000000000000455,GYRO_ACC_BLEND,True,DR_PM_GBA_CLOSED,True,DR_PM_GBA_CLOSED,-10.419285640500204,45.0,True,OK,-17.112406157195633,False,1,20.800000000000182,1.2736326711132585e-15,90.0,4.0,80.3295711428861,62.48711867257106,17.84245247031504,75.58317422208754,71.33308572577972,-14.416825777912464,-18.666914274220268,14.416825777912464,18.666914274220268,4.261444386290807,3.7895810373465575,False,False,True,True,True,False,False,SPEED_BARO,
I_TARGET_POINTING_TRUTH_NAV_SPLIT,1,1005.4000000000001,DR_PM_GBA_CLOSED,DR_PM_GBA_CLOSED,False,False,True,True,True,True,True,3.0800000000002004,1.8859560706870467e-16,4.4,90.0,3.0800000000002004,1.8859560706870467e-16,0.9919999999999982,5.400000000000091,GYRO_ACC_BLEND,True,DR_PM_GBA_CLOSED,True,DR_PM_GBA_CLOSED,-10.48868561453251,45.0,True,OK,-18.495562868956142,False,1,21.600000000000183,1.3226185430791527e-15,90.0,4.0,79.47758426122405,61.72973351635319,17.74785074487086,75.42522563557534,71.0954241573883,-14.574774364424654,-18.904575842611713,14.574774364424654,18.904575842611713,4.258408243607412,3.784237946501339,True,True,True,True,True,False,False,SPEED_BARO,
I_TARGET_POINTING_TRUTH_NAV_SPLIT,2,1005.6,DR_PM_GBA_CLOSED,DR_PM_GBA_CLOSED,False,False,True,True,True,True,True,3.9599999999999005,2.4248006623116983e-16,4.4,90.0,3.9599999999999005,2.4248006623116983e-16,0.9879999999999995,5.600000000000023,GYRO_ACC_BLEND,True,DR_PM_GBA_CLOSED,True,DR_PM_GBA_CLOSED,-10.559506750303642,45.0,True,OK,-19.89012214814404,False,1,22.400000000000183,1.371604415045047e-15,90.0,4.0,78.6262144580293,60.973436839331754,17.65277761869754,75.26385524519802,70.85186254206035,-14.736144754801979,-19.14813745793965,14.736144754801979,19.14813745793965,4.255272904924061,3.778694656939144,True,True,True,True,True,False,False,SPEED_BARO,
I_TARGET_POINTING_TRUTH_NAV_SPLIT,3,1005.8000000000001,DR_PM_GBA_CLOSED,DR_PM_GBA_CLOSED,False,False,True,True,True,True,True,4.840000000000101,2.963645253936656e-16,4.4,90.0,4.840000000000101,2.963645253936656e-16,0.9839999999999987,5.800000000000068,GYRO_ACC_BLEND,True,DR_PM_GBA_CLOSED,True,DR_PM_GBA_CLOSED,-10.631791262251255,45.0,True,OK,-21.296356176897696,False,1,23.200000000000184,1.4205902870109412e-15,90.0,4.0,77.77548199786347,60.21826965298803,17.55721234487544,75.09895328356035,70.60218755144172,-14.901046716439652,-19.397812448558284,14.901046716439652,19.397812448558284,4.2520340794427245,3.7729413566556307,True,True,True,True,True,False,False,SPEED_BARO,
I_TARGET_POINTING_TRUTH_NAV_SPLIT,4,1006.0,DR_PM_GBA_CLOSED,DR_PM_GBA_CLOSED,False,False,True,True,True,True,True,5.719999999999801,3.502489845561308e-16,4.4,90.0,5.719999999999801,3.502489845561308e-16,0.98,6.0,GYRO_ACC_BLEND,True,DR_PM_GBA_CLOSED,True,DR_PM_GBA_CLOSED,-10.705582962179097,45.0,True,OK,-22.71454646638709,False,1,24.000000000000185,1.4695761589768354e-15,90.0,4.0,76.92540802621738,59.46427498927385,17.461133036943536,74.93040535988703,70.34617594194664,-15.069594640112964,-19.65382405805336,15.069594640112964,19.65382405805336,4.248687246333636,3.7669676463793484,True,True,True,True,True,False,False,SPEED_BARO,
I_TARGET_POINTING_TRUTH_NAV_SPLIT,5,1006.2,DR_PM_GBA_CLOSED,DR_PM_GBA_CLOSED,False,False,True,True,True,True,True,6.600000000000001,4.041334437186266e-16,4.4,90.0,6.600000000000001,4.041334437186266e-16,0.9759999999999991,6.2000000000000455,GYRO_ACC_BLEND,True,DR_PM_GBA_CLOSED,True,DR_PM_GBA_CLOSED,-10.78092732979707,45.0,True,OK,-24.144984259104085,False,1,24.800000000000185,1.5185620309427296e-15,90.0,4.0,76.07601461696059,58.711498022107904,17.364516594852688,74.7580922211981,70.08359400619085,-15.241907778801906,-19.916405993809146,15.241907778801906,19.916405993809146,4.245227640092472,3.7607624986311317,True,True,True,True,True,False,False,SPEED_BARO,
I_TARGET_POINTING_TRUTH_NAV_SPLIT,6,1006.4000000000001,DR_PM_GBA_CLOSED,DR_PM_GBA_CLOSED,False,False,True,True,True,True,True,7.480000000000201,4.580179028811224e-16,4.4,90.0,7.480000000000201,4.580179028811224e-16,0.9719999999999982,6.400000000000091,GYRO_ACC_BLEND,True,DR_PM_GBA_CLOSED,True,DR_PM_GBA_CLOSED,-10.857871586575406,45.0,True,OK,-25.58797095108185,False,1,25.600000000000186,1.5675479029086238e-15,90.0,4.0,75.22732482283263,57.959986197375684,17.267338625456944,74.58188949904361,69.8141969905351,-15.418110500956384,-20.18580300946491,15.418110500956384,20.18580300946491,4.241650234824662,3.7543142135850225,True,True,True,True,True,False,False,SPEED_BARO,
I_TARGET_POINTING_TRUTH_NAV_SPLIT,7,1006.6,DR_PM_GBA_CLOSED,DR_PM_GBA_CLOSED,False,False,True,True,True,True,True,8.359999999999902,5.119023620435876e-16,4.4,90.0,8.359999999999902,5.119023620435876e-16,0.9679999999999995,6.600000000000023,GYRO_ACC_BLEND,True,DR_PM_GBA_CLOSED,True,DR_PM_GBA_CLOSED,-10.936464773051737,45.0,True,OK,-26.423361763212036,False,1,26.400000000000187,1.616533774874518e-15,90.0,4.0,74.37936272918728,57.209789372099415,17.169573357087863,74.40166744081047,69.53772847657774,-15.598332559189531,-20.462271523422267,15.598332559189531,20.462271523422267,4.23794972736848,3.7476103714613527,True,True,True,True,True,False,False,SPEED_BARO,
I_TARGET_POINTING_TRUTH_NAV_SPLIT,8,1006.8000000000001,DR_PM_GBA_CLOSED,DR_PM_GBA_CLOSED,False,False,True,True,True,True,True,9.240000000000101,5.657868212060835e-16,4.4,90.0,9.240000000000101,5.657868212060835e-16,0.9639999999999986,6.800000000000068,GYRO_ACC_BLEND,True,DR_PM_GBA_CLOSED,True,DR_PM_GBA_CLOSED,-11.016757829728078,45.0,True,OK,-26.57038235438588,False,1,27.200000000000188,1.6655196468404123e-15,90.0,4.0,73.53215351123606,56.460959963500265,17.071193547735795,74.2172906245439,69.25391972431653,-15.782709375456093,-20.74608027568347,15.782709375456093,20.74608027568347,4.234120519160706,3.7406377811594336,True,True,True,True,True,False,False,SPEED_BARO,
I_TARGET_POINTING_TRUTH_NAV_SPLIT,9,1007.0,DR_PM_GBA_CLOSED,DR_PM_GBA_CLOSED,False,False,True,True,True,True,True,10.119999999999802,6.196712803685487e-16,4.4,90.0,10.119999999999802,6.196712803685487e-16,0.96,7.0,GYRO_ACC_BLEND,True,DR_PM_GBA_CLOSED,True,DR_PM_GBA_CLOSED,-11.0988036816942,45.0,True,OK,-26.721075995093795,False,1,28.00000000000019,1.7145055188063065e-15,90.0,4.0,72.685723495058,55.713553108736306,16.972170386321693,74.02861765614831,68.96248897457811,-15.971382343851696,-21.03751102542189,15.971382343851696,21.03751102542189,4.230156696739853,3.7333824248122363,True,True,True,True,True,False,False,SPEED_BARO,
I_TARGET_POINTING_TRUTH_NAV_SPLIT,10,1007.2,DR_PM_GBA_CLOSED,DR_PM_GBA_CLOSED,False,False,True,True,True,True,True,11.000000000000002,6.735557395310445e-16,4.4,90.0,11.000000000000002,6.735557395310445e-16,0.9559999999999991,7.2000000000000455,GYRO_ACC_BLEND,True,DR_PM_GBA_CLOSED,True,DR_PM_GBA_CLOSED,-11.182657327114649,45.0,True,OK,-26.87557241813716,False,1,28.80000000000019,1.7634913907722007e-15,90.0,4.0,71.84010022264724,54.967626836165856,16.87247338648138,73.83550084774309,68.66314070819428,-16.16449915225691,-21.33685929180572,16.16449915225691,21.33685929180572,4.226052010772274,3.725829397918475,True,True,True,True,True,False,False,SPEED_BARO,
I_TARGET_POINTING_TRUTH_NAV_SPLIT,11,1007.4000000000001,DR_PM_GBA_CLOSED,DR_PM_GBA_CLOSED,False,False,True,True,True,True,True,11.880000000000202,7.274401986935403e-16,4.4,90.0,11.880000000000202,7.274401986935403e-16,0.9519999999999982,7.400000000000091,GYRO_ACC_BLEND,True,DR_PM_GBA_CLOSED,True,DR_PM_GBA_CLOSED,-11.2683759297076,45.0,True,OK,-27.034007097815252,False,1,29.60000000000019,1.8124772627380947e-15,90.0,4.0,70.99531252132054,54.223242249057556,16.772070272262987,73.63778587586414,68.35556485928593,-16.362214124135853,-21.644435140714073,16.362214124135853,21.644435140714073,4.221799853476074,3.7179628446785324,True,True,True,True,True,False,False,SPEED_BARO,
I_TARGET_POINTING_TRUTH_NAV_SPLIT,12,1007.6,DR_PM_GBA_CLOSED,DR_PM_GBA_CLOSED,False,False,True,True,True,True,True,12.759999999999902,7.813246578560055e-16,4.4,90.0,12.759999999999902,7.813246578560055e-16,0.9479999999999995,7.600000000000023,GYRO_ACC_BLEND,True,DR_PM_GBA_CLOSED,True,DR_PM_GBA_CLOSED,-11.356018915343089,45.0,True,OK,-27.196521543351075,False,1,30.40000000000019,1.861463134703989e-15,90.0,4.0,70.15139057780688,53.48046372274628,16.6709268550606,73.43531141809753,68.03943597990346,-16.56468858190248,-21.960564020096538,16.56468858190248,21.960564020096538,4.217393234306001,3.7097658881296476,True,True,True,True,True,False,False,SPEED_BARO,
I_TARGET_POINTING_TRUTH_NAV_SPLIT,13,1007.8000000000001,DR_PM_GBA_CLOSED,DR_PM_GBA_CLOSED,False,False,True,True,True,True,True,13.640000000000102,8.352091170185014e-16,4.4,90.0,13.640000000000102,8.352091170185014e-16,0.9439999999999986,7.800000000000068,GYRO_ACC_BLEND,True,DR_PM_GBA_CLOSED,True,DR_PM_GBA_CLOSED,-11.445648072875885,45.0,True,OK,-27.36326360820142,False,1,31.20000000000019,1.910449006669883e-15,90.0,4.0,69.30836601738629,52.739359116318255,16.569006901068036,73.22790876662985,67.71441235316716,-16.772091233370144,-22.285587646832834,16.772091233370144,22.285587646832834,4.212824753749846,3.701220554642686,True,True,True,True,True,False,False,SPEED_BARO,
I_TARGET_POINTING_TRUTH_NAV_SPLIT,14,1008.0,DR_PM_GBA_CLOSED,DR_PM_GBA_CLOSED,False,False,True,True,True,True,True,14.519999999999802,8.890935761809665e-16,4.4,90.0,14.519999999999802,8.890935761809665e-16,0.94,8.0,GYRO_ACC_BLEND,True,DR_PM_GBA_CLOSED,True,DR_PM_GBA_CLOSED,-11.537327659316762,45.0,True,OK,-27.53438781601656,False,1,32.00000000000019,1.9594348786357774e-15,90.0,4.0,68.4662719884764,51.99999999999982,16.46627198847657,73.01540141708722,67.3801350519595,-16.984598582912778,-22.619864948040505,16.984598582912778,22.619864948040505,4.2080865750729535,3.6923076923076903,True,True,True,True,True,False,False,SPEED_BARO,
I_TARGET_POINTING_TRUTH_NAV_SPLIT,15,1008.2,DR_PM_GBA_CLOSED,DR_PM_GBA_CLOSED,False,False,True,True,True,True,True,15.400000000000002,9.429780353434623e-16,4.4,90.0,15.400000000000002,9.429780353434623e-16,0.935999999999999,8.200000000000045,GYRO_ACC_BLEND,True,DR_PM_GBA_CLOSED,True,DR_PM_GBA_CLOSED,-11.631124509432663,45.0,True,OK,-27.71005570402709,False,1,32.80000000000019,2.0084207506016716e-15,90.0,4.0,67.62514325308301,51.262461899522364,16.362681353560646,72.79760463090771,67.03622694014538,-17.20239536909228,-22.96377305985462,17.20239536909228,22.96377305985462,4.203170393831907,3.6830068826982805,True,True,True,True,True,False,False,SPEED_BARO,
I_TARGET_POINTING_TRUTH_NAV_SPLIT,16,1008.4000000000001,DR_PM_GBA_CLOSED,DR_PM_GBA_CLOSED,False,False,True,True,True,True,True,16.280000000000204,9.96862494505958e-16,4.4,90.0,16.280000000000204,9.96862494505958e-16,0.9319999999999982,8.400000000000091,GYRO_ACC_BLEND,True,DR_PM_GBA_CLOSED,True,DR_PM_GBA_CLOSED,-11.727108149842502,45.0,True,OK,-27.890436184629714,False,1,33.600000000000186,2.0574066225675658e-15,90.0,4.0,66.78501628359444,50.52682455884184,16.258191724752606,72.5743249693693,66.68229161324486,-17.425675030630696,-23.31770838675514,17.425675030630696,23.31770838675514,4.198067404961774,3.673296345466075,True,True,True,True,True,False,False,SPEED_BARO,
I_TARGET_POINTING_TRUTH_NAV_SPLIT,17,1008.6,DR_PM_GBA_CLOSED,DR_PM_GBA_CLOSED,False,False,True,True,True,True,True,17.159999999999904,1.0507469536684232e-15,4.4,90.0,17.159999999999904,1.0507469536684232e-15,0.9279999999999995,8.600000000000023,GYRO_ACC_BLEND,True,DR_PM_GBA_CLOSED,True,DR_PM_GBA_CLOSED,-11.82535091765275,45.0,True,OK,-28.07570592594027,False,1,34.40000000000018,2.10639249453346e-15,90.0,4.0,65.94592936641361,49.79317222270522,16.152757143708385,72.34535979724758,66.31791227546148,-17.654640202752418,-23.682087724538523,17.654640202752418,23.682087724538523,4.192768267222577,3.663152835175795,True,True,True,True,True,False,False,SPEED_BARO,
I_TARGET_POINTING_TRUTH_NAV_SPLIT,18,1008.8000000000001,DR_PM_GBA_CLOSED,DR_PM_GBA_CLOSED,False,False,True,True,True,True,True,18.040000000000106,1.104631412830919e-15,4.4,90.0,18.040000000000106,1.104631412830919e-15,0.9239999999999986,8.800000000000068,GYRO_ACC_BLEND,True,DR_PM_GBA_CLOSED,True,DR_PM_GBA_CLOSED,-11.925928083643225,45.0,True,OK,-28.26604975205951,False,1,35.20000000000018,2.1553783664993542e-15,90.0,4.0,65.10792271298469,49.061593940678115,16.046328772306573,72.11049675393255,65.94265054998819,-17.88950324606744,-24.057349450011817,17.88950324606744,24.057349450011817,4.187263064770292,3.652551529750043,True,True,True,True,True,False,False,SPEED_BARO,
I_TARGET_POINTING_TRUTH_NAV_SPLIT,19,1009.0,DR_PM_GBA_CLOSED,DR_PM_GBA_CLOSED,False,False,True,True,True,True,True,18.919999999999806,1.1585158719933842e-15,4.4,90.0,18.919999999999806,1.1585158719933842e-15,0.92,9.0,GYRO_ACC_BLEND,True,DR_PM_GBA_CLOSED,True,DR_PM_GBA_CLOSED,-12.028917979973604,45.0,True,OK,-28.461661063761927,False,1,36.00000000000018,2.2043642384652484e-15,90.0,4.0,64.27103857881887,48.332183894378126,15.938854684440749,71.86951318967334,65.55604521958338,-18.13048681032665,-24.443954780416615,18.13048681032665,24.443954780416615,4.181541265595334,3.6414659098504165,True,True,True,True,True,False,False,SPEED_BARO,
I_TARGET_POINTING_TRUTH_NAV_SPLIT,20,1009.2,DR_PM_GBA_CLOSED,DR_PM_GBA_CLOSED,False,False,True,True,True,True,True,19.800000000000008,1.2124003311558799e-15,4.4,90.0,19.800000000000008,1.2124003311558799e-15,0.915999999999999,9.200000000000045,GYRO_ACC_BLEND,True,DR_PM_GBA_CLOSED,True,DR_PM_GBA_CLOSED,-12.134402132333987,45.0,True,OK,-28.66274228026883,False,1,36.800000000000175,2.2533501104311427e-15,90.0,4.0,63.43532139116187,47.60504174979773,15.830279641364143,71.62217556444446,65.15761089454473,-18.37782443555554,-24.842389105455272,18.37782443555554,24.842389105455272,4.175591676546695,3.6298676284793623,True,True,True,True,True,False,False,SPEED_BARO,
I_TARGET_POINTING_TRUTH_NAV_SPLIT,21,1009.4000000000001,DR_PM_GBA_CLOSED,DR_PM_GBA_CLOSED,False,False,True,True,True,True,True,20.68000000000021,1.2662847903183756e-15,4.4,90.0,20.68000000000021,1.2662847903183756e-15,0.9119999999999981,9.400000000000091,GYRO_ACC_BLEND,True,DR_PM_GBA_CLOSED,True,DR_PM_GBA_CLOSED,-12.242465396400169,45.0,True,OK,-28.869505302687237,False,1,37.60000000000017,2.302335982397037e-15,90.0,4.0,62.600817886030654,46.8802730367474,15.720544849283257,71.36823880675263,64.74683660542604,-18.631761193247375,-25.25316339457396,18.631761193247375,25.25316339457396,4.169402394632978,3.617726370046038,True,True,True,True,True,False,False,SPEED_BARO,
I_TARGET_POINTING_TRUTH_NAV_SPLIT,22,1009.6,DR_PM_GBA_CLOSED,DR_PM_GBA_CLOSED,False,False,True,True,True,True,True,21.55999999999991,1.3201692494808408e-15,4.4,90.0,21.55999999999991,1.3201692494808408e-15,0.9079999999999996,9.600000000000023,GYRO_ACC_BLEND,True,DR_PM_GBA_CLOSED,True,DR_PM_GBA_CLOSED,-12.353196098385498,45.0,True,OK,-29.082171999602103,False,1,38.40000000000017,2.351321854362931e-15,90.0,4.0,61.767577255385454,46.15798955760515,15.609587697780306,71.10744562950245,64.3231843181617,-18.892554370497553,-25.6768156818383,18.892554370497553,25.6768156818383,4.162960754261751,3.6050096981007416,True,True,True,True,True,False,False,SPEED_BARO,
I_TARGET_POINTING_TRUTH_NAV_SPLIT,23,1009.8000000000001,DR_PM_GBA_CLOSED,DR_PM_GBA_CLOSED,False,False,True,True,True,True,True,22.44000000000011,1.3740537086433366e-15,4.4,90.0,22.44000000000011,1.3740537086433366e-15,0.9039999999999986,9.800000000000068,GYRO_ACC_BLEND,True,DR_PM_GBA_CLOSED,True,DR_PM_GBA_CLOSED,-12.46668617939047,45.0,True,OK,-29.300974715170383,False,1,39.200000000000166,2.4003077263288253e-15,90.0,4.0,60.93565130529079,45.43830982772121,15.497341477569577,70.83952579984027,63.88608736970921,-19.16047420015973,-26.11391263029079,19.16047420015973,26.11391263029079,4.15625327004603,3.591682890907917,True,True,True,True,True,False,False,SPEED_BARO,
I_TARGET_POINTING_TRUTH_NAV_SPLIT,24,1010.0,DR_PM_GBA_CLOSED,DR_PM_GBA_CLOSED,False,False,True,True,True,True,True,23.319999999999812,1.4279381678058018e-15,4.4,90.0,23.319999999999812,1.4279381678058018e-15,0.9,10.0,GYRO_ACC_BLEND,True,DR_PM_GBA_CLOSED,True,DR_PM_GBA_CLOSED,-12.583031343146395,45.0,True,OK,-29.52615679989365,False,1,40.00000000000016,2.4492935982947195e-15,90.0,4.0,60.105094625996735,44.72135954999565,15.383735076001088,70.56419535967939,63.43494882292192,-19.435804640320615,-26.565051177078082,19.435804640320615,26.565051177078082,4.149265574770986,3.5777087639996608,True,True,True,True,True,False,False,SPEED_BARO,
I_TARGET_POINTING_TRUTH_NAV_SPLIT,25,1010.2,DR_PM_GBA_CLOSED,DR_PM_GBA_CLOSED,False,False,True,True,True,True,True,24.200000000000014,1.4818226269682975e-15,4.4,90.0,24.200000000000014,1.4818226269682975e-15,0.8959999999999991,10.200000000000045,GYRO_ACC_BLEND,True,DR_PM_GBA_CLOSED,True,DR_PM_GBA_CLOSED,-12.702331206625605,45.0,True,OK,-29.75797316403097,False,1,40.80000000000016,2.4982794702606137e-15,90.0,4.0,59.2759647749406,44.00727212632007,15.26869264862053,70.28115579337907,62.969139740156926,-19.718844206620936,-27.030860259843077,19.718844206620936,27.030860259843077,4.141982352074606,3.5630474788329294,True,True,True,True,True,False,False,SPEED_BARO,
I_TARGET_POINTING_TRUTH_NAV_SPLIT,26,1010.4000000000001,DR_PM_GBA_CLOSED,DR_PM_GBA_CLOSED,False,False,True,True,True,True,True,25.080000000000215,1.5357070861307932e-15,4.4,90.0,25.080000000000215,1.5357070861307932e-15,0.8919999999999981,10.400000000000091,GYRO_ACC_BLEND,True,DR_PM_GBA_CLOSED,True,DR_PM_GBA_CLOSED,-12.824689452834033,45.0,True,OK,-29.99669085332512,False,1,41.60000000000016,2.547265342226508e-15,90.0,4.0,58.44832247378856,43.296189208751244,15.152133265037314,69.99009313882173,62.48799737614845,-20.00990686117827,-27.512002623851547,20.00990686117827,27.512002623851547,4.134387263353321,3.5476563366679152,True,True,True,True,True,False,False,SPEED_BARO,
I_TARGET_POINTING_TRUTH_NAV_SPLIT,27,1010.6,DR_PM_GBA_CLOSED,DR_PM_GBA_CLOSED,False,False,True,True,True,True,True,25.959999999999916,1.5895915452932584e-15,4.4,90.0,25.959999999999916,1.5895915452932584e-15,0.8879999999999996,10.600000000000023,GYRO_ACC_BLEND,True,DR_PM_GBA_CLOSED,True,DR_PM_GBA_CLOSED,-12.95021398492708,45.0,True,OK,-30.24258964637896,False,1,42.400000000000155,2.596251214192402e-15,90.0,4.0,57.62223182071317,42.58826129345959,15.03397052725358,69.69067703787884,61.990823291986075,-20.309322962121165,-28.009176708013925,20.309322962121165,28.009176708013925,4.12646286835645,3.531489556797116,True,True,True,True,True,False,False,SPEED_BARO,
I_TARGET_POINTING_TRUTH_NAV_SPLIT,28,1010.8000000000001,DR_PM_GBA_CLOSED,DR_PM_GBA_CLOSED,False,False,True,True,True,True,True,26.840000000000117,1.6434760044557542e-15,4.4,90.0,26.840000000000117,1.6434760044557542e-15,0.8839999999999987,10.800000000000068,GYRO_ACC_BLEND,True,DR_PM_GBA_CLOSED,True,DR_PM_GBA_CLOSED,-13.079017080570413,45.0,True,OK,-30.495962672579502,False,1,43.20000000000015,2.6452370861582964e-15,90.0,4.0,56.79776051923163,41.883648360666825,14.914112158564805,69.38255972200979,61.476881393687876,-20.617440277990223,-28.523118606312124,20.617440277990223,28.523118606312124,4.11819053888225,3.5144980382901827,True,True,True,True,True,False,False,SPEED_BARO,
I_TARGET_POINTING_TRUTH_NAV_SPLIT,29,1011.0,DR_PM_GBA_CLOSED,DR_PM_GBA_CLOSED,False,False,True,True,True,True,True,27.719999999999818,1.6973604636182194e-15,4.4,90.0,27.719999999999818,1.6973604636182194e-15,0.88,11.0,GYRO_ACC_BLEND,True,DR_PM_GBA_CLOSED,True,DR_PM_GBA_CLOSED,-13.211215545212392,45.0,True,OK,-30.757117048937015,False,1,44.00000000000015,2.6942229581241906e-15,90.0,4.0,55.974980125052475,41.18252056394787,14.792459561104607,69.06537492848085,60.94539590092276,-20.934625071519154,-29.054604099077242,20.934625071519154,29.054604099077242,4.109550364932535,3.4966291044861477,True,True,True,True,True,False,False,SPEED_BARO,
I_TARGET_POINTING_TRUTH_NAV_SPLIT,30,1011.2,DR_PM_GBA_CLOSED,DR_PM_GBA_CLOSED,False,False,True,True,True,True,True,28.60000000000002,1.7512449227807151e-15,4.4,90.0,28.60000000000002,1.7512449227807151e-15,0.8759999999999991,11.200000000000045,GYRO_ACC_BLEND,True,DR_PM_GBA_CLOSED,True,DR_PM_GBA_CLOSED,-13.346930862633657,45.0,True,OK,-31.0263745335589,False,1,44.800000000000146,2.743208830090085e-15,90.0,4.0,55.15396631249649,40.48505897241586,14.668907340080636,68.73873674242743,60.39554925399499,-21.26126325757256,-29.604450746005007,21.26126325757256,29.604450746005007,4.100521052622063,3.477826229571069,True,True,True,True,True,False,False,SPEED_BARO,
I_TARGET_POINTING_TRUTH_NAV_SPLIT,31,1011.4000000000001,DR_PM_GBA_CLOSED,DR_PM_GBA_CLOSED,False,False,True,True,True,True,True,29.48000000000022,1.805129381943211e-15,4.4,90.0,29.48000000000022,1.805129381943211e-15,0.8719999999999982,11.400000000000091,GYRO_ACC_BLEND,True,DR_PM_GBA_CLOSED,True,DR_PM_GBA_CLOSED,-13.486289340775656,45.0,True,OK,-31.304072192673836,False,1,45.60000000000014,2.792194702055979e-15,90.0,4.0,54.33479916223099,39.79145636942672,14.543342792804275,68.40223835973632,59.82647997035557,-21.597761640263677,-30.17352002964443,21.597761640263677,30.17352002964443,4.09107981307337,3.458028746736767,True,True,True,True,True,False,False,SPEED_BARO,
I_TARGET_POINTING_TRUTH_NAV_SPLIT,32,1011.6,DR_PM_GBA_CLOSED,DR_PM_GBA_CLOSED,False,False,True,True,True,True,True,30.35999999999992,1.859013841105676e-15,4.4,90.0,30.35999999999992,1.859013841105676e-15,0.8679999999999995,11.600000000000023,GYRO_ACC_BLEND,True,DR_PM_GBA_CLOSED,True,DR_PM_GBA_CLOSED,-13.629422250429426,45.0,True,OK,-31.590563077162443,False,1,46.40000000000014,2.8411805740218733e-15,90.0,4.0,53.51756347219114,39.10191811151967,14.41564536067147,68.05545076546879,59.23728046576099,-21.94454923453121,-30.76271953423901,21.94454923453121,30.76271953423901,4.0812022414565625,3.4371715376388234,True,True,True,True,True,False,False,SPEED_BARO,
I_TARGET_POINTING_TRUTH_NAV_SPLIT,33,1011.8000000000001,DR_PM_GBA_CLOSED,DR_PM_GBA_CLOSED,False,False,True,True,True,True,True,31.240000000000123,1.912898300268172e-15,4.4,90.0,31.240000000000123,1.912898300268172e-15,0.8639999999999987,11.800000000000068,GYRO_ACC_BLEND,True,DR_PM_GBA_CLOSED,True,DR_PM_GBA_CLOSED,-13.776465953859288,45.0,True,OK,-31.886216903368762,False,1,47.20000000000014,2.8901664459877675e-15,90.0,4.0,52.70234909375471,38.41666305133738,14.285686042417332,67.69792132232097,58.62699485989145,-22.30207867767904,-31.373005140108557,22.30207867767904,31.373005140108557,4.070862185257377,3.4151847031761404,True,True,True,True,True,False,False,SPEED_BARO,
I_TARGET_POINTING_TRUTH_NAV_SPLIT,34,1012.0,DR_PM_GBA_CLOSED,DR_PM_GBA_CLOSED,False,False,True,True,True,True,True,32.11999999999982,1.966782759430637e-15,4.4,90.0,32.11999999999982,1.966782759430637e-15,0.86,12.0,GYRO_ACC_BLEND,True,DR_PM_GBA_CLOSED,True,DR_PM_GBA_CLOSED,-13.927562019844952,45.0,True,OK,-32.19142073155086,False,1,48.000000000000135,2.9391523179536617e-15,90.0,4.0,51.88925129542743,37.7359245282263,14.15332676720113,67.32917226341321,57.9946167919164,-22.670827736586787,-32.0053832080836,22.670827736586787,32.0053832080836,4.0600316007752,3.391993216020348,True,True,True,True,True,False,False,SPEED_BARO,
I_TARGET_POINTING_TRUTH_NAV_SPLIT,35,1012.2,DR_PM_GBA_CLOSED,DR_PM_GBA_CLOSED,False,False,True,True,True,True,True,33.00000000000002,2.020667218593133e-15,4.4,90.0,33.00000000000002,2.020667218593133e-15,0.8559999999999991,12.200000000000045,GYRO_ACC_BLEND,True,DR_PM_GBA_CLOSED,True,DR_PM_GBA_CLOSED,-14.082857320928403,45.0,True,OK,-32.50657963362132,False,1,48.80000000000013,2.988138189919556e-15,90.0,4.0,51.078371156488515,37.05995143008139,14.018419726407124,66.94869908352696,57.33908727832609,-23.051300916473032,-32.66091272167391,23.051300916473032,32.66091272167391,4.048680396765746,3.367516555855491,True,True,True,True,True,False,False,SPEED_BARO,
I_TARGET_POINTING_TRUTH_NAV_SPLIT,36,1012.4000000000001,DR_PM_GBA_CLOSED,DR_PM_GBA_CLOSED,False,False,True,True,True,True,True,33.88000000000022,2.074551677755629e-15,4.4,90.0,33.88000000000022,2.074551677755629e-15,0.8519999999999982,12.400000000000091,GYRO_ACC_BLEND,True,DR_PM_GBA_CLOSED,True,DR_PM_GBA_CLOSED,-14.242504107824463,45.0,True,OK,-32.832117339760345,False,1,49.60000000000013,3.03712406188545e-15,90.0,4.0,50.2698159932974,36.3890093297412,13.8808066635562,66.55596882280506,56.6592926535229,-23.44403117719495,-33.3407073464771,23.44403117719495,33.3407073464771,4.03677626405189,3.3416683289757563,True,True,True,True,True,False,False,SPEED_BARO,
I_TARGET_POINTING_TRUTH_NAV_SPLIT,37,1012.6,DR_PM_GBA_CLOSED,DR_PM_GBA_CLOSED,False,False,True,True,True,True,True,34.75999999999992,2.1284361369180942e-15,4.4,90.0,34.75999999999992,2.1284361369180942e-15,0.8479999999999995,12.600000000000023,GYRO_ACC_BLEND,True,DR_PM_GBA_CLOSED,True,DR_PM_GBA_CLOSED,-14.40666005499292,45.0,True,OK,-33.16847685102658,False,1,50.40000000000013,3.0861099338513444e-15,90.0,4.0,49.46369982118207,35.72338169882566,13.740318122356406,66.15041823688024,55.95406264339823,-23.84958176311976,-34.04593735660177,23.84958176311976,34.04593735660177,4.024284489830211,3.3143558747656767,True,True,True,True,True,False,False,SPEED_BARO,
I_TARGET_POINTING_TRUTH_NAV_SPLIT,38,1012.8000000000001,DR_PM_GBA_CLOSED,DR_PM_GBA_CLOSED,False,False,True,True,True,True,True,35.64000000000012,2.18232059608059e-15,4.4,90.0,35.64000000000012,2.18232059608059e-15,0.8439999999999986,12.800000000000068,GYRO_ACC_BLEND,True,DR_PM_GBA_CLOSED,True,DR_PM_GBA_CLOSED,-14.575488270229839,45.0,True,OK,-33.51612100212354,False,1,51.200000000000124,3.1350958058172386e-15,90.0,4.0,48.660143855109894,35.0633712012977,13.596772653812195,65.73145184746116,55.22216863363602,-24.268548152538845,-34.77783136636398,24.268548152538845,34.77783136636398,4.011167755302533,3.2854798626931783,True,True,True,True,True,False,False,SPEED_BARO,
I_TARGET_POINTING_TRUTH_NAV_SPLIT,39,1013.0,DR_PM_GBA_CLOSED,DR_PM_GBA_CLOSED,False,False,True,True,True,True,True,36.51999999999982,2.2362050552430553e-15,4.4,90.0,36.51999999999982,2.2362050552430553e-15,0.84,13.0,GYRO_ACC_BLEND,True,DR_PM_GBA_CLOSED,True,DR_PM_GBA_CLOSED,-14.749157259804164,45.0,True,OK,-33.87553295494385,False,1,52.00000000000012,3.1840816777831328e-15,90.0,4.0,47.85927705262602,34.40930106817041,13.449975984455612,65.2984398675896,54.462322208025505,-24.70156013241041,-35.537677791974495,24.70156013241041,35.537677791974495,3.9973859151619506,3.254933884826935,True,True,True,True,True,False,False,SPEED_BARO,
I_TARGET_POINTING_TRUTH_NAV_SPLIT,40,1013.2,DR_PM_GBA_CLOSED,DR_PM_GBA_CLOSED,False,False,True,True,True,True,True,37.40000000000002,2.2900895144055513e-15,4.4,90.0,37.40000000000002,2.2900895144055513e-15,0.8359999999999991,13.200000000000045,GYRO_ACC_BLEND,True,DR_PM_GBA_CLOSED,True,DR_PM_GBA_CLOSED,-14.92784083911049,45.0,True,OK,-34.24721659930551,False,1,52.80000000000012,3.233067549749027e-15,90.0,4.0,47.061236702832176,33.76151655361461,13.299720149217563,64.85071599612522,53.67317404787965,-25.149284003874786,-36.32682595212035,25.149284003874786,36.32682595212035,3.9828957573637176,3.2226040505976936,True,True,True,True,True,False,False,SPEED_BARO,
I_TARGET_POINTING_TRUTH_NAV_SPLIT,41,1013.4000000000001,DR_PM_GBA_CLOSED,DR_PM_GBA_CLOSED,False,False,True,True,True,True,True,38.28000000000022,2.3439739735680472e-15,4.4,90.0,38.28000000000022,2.3439739735680472e-15,0.8319999999999982,13.400000000000091,GYRO_ACC_BLEND,True,DR_PM_GBA_CLOSED,True,DR_PM_GBA_CLOSED,-15.111717976978296,45.0,True,OK,-34.63169683225878,False,1,53.600000000000115,3.2820534217149212e-15,90.0,4.0,46.266169065527585,33.120386471175024,13.14578259435256,64.3875750765885,52.853313301978105,-25.6124249234115,-37.146686698021895,25.6124249234115,37.146686698021895,3.967650741517165,3.188368592616037,True,True,True,True,True,False,False,SPEED_BARO,
I_TARGET_POINTING_TRUTH_NAV_SPLIT,42,1013.6,DR_PM_GBA_CLOSED,DR_PM_GBA_CLOSED,False,False,True,True,True,True,True,39.15999999999992,2.3978584327305124e-15,4.4,90.0,39.15999999999992,2.3978584327305124e-15,0.8279999999999995,13.600000000000023,GYRO_ACC_BLEND,True,DR_PM_GBA_CLOSED,True,DR_PM_GBA_CLOSED,-15.30097255965674,45.0,True,OK,-35.02951968139245,False,1,54.40000000000011,3.3310392936808154e-15,90.0,4.0,45.47423006495004,32.48630480679503,12.987925258155009,63.90827061631006,52.00126755749522,-26.091729383689938,-37.99873244250478,26.091729383689938,37.99873244250478,3.951600714148293,3.1520974948982485,True,True,True,True,True,False,False,SPEED_BARO,
I_TARGET_POINTING_TRUTH_NAV_SPLIT,43,1013.8000000000001,DR_PM_GBA_CLOSED,DR_PM_GBA_CLOSED,False,False,True,True,True,True,True,40.04000000000012,2.4517428918930084e-15,4.4,90.0,40.04000000000012,2.4517428918930084e-15,0.8239999999999986,13.800000000000068,GYRO_ACC_BLEND,True,DR_PM_GBA_CLOSED,True,DR_PM_GBA_CLOSED,-15.495793058011364,45.0,True,OK,-35.44125223049117,False,1,55.20000000000011,3.3800251656467097e-15,90.0,4.0,44.68558604292877,31.859692402783715,12.825893640145054,63.41201216301306,51.11550356628529,-26.58798783698694,-38.88449643371471,26.58798783698694,38.88449643371471,3.9346915990110998,3.1136521579013126,True,True,True,True,True,False,False,SPEED_BARO,
I_TARGET_POINTING_TRUTH_NAV_SPLIT,44,1014.0,DR_PM_GBA_CLOSED,DR_PM_GBA_CLOSED,False,False,True,True,True,True,True,40.91999999999982,2.5056273510554735e-15,4.4,90.0,40.91999999999982,2.5056273510554735e-15,0.8200000000000001,14.0,GYRO_ACC_BLEND,True,DR_PM_GBA_CLOSED,True,DR_PM_GBA_CLOSED,-15.696372078587936,45.0,True,OK,-35.867482297536384,False,1,56.00000000000011,3.429011037612604e-15,90.0,4.0,43.900414576630304,31.240998703626534,12.65941587300377,62.89796253755106,50.19442890773469,-27.102037462448944,-39.80557109226531,27.102037462448944,39.80557109226531,3.9168650605759145,3.072885118389498,True,True,True,True,True,False,False,SPEED_BARO,
I_TARGET_POINTING_TRUTH_NAV_SPLIT,45,1014.2,DR_PM_GBA_CLOSED,DR_PM_GBA_CLOSED,False,False,True,True,True,True,True,41.80000000000002,2.5595118102179695e-15,4.4,90.0,41.80000000000002,2.5595118102179695e-15,0.8159999999999991,14.200000000000045,GYRO_ACC_BLEND,True,DR_PM_GBA_CLOSED,True,DR_PM_GBA_CLOSED,-15.902905775864793,45.0,True,OK,-36.30881780519651,False,1,56.800000000000104,3.477996909578498e-15,90.0,4.0,43.11890536643989,30.630703550522554,12.488201815917336,62.36523492363795,49.23639479905872,-27.63476507636205,-40.76360520094127,27.63476507636205,40.76360520094127,3.8980581388046827,3.0296398464023016,True,True,True,True,True,False,False,SPEED_BARO,
I_TARGET_POINTING_TRUTH_NAV_SPLIT,46,1014.4000000000001,DR_PM_GBA_CLOSED,DR_PM_GBA_CLOSED,False,False,True,True,True,True,True,42.68000000000022,2.6133962693804654e-15,4.4,90.0,42.68000000000022,2.6133962693804654e-15,0.8119999999999982,14.400000000000091,GYRO_ACC_BLEND,True,DR_PM_GBA_CLOSED,True,DR_PM_GBA_CLOSED,-16.11559309915073,45.0,True,OK,-36.76588577235023,False,1,57.6000000000001,3.5269827815443923e-15,90.0,4.0,42.34126119992157,30.029319006597458,12.31194219332411,61.8128898182035,48.23970029610201,-28.1871101817965,-41.76029970389799,28.1871101817965,41.76029970389799,3.878202853350604,2.983750646503653,True,True,True,True,True,False,False,SPEED_BARO,
I_TARGET_POINTING_TRUTH_NAV_SPLIT,47,1014.6,DR_PM_GBA_CLOSED,DR_PM_GBA_CLOSED,False,False,True,True,True,True,True,43.55999999999992,2.6672807285429306e-15,4.4,90.0,43.55999999999992,2.6672807285429306e-15,0.8079999999999996,14.600000000000023,GYRO_ACC_BLEND,True,DR_PM_GBA_CLOSED,True,DR_PM_GBA_CLOSED,-16.33463484315171,45.0,True,OK,-37.23933084162354,False,1,58.4000000000001,3.5759686535102865e-15,90.0,4.0,41.56769899814044,29.437391188758482,12.13030780938196,61.23993184958235,47.202598161765685,-28.76006815041765,-42.797401838234315,28.76006815041765,42.797401838234315,3.8572257754073207,2.9350426960726717,True,True,True,True,True,False,False,SPEED_BARO,
I_TARGET_POINTING_TRUTH_NAV_SPLIT,48,1014.8000000000001,DR_PM_GBA_CLOSED,DR_PM_GBA_CLOSED,False,False,True,True,True,True,True,44.44000000000012,2.7211651877054266e-15,4.4,90.0,44.44000000000012,2.7211651877054266e-15,0.8039999999999986,14.800000000000068,GYRO_ACC_BLEND,True,DR_PM_GBA_CLOSED,True,DR_PM_GBA_CLOSED,-16.560232466135254,45.0,True,OK,-37.72981324206606,False,1,59.200000000000095,3.624954525476181e-15,90.0,4.0,40.79845095098577,28.855502074994224,11.942948875991544,60.64530647533826,46.1233027140753,-29.354693524661744,-43.8766972859247,29.354693524661744,43.8766972859247,3.8350475656041794,2.8833322596074176,True,True,True,True,True,False,False,SPEED_BARO,
I_TARGET_POINTING_TRUTH_NAV_SPLIT,49,1015.0,DR_PM_GBA_CLOSED,DR_PM_GBA_CLOSED,False,False,True,True,True,True,True,45.319999999999816,2.7750496468678917e-15,4.4,90.0,45.319999999999816,2.7750496468678917e-15,0.8,15.0,GYRO_ACC_BLEND,True,DR_PM_GBA_CLOSED,True,DR_PM_GBA_CLOSED,-16.792586633817113,45.0,True,OK,-38.23800606768285,False,1,60.00000000000009,3.673940397442075e-15,90.0,4.0,40.033765748428074,28.284271247461835,11.74949450096624,60.0278965773235,44.99999999999987,-29.972103422676494,-45.00000000000013,29.972103422676494,45.00000000000013,3.8115824766245567,2.8284271247461836,True,True,True,True,True,False,False,SPEED_BARO,
I_TARGET_POINTING_TRUTH_NAV_SPLIT,50,1015.2,DR_PM_GBA_CLOSED,DR_PM_GBA_CLOSED,False,False,True,True,True,True,True,46.20000000000002,2.8289341060303877e-15,4.4,90.0,46.20000000000002,2.8289341060303877e-15,0.7959999999999992,15.200000000000045,GYRO_ACC_BLEND,True,DR_PM_GBA_CLOSED,True,DR_PM_GBA_CLOSED,-17.03189544052297,45.0,True,OK,-38.76459173127904,False,1,60.80000000000009,3.722926269407969e-15,90.0,4.0,39.27390991485313,27.724357521861464,11.549552392991664,59.38651897883412,43.830860672092456,-30.61348102116588,-46.169139327907544,30.61348102116588,46.169139327907544,3.7867378196474153,2.7701273127588477,True,True,True,True,True,False,False,SPEED_BARO,
