host_time,monotonic_s,state,motor_enabled,diag_state,guidance_reason,fail_reason,confidence_scale,guidance_mode,control_mode,nominal,degraded,valid,gps_lat,gps_lon,gps_course_deg,gps_speed_mps,gps_pos_health,gps_motion_health,gps_pos_age_s,gps_motion_age_s,imu_gyrz_deg_s,imu_health,imu_age_s,baro_alt_m,baro_health,baro_age_s,start_lat,start_lon,target_lat,target_lon,pos_N_m,pos_E_m,target_N_m,target_E_m,carrot_N_m,carrot_E_m,carrot_lat,carrot_lon,crossTrack_m,alongTrack_m,L1_distance_m,nu_deg,nu1_deg,nu2_deg,current_heading_deg,lat_acc_cmd_mps2,angular_velocity_cmd_deg_s,angular_velocity_meas_deg_s,angular_velocity_error_deg_s,delta_ff_deg,delta_pid_deg,delta_arm_deg,left_angle_deg,right_angle_deg,left_pw_us,right_pw_us,saturated,sensor_valid,guidance_command_age_s,fallback_mode
2026-05-23T13:51:15.541,14083.455685,0,1,IDLE,IDLE,NONE,0.0000,,IDLE,0,0,0,,,,,0,0,,,,0,,,0,,37.55000000,126.95000000,,,0.000,0.000,0.000,0.000,0.000,0.000,,,0.000,0.000,0.000,0.0000,0.0000,0.0000,0.0000,0.0000,0.0000,,0.0000,0.0000,0.0000,0.0000,80.0000,80.0000,1591,1524,0,0,0.0000,IDLE
2026-05-23T13:51:15.592,14083.507425,0,1,IDLE,IDLE,NONE,0.0000,,IDLE,0,0,0,,,,,0,0,,,-0.0000,0,14083.5074,-5.000,0,0.0925,37.55000000,126.95000000,,,0.000,0.000,0.000,0.000,0.000,0.000,,,0.000,0.000,0.000,0.0000,0.0000,0.0000,0.0000,0.0000,0.0000,,0.0000,0.0000,0.0000,0.0000,80.0000,80.0000,1591,1524,0,0,0.0000,IDLE
2026-05-23T13:51:15.643,14083.558234,0,1,IDLE,IDLE,NONE,0.0000,,IDLE,0,0,0,,,,,0,0,,,-0.0000,0,14083.5582,-5.000,0,0.1433,37.55000000,126.95000000,,,0.000,0.000,0.000,0.000,0.000,0.000,,,0.000,0.000,0.000,0.0000,0.0000,0.0000,0.0000,0.0000,0.0000,,0.0000,0.0000,0.0000,0.0000,80.0000,80.0000,1591,1524,0,0,0.0000,IDLE
2026-05-23T13:51:15.694,14083.609221,0,1,IDLE,IDLE,NONE,0.0000,,IDLE,0,0,0,,,,,0,0,,,-0.0000,0,14083.6092,-5.000,0,0.0936,37.55000000,126.95000000,,,0.000,0.000,0.000,0.000,0.000,0.000,,,0.000,0.000,0.000,0.0000,0.0000,0.0000,0.0000,0.0000,0.0000,,0.0000,0.0000,0.0000,0.0000,80.0000,80.0000,1591,1524,0,0,0.0000,IDLE
2026-05-23T13:51:15.745,14083.659980,0,1,IDLE,IDLE,NONE,0.0000,,IDLE,0,0,0,,,,,0,0,,,-0.0000,0,14083.6600,-5.000,0,0.1444,37.55000000,126.95000000,,,0.000,0.000,0.000,0.000,0.000,0.000,,,0.000,0.000,0.000,0.0000,0.0000,0.0000,0.0000,0.0000,0.0000,,0.0000,0.0000,0.0000,0.0000,80.0000,80.0000,1591,1524,0,0,0.0000,IDLE
2026-05-23T13:51:15.795,14083.710606,0,1,IDLE,IDLE,NONE,0.0000,,IDLE,0,0,0,,,,,0,0,,,-0.0000,0,14083.7106,-5.000,0,0.0944,37.55000000,126.95000000,,,0.000,0.000,0.000,0.000,0.000,0.000,,,0.000,0.000,0.000,0.0000,0.0000,0.0000,0.0000,0.0000,0.0000,,0.0000,0.0000,0.0000,0.0000,80.0000,80.0000,1591,1524,0,0,0.0000,IDLE
2026-05-23T13:51:15.846,14083.761649,0,1,IDLE,IDLE,NONE,0.0000,,IDLE,0,0,0,,,,,0,0,,,-0.0000,0,14083.7616,-5.000,0,0.1454,37.55000000,126.95000000,,,0.000,0.000,0.000,0.000,0.000,0.000,,,0.000,0.000,0.000,0.0000,0.0000,0.0000,0.0000,0.0000,0.0000,,0.0000,0.0000,0.0000,0.0000,80.0000,80.0000,1591,1524,0,0,0.0000,IDLE
2026-05-23T13:51:15.897,14083.812398,0,1,IDLE,IDLE,NONE,0.0000,,IDLE,0,0,0,,,,,0,0,,,-0.0000,0,14083.8124,-5.000,0,0.0960,37.55000000,126.95000000,,,0.000,0.000,0.000,0.000,0.000,0.000,,,0.000,0.000,0.000,0.0000,0.0000,0.0000,0.0000,0.0000,0.0000,,0.0000,0.0000,0.0000,0.0000,80.0000,80.0000,1591,1524,0,0,0.0000,IDLE
2026-05-23T13:51:15.948,14083.863235,0,1,IDLE,IDLE,NONE,0.0000,,IDLE,0,0,0,,,,,0,0,,,-0.0000,0,14083.8632,-5.000,0,0.1468,37.55000000,126.95000000,,,0.000,0.000,0.000,0.000,0.000,0.000,,,0.000,0.000,0.000,0.0000,0.0000,0.0000,0.0000,0.0000,0.0000,,0.0000,0.0000,0.0000,0.0000,80.0000,80.0000,1591,1524,0,0,0.0000,IDLE
2026-05-23T13:51:15.999,14083.914107,0,1,IDLE,IDLE,NONE,0.0000,,IDLE,0,0,0,,,,,0,0,,,-0.0000,0,14083.9141,-5.000,0,0.0971,37.55000000,126.95000000,,,0.000,0.000,0.000,0.000,0.000,0.000,,,0.000,0.000,0.000,0.0000,0.0000,0.0000,0.0000,0.0000,0.0000,,0.0000,0.0000,0.0000,0.0000,80.0000,80.0000,1591,1524,0,0,0.0000,IDLE
2026-05-23T13:51:16.050,14083.965494,0,1,IDLE,IDLE,NONE,0.0000,,IDLE,0,0,0,,,,,0,0,,,-0.0000,0,14083.9655,-5.000,0,0.1485,37.55000000,126.95000000,,,0.000,0.000,0.000,0.000,0.000,0.000,,,0.000,0.000,0.000,0.0000,0.0000,0.0000,0.0000,0.0000,0.0000,,0.0000,0.0000,0.0000,0.0000,80.0000,80.0000,1591,1524,0,0,0.0000,IDLE
2026-05-23T13:51:16.101,14084.016857,0,1,IDLE,IDLE,NONE,0.0000,,IDLE,0,0,0,,,,,0,0,,,-0.0000,0,14084.0169,-5.000,0,0.0994,37.55000000,126.95000000,,,0.000,0.000,0.000,0.000,0.000,0.000,,,0.000,0.000,0.000,0.0000,0.0000,0.0000,0.0000,0.0000,0.0000,,0.0000,0.0000,0.0000,0.0000,80.0000,80.0000,1591,1524,0,0,0.0000,IDLE
2026-05-23T13:51:16.152,14084.067755,0,1,IDLE,IDLE,NONE,0.0000,,IDLE,0,0,0,,,,,0,0,,,-0.0000,0,14084.0678,-5.000,0,0.1503,37.55000000,126.95000000,,,0.000,0.000,0.000,0.000,0.000,0.000,,,0.000,0.000,0.000,0.0000,0.0000,0.0000,0.0000,0.0000,0.0000,,0.0000,0.0000,0.0000,0.0000,80.0000,80.0000,1591,1524,0,0,0.0000,IDLE
2026-05-23T13:51:16.203,14084.118905,0,1,IDLE,IDLE,NONE,0.0000,,IDLE,0,0,0,,,,,0,0,,,-0.0000,0,14084.1189,-5.000,0,0.1009,37.55000000,126.95000000,,,0.000,0.000,0.000,0.000,0.000,0.000,,,0.000,0.000,0.000,0.0000,0.0000,0.0000,0.0000,0.0000,0.0000,,0.0000,0.0000,0.0000,0.0000,80.0000,80.0000,1591,1524,0,0,0.0000,IDLE
2026-05-23T13:51:16.256,14084.169802,0,1,IDLE,IDLE,NONE,0.0000,,IDLE,0,0,0,,,,,0,0,,,-0.0000,0,14084.1698,-5.000,0,0.1518,37.55000000,126.95000000,,,0.000,0.000,0.000,0.000,0.000,0.000,,,0.000,0.000,0.000,0.0000,0.0000,0.0000,0.0000,0.0000,0.0000,,0.0000,0.0000,0.0000,0.0000,80.0000,80.0000,1591,1524,0,0,0.0000,IDLE
2026-05-23T13:51:16.308,14084.223009,0,1,IDLE,IDLE,NONE,0.0000,,IDLE,0,0,0,,,,,0,0,,,-0.0000,0,14084.2230,-5.000,0,0.1046,37.55000000,126.95000000,,,0.000,0.000,0.000,0.000,0.000,0.000,,,0.000,0.000,0.000,0.0000,0.0000,0.0000,0.0000,0.0000,0.0000,,0.0000,0.0000,0.0000,0.0000,80.0000,80.0000,1591,1524,0,0,0.0000,IDLE
