host_time,team_id,time,packet_count,mode,state,altitude_m,temperature_c,pressure_hpa,voltage_v,current_a,power_w,gyro_roll,gyro_pitch,gyro_yaw,acc_roll,acc_pitch,acc_yaw,mag_roll,mag_pitch,mag_yaw,gps_time,gps_alt,gps_lat,gps_lon,gps_sats,distance_cm,cmd_echo,filtered_roll,filtered_pitch,filtered_yaw,start_lat,start_lon,target_lat,target_lon,carrot_lat,carrot_lon,current_heading_deg,desired_heading_deg,left_pulse_us,right_pulse_us,guidance_state,raw
2026-05-06T03:56:47.002,1070,03:56:47,5,F,0,25.47,33.81,1010.20,7.370,0.790,5.822,0.000,0.000,0.000,0.000,0.000,0.000,0.000,0.000,0.000,000000,-17.00,37.560000,126.930000,0,5000.0,,0.000,0.000,0.000,,,,,,,0.00,,1266,1833,IDLE,"$1070,03:56:47,5,F,0,25.47,33.81,1010.20,7.370,0.790,5.822,0.000,0.000,0.000,0.000,0.000,0.000,0.000,0.000,0.000,000000,-17.00,37.560000,126.930000,0,5000.0,,0.000,0.000,0.000,,,,,,,0.00,,1266,1833,IDLE"
2026-05-06T03:56:48.045,1070,03:56:48,6,F,0,25.71,33.82,1010.20,7.380,0.810,5.978,0.000,0.000,0.000,0.000,0.000,0.000,0.000,0.000,0.000,000000,-17.00,37.560000,126.930000,0,5000.0,,0.000,0.000,0.000,,,,,,,0.00,,1266,1833,IDLE,"$1070,03:56:48,6,F,0,25.71,33.82,1010.20,7.380,0.810,5.978,0.000,0.000,0.000,0.000,0.000,0.000,0.000,0.000,0.000,000000,-17.00,37.560000,126.930000,0,5000.0,,0.000,0.000,0.000,,,,,,,0.00,,1266,1833,IDLE"
2026-05-06T03:56:49.044,1070,03:56:49,7,F,0,25.71,33.82,1010.18,7.350,0.750,5.512,0.000,0.000,0.000,0.000,0.000,0.000,0.000,0.000,0.000,000000,-17.00,37.560000,126.930000,0,5000.0,,0.000,0.000,0.000,,,,,,,0.00,,1266,1833,IDLE,"$1070,03:56:49,7,F,0,25.71,33.82,1010.18,7.350,0.750,5.512,0.000,0.000,0.000,0.000,0.000,0.000,0.000,0.000,0.000,000000,-17.00,37.560000,126.930000,0,5000.0,,0.000,0.000,0.000,,,,,,,0.00,,1266,1833,IDLE"
2026-05-06T03:56:50.076,1070,03:56:50,8,F,0,25.83,33.82,1010.18,7.360,0.770,5.667,0.000,0.000,0.000,0.000,0.000,0.000,0.000,0.000,0.000,000000,-17.00,37.560000,126.930000,0,5000.0,,0.000,0.000,0.000,,,,,,,0.00,,1266,1833,IDLE,"$1070,03:56:50,8,F,0,25.83,33.82,1010.18,7.360,0.770,5.667,0.000,0.000,0.000,0.000,0.000,0.000,0.000,0.000,0.000,000000,-17.00,37.560000,126.930000,0,5000.0,,0.000,0.000,0.000,,,,,,,0.00,,1266,1833,IDLE"
2026-05-06T03:56:51.087,1070,03:56:51,9,F,0,25.33,33.80,1010.21,7.370,0.790,5.822,0.000,0.000,0.000,0.000,0.000,0.000,0.000,0.000,0.000,000000,-17.00,37.560000,126.930000,0,5000.0,,0.000,0.000,0.000,,,,,,,171.75,,1266,1833,IDLE,"$1070,03:56:51,9,F,0,25.33,33.80,1010.21,7.370,0.790,5.822,0.000,0.000,0.000,0.000,0.000,0.000,0.000,0.000,0.000,000000,-17.00,37.560000,126.930000,0,5000.0,,0.000,0.000,0.000,,,,,,,171.75,,1266,1833,IDLE"
2026-05-06T03:56:52.143,1070,03:56:52,10,F,0,25.56,33.81,1010.17,7.380,0.810,5.978,0.112,0.336,-6.188,7.207,6.219,0.144,6.531,-29.438,-29.859,000000,-17.00,37.560000,126.930000,0,5000.0,,87.734,310.975,171.966,,,,,,,172.32,,1266,1833,IDLE,"$1070,03:56:52,10,F,0,25.56,33.81,1010.17,7.380,0.810,5.978,0.112,0.336,-6.188,7.207,6.219,0.144,6.531,-29.438,-29.859,000000,-17.00,37.560000,126.930000,0,5000.0,,87.734,310.975,171.966,,,,,,,172.32,,1266,1833,IDLE"
2026-05-06T03:56:53.140,1070,03:56:53,11,F,0,25.65,33.80,1010.16,7.350,0.750,5.512,0.000,0.000,-1.127,7.168,6.258,0.144,6.495,-29.552,-28.468,000000,-17.00,37.560000,126.930000,0,5000.0,,88.419,311.048,172.485,,,,,,,172.71,,1266,1833,IDLE,"$1070,03:56:53,11,F,0,25.65,33.80,1010.16,7.350,0.750,5.512,0.000,0.000,-1.127,7.168,6.258,0.144,6.495,-29.552,-28.468,000000,-17.00,37.560000,126.930000,0,5000.0,,88.419,311.048,172.485,,,,,,,172.71,,1266,1833,IDLE"
2026-05-06T03:56:54.163,1070,03:56:54,12,F,0,25.47,33.81,1010.17,7.360,0.770,5.667,0.000,0.000,-0.201,7.168,6.258,0.144,6.780,-28.938,-29.505,000000,-17.00,37.560000,126.930000,0,5000.0,,88.630,311.099,172.776,,,,,,,172.85,,1266,1833,IDLE,"$1070,03:56:54,12,F,0,25.47,33.81,1010.17,7.360,0.770,5.667,0.000,0.000,-0.201,7.168,6.258,0.144,6.780,-28.938,-29.505,000000,-17.00,37.560000,126.930000,0,5000.0,,88.630,311.099,172.776,,,,,,,172.85,,1266,1833,IDLE"
2026-05-06T03:57:03.769,1070,03:56:57,15,F,0,25.47,33.81,1010.17,7.350,0.750,5.512,11.974,6.490,20.570,0.117,2.582,-9.547,20.643,-36.509,32.357,000000,-17.00,37.560000,126.930000,0,5000.0,,164.788,358.784,191.322,,,,,,,187.53,,1266,1833,IDLE,"$1070,03:56:57,15,F,0,25.47,33.81,1010.17,7.350,0.750,5.512,11.974,6.490,20.570,0.117,2.582,-9.547,20.643,-36.509,32.357,000000,-17.00,37.560000,126.930000,0,5000.0,,164.788,358.784,191.322,,,,,,,187.53,,1266,1833,IDLE"
2026-05-06T03:57:03.953,1070,03:56:58,16,F,0,25.56,33.81,1010.16,7.360,0.770,5.667,7.721,0.112,1.042,-0.457,0.816,-9.703,26.185,-32.608,36.026,000000,-17.00,37.560000,126.930000,0,5000.0,,174.141,1.009,185.055,,,,,,,185.66,,1266,1833,IDLE,"$1070,03:56:58,16,F,0,25.56,33.81,1010.16,7.360,0.770,5.667,7.721,0.112,1.042,-0.457,0.816,-9.703,26.185,-32.608,36.026,000000,-17.00,37.560000,126.930000,0,5000.0,,174.141,1.009,185.055,,,,,,,185.66,,1266,1833,IDLE"
2026-05-06T03:57:04.170,1070,03:56:59,17,F,0,25.47,33.81,1010.20,7.370,0.790,5.822,-2.686,-0.671,7.101,-0.801,0.551,-9.664,25.391,-30.808,38.175,000000,-17.00,37.560000,126.930000,0,5000.0,,177.279,3.733,186.121,,,,,,,181.19,,1266,1833,IDLE,"$1070,03:56:59,17,F,0,25.47,33.81,1010.20,7.370,0.790,5.822,-2.686,-0.671,7.101,-0.801,0.551,-9.664,25.391,-30.808,38.175,000000,-17.00,37.560000,126.930000,0,5000.0,,177.279,3.733,186.121,,,,,,,181.19,,1266,1833,IDLE"
2026-05-06T03:57:09.882,1070,03:57:01,19,F,0,25.80,33.81,1010.18,7.350,0.750,5.512,-6.490,-17.905,-6.303,-0.496,1.164,-9.707,28.083,-34.268,35.116,000000,-17.00,37.560000,126.930000,0,606.0,,173.146,5.871,178.130,,,,,,,180.73,,1266,1833,IDLE,"$1070,03:57:01,19,F,0,25.80,33.81,1010.18,7.350,0.750,5.512,-6.490,-17.905,-6.303,-0.496,1.164,-9.707,28.083,-34.268,35.116,000000,-17.00,37.560000,126.930000,0,606.0,,173.146,5.871,178.130,,,,,,,180.73,,1266,1833,IDLE"
2026-05-06T03:57:12.126,1070,03:57:02,20,F,0,25.71,33.82,1010.18,7.360,0.770,5.667,-10.631,5.260,-5.657,-0.340,2.121,-9.547,26.868,-35.236,34.424,000000,-17.00,37.560000,126.930000,0,606.0,,165.032,3.623,186.129,,,,,,,188.39,,1266,1833,IDLE,"$1070,03:57:02,20,F,0,25.71,33.82,1010.18,7.360,0.770,5.667,-10.631,5.260,-5.657,-0.340,2.121,-9.547,26.868,-35.236,34.424,000000,-17.00,37.560000,126.930000,0,606.0,,165.032,3.623,186.129,,,,,,,188.39,,1266,1833,IDLE"
2026-05-06T03:57:12.313,1070,03:57:03,21,F,0,25.62,33.82,1010.15,7.370,0.790,5.822,7.386,5.036,3.856,-1.031,2.426,-9.707,25.612,-34.801,35.531,000000,-17.00,37.560000,126.930000,0,606.0,,166.738,3.115,188.586,,,,,,,187.25,,1266,1833,IDLE,"$1070,03:57:03,21,F,0,25.62,33.82,1010.15,7.370,0.790,5.822,7.386,5.036,3.856,-1.031,2.426,-9.707,25.612,-34.801,35.531,000000,-17.00,37.560000,126.930000,0,606.0,,166.738,3.115,188.586,,,,,,,187.25,,1266,1833,IDLE"
2026-05-06T03:57:13.145,1070,03:57:04,22,F,0,25.80,33.81,1010.15,7.380,0.810,5.978,12.981,-23.836,3.739,-1.758,1.508,-9.777,27.869,-32.922,39.007,000000,-17.00,37.560000,126.930000,0,606.0,,170.651,7.652,190.098,,,,,,,191.01,,1266,1833,IDLE,"$1070,03:57:04,22,F,0,25.80,33.81,1010.15,7.380,0.810,5.978,12.981,-23.836,3.739,-1.758,1.508,-9.777,27.869,-32.922,39.007,000000,-17.00,37.560000,126.930000,0,606.0,,170.651,7.652,190.098,,,,,,,191.01,,1266,1833,IDLE"
2026-05-06T03:57:13.517,1070,03:57:05,23,F,0,25.39,33.81,1010.19,7.350,0.750,5.512,-17.905,18.241,4.623,-1.988,-0.715,-9.777,29.017,-28.384,46.366,000000,-17.00,37.560000,126.930000,0,606.0,,187.007,11.638,191.206,,,,,,,190.53,,1266,1833,IDLE,"$1070,03:57:05,23,F,0,25.39,33.81,1010.19,7.350,0.750,5.512,-17.905,18.241,4.623,-1.988,-0.715,-9.777,29.017,-28.384,46.366,000000,-17.00,37.560000,126.930000,0,606.0,,187.007,11.638,191.206,,,,,,,190.53,,1266,1833,IDLE"
2026-05-06T03:57:20.243,1070,03:57:07,25,F,0,25.89,33.81,1010.20,7.370,0.790,5.822,0.224,-8.393,-10.450,-0.148,-0.332,-10.008,22.254,-32.262,45.239,000000,-17.00,37.560000,126.930000,0,606.0,,181.558,3.168,190.006,,,,,,,211.01,,1266,1833,IDLE,"$1070,03:57:07,25,F,0,25.89,33.81,1010.20,7.370,0.790,5.822,0.224,-8.393,-10.450,-0.148,-0.332,-10.008,22.254,-32.262,45.239,000000,-17.00,37.560000,126.930000,0,606.0,,181.558,3.168,190.006,,,,,,,211.01,,1266,1833,IDLE"
2026-05-06T03:57:30.408,1070,03:57:09,27,F,0,25.77,33.80,1010.14,7.350,0.750,5.512,1.679,-1.007,-2.813,-0.379,-0.215,-9.746,8.637,-24.918,44.258,000000,-17.00,37.560000,126.930000,0,603.0,,180.718,2.027,229.772,,,,,,,231.47,,1266,1833,IDLE,"$1070,03:57:09,27,F,0,25.77,33.80,1010.14,7.350,0.750,5.512,1.679,-1.007,-2.813,-0.379,-0.215,-9.746,8.637,-24.918,44.258,000000,-17.00,37.560000,126.930000,0,603.0,,180.718,2.027,229.772,,,,,,,231.47,,1266,1833,IDLE"
2026-05-06T03:57:31.016,1070,03:57:10,28,F,0,25.77,33.81,1010.20,7.360,0.770,5.667,0.000,-0.224,0.406,-0.535,-0.180,-9.742,10.219,-24.463,45.346,000000,-17.00,37.560000,126.930000,0,603.0,,30000,0,603.0,,179.933,3.243,232.913,,,,,,,232.94,"$1070,03:57:10,28,F,0,25.77,33.81,1010.20,7.360,0.770,5.667,0.000,-0.224,0.406,-0.535,-0.180,-9.742,10.219,-24.463,45.346,000000,-17.00,37.560000,126.930000,0,603.0,,30000,0,603.0,,179.933,3.243,232.913,,,,,,,232.94,,1266,1833,IDLE"
2026-05-06T03:57:35.085,1070,03:57:13,31,F,0,25.68,33.80,1010.21,7.350,0.750,5.512,-0.112,0.336,-0.003,-0.570,0.012,-9.742,9.613,-24.769,43.949,000000,-17.00,37.560000,126.930000,0,603.0,,179.973,3.275,232.942,,,,,,,232.95,,1266,1833,IDLE,"$1070,03:57:13,31,F,0,25.68,33.80,1010.21,7.350,0.750,5.512,-0.112,0.336,-0.003,-0.570,0.012,-9.742,9.613,-24.769,43.949,000000,-17.00,37.560000,126.930000,0,603.0,,179.973,3.275,232.942,,,,,,,232.95,,1266,1833,IDLE"
2026-05-06T03:57:39.587,1070,03:57:14,32,F,0,25.59,33.81,1010.22,7.360,0.770,5.667,-0.448,0.000,-0.399,-0.570,0.012,-9.742,9.982,-24.279,44.329,000000,-17.00,37.560000,126.930000,0,603.0,,179.785,3.380,233.011,,,,,,,233.12,,1266,1833,IDLE,"$1070,03:57:14,32,F,0,25.59,33.81,1010.22,7.360,0.770,5.667,-0.448,0.000,-0.399,-0.570,0.012,-9.742,9.982,-24.279,44.329,000000,-17.00,37.560000,126.930000,0,603.0,,179.785,3.380,233.011,,,,,,,233.12,,1266,1833,IDLE"
2026-05-06T03:57:51.559,1070,03:57:19,37,F,0,25.47,33.81,1010.$1070,03:57:23,41,F,0,25.50,33.82,1010.20,7.370,0.790,5.822,0.895,-0.448,-1.298,-0.496,0.090,-9.742,5.967,-15.075,45.210,000000,-17.00,37.560000,126.930000,0,330.0,,179.994,2.455,260.695,,,,,"$1070,03:57:19,37,F,0,25.47,33.81,1010.$1070,03:57:23,41,F,0,25.50,33.82,1010.20,7.370,0.790,5.822,0.895,-0.448,-1.298,-0.496,0.090,-9.742,5.967,-15.075,45.210,000000,-17.00,37.560000,126.930000,0,330.0,,179.994,2.455,260.695,,,,,,,263.15,,1266,1833,IDLE"
2026-05-06T03:57:51.965,1070,03:57:24,42,F,0,25.47,33.82,1010.2$1070,03:57:27,45,F,0,25.44,33.83,1010.19,7.370,0.790,5.822,-1.343,3.805,-5.606,-0.148,0.398,-9.742,5.740,-8.068,46.218,000000,-17.00,37.560000,126.930000,0,230.0,,179.256,2.863,274.636,,,,,"$1070,03:57:24,42,F,0,25.47,33.82,1010.2$1070,03:57:27,45,F,0,25.44,33.83,1010.19,7.370,0.790,5.822,-1.343,3.805,-5.606,-0.148,0.398,-9.742,5.740,-8.068,46.218,000000,-17.00,37.560000,126.930000,0,230.0,,179.256,2.863,274.636,,,,,,,279.30,,1266,1833,IDLE"
2026-05-06T03:57:52.181,1070,03:57:28,46,F,0,25.55,33.83,1010.200.17,7.370,0.790,5.822,1.790,-2.798,-1.567,-0.648,0.320,-9.707,11.076,-0.474,46.128,000000,-17.00,37.560000,126.930000,0,330.0,,179.580,4.637,305.399,,,,,,,306.56,,1266,1833,IDLE,"$1070,03:57:28,46,F,0,25.55,33.83,1010.200.17,7.370,0.790,5.822,1.790,-2.798,-1.567,-0.648,0.320,-9.707,11.076,-0.474,46.128,000000,-17.00,37.560000,126.930000,0,330.0,,179.580,4.637,305.399,,,,,,,306.56,,1266,1833,IDLE"
2026-05-06T03:57:52.383,1070,03:57:32,50,F,0,25.35,33.84,1010.17,7.380,0.810,5.978,0.448,0.224,0.55410.18,7.370,0.790,5.822,0.112,0.336,0.178,-0.379,0.242,-9.746,10.111,-1.605,46.428,000000,-17.00,37.560000,126.930000,0,300.0,,178.653,2.043,306.417,,,,,,"$1070,03:57:32,50,F,0,25.35,33.84,1010.17,7.380,0.810,5.978,0.448,0.224,0.55410.18,7.370,0.790,5.822,0.112,0.336,0.178,-0.379,0.242,-9.746,10.111,-1.605,46.428,000000,-17.00,37.560000,126.930000,0,300.0,,178.653,2.043,306.417,,,,,,,306.32,,1266,1833,IDLE"
2026-05-06T03:57:52.568,1070,03:57:36,54,F,0,25.58,33.85,1010.20,7.380,0.810,5.978,-0.224,0.448,0.029.00,37.560000,126.930000,0,260.0,,178.376,1.285,304.677,,,,,,,305.21,,1266,1833,IDLE,,,,,,,,,"$1070,03:57:36,54,F,0,25.58,33.85,1010.20,7.380,0.810,5.978,-0.224,0.448,0.029.00,37.560000,126.930000,0,260.0,,178.376,1.285,304.677,,,,,,,305.21,,1266,1833,IDLE"
2026-05-06T03:57:52.785,1070,03:57:40,58,F,0,25.51,33.86,1010.18,7.380,0.810,5.978,1.343,-5.707,18.583,0.656,1.277,-9.668,6.337,-4.032,44.705,000000,-17.00,37.560000,126.930000,0,580.0,,175.826,359.323,304.962,,,,,,,277.28,,1266,1833,IDLE,"$1070,03:57:40,58,F,0,25.51,33.86,1010.18,7.380,0.810,5.978,1.343,-5.707,18.583,0.656,1.277,-9.668,6.337,-4.032,44.705,000000,-17.00,37.560000,126.930000,0,580.0,,175.826,359.323,304.962,,,,,,,277.28,,1266,1833,IDLE"
2026-05-06T03:57:53.187,1070,03:57:41,59,F,0,25.63,33.87,1010.17,7.350,0.750,5.512,-3.805,-0.448,47.575,0.004,0.090,-9.746,8.786,-25.025,43.586,000000,-17.00,37.560000,126.930000,0,950.0,,18$1070,03:57:44,62,F,0,25.56,33.87,1010.19,7.380,0.810,5.978,7.498,3.469,6.817,"$1070,03:57:41,59,F,0,25.63,33.87,1010.17,7.350,0.750,5.512,-3.805,-0.448,47.575,0.004,0.090,-9.746,8.786,-25.025,43.586,000000,-17.00,37.560000,126.930000,0,950.0,,18$1070,03:57:44,62,F,0,25.56,33.87,1010.19,7.380,0.810,5.978,7.498,3.469,6.817,-0.570,-0.102,-9.746,22.319,-33.329,44.117,000000,-17.00,37.560000,126.930000,0,440.0,,179.732,2.950,195.866,,,,,,,191.38,,1266,1833,IDLE"
2026-05-06T03:57:53.595,1070,03:57:45,63,F,0,25.36,33.87,1010.1$1070,03:57:49,67,F,0,25.74,33.88,1010.19,7.350,0.750,5.512,0.112,0.000,0.264,-0.305,-0.789,-9.707,27.110,-32.129,43.716,000000,-17.00,37.560000,126.930000,0,550.0,,184.431,2.126,180.653,,,,,"$1070,03:57:45,63,F,0,25.36,33.87,1010.1$1070,03:57:49,67,F,0,25.74,33.88,1010.19,7.350,0.750,5.512,0.112,0.000,0.264,-0.305,-0.789,-9.707,27.110,-32.129,43.716,000000,-17.00,37.560000,126.930000,0,550.0,,184.431,2.126,180.653,,,,,,,180.75,,1266,1833,IDLE"
2026-05-06T03:57:53.810,1070,03:57:50,68,F,0,25.86,33.87,1010.1$1070,03:57:52,70,F,0,25.54,33.88,1010.17,7.380,0.810,5.978,-4.141,-2.350,2.048,-1.109,-0.180,-9.707,27.754,-32.330,44.316,000000,-17.00,37.560000,126.930000,0,680.0,,181.451,5.291,182.169,,,,,"$1070,03:57:50,68,F,0,25.86,33.87,1010.1$1070,03:57:52,70,F,0,25.54,33.88,1010.17,7.380,0.810,5.978,-4.141,-2.350,2.048,-1.109,-0.180,-9.707,27.754,-32.330,44.316,000000,-17.00,37.560000,126.930000,0,680.0,,181.451,5.291,182.169,,,,,,,181.18,,1266,1833,IDLE"
2026-05-06T03:57:54.215,1070,03:57:53,71,F,0,25.68,33.88,1010.14,7.350,0.750,5.512,-1.343,-0.783,2.383,-1.336,0.051,-9.664,29.068,-32.727,41.339,000000,-17.00,37.560000,126.930000,0,680.0,,180.070,7.124,180.911,,,,,,,179.60,,1266,1833,IDLE,"$1070,03:57:53,71,F,0,25.68,33.88,1010.14,7.350,0.750,5.512,-1.343,-0.783,2.383,-1.336,0.051,-9.664,29.068,-32.727,41.339,000000,-17.00,37.560000,126.930000,0,680.0,,180.070,7.124,180.911,,,,,,,179.60,,1266,1833,IDLE"
2026-05-06T03:57:54.412,1070,03:57:54,72,F,0,25.56,33.88,1010.12,7.360,0.770,5.667,0.895,1.119,0.283,-1.301,0.090,-9.707,30.473,-34.351,41.911,000000,-17.00,37.560000,126.930000,0,680.0,,179.462,7.663,179.378,,,,,,,179.27,,1266,1833,IDLE,"$1070,03:57:54,72,F,0,25.56,33.88,1010.12,7.360,0.770,5.667,0.895,1.119,0.283,-1.301,0.090,-9.707,30.473,-34.351,41.911,000000,-17.00,37.560000,126.930000,0,680.0,,179.462,7.663,179.378,,,,,,,179.27,,1266,1833,IDLE"
2026-05-06T03:57:55.438,1070,03:57:55,73,F,0,25.59,33.88,1010.17,7.370,0.790,5.822,0.336,0.448,0.026,-1.336,0.129,-9.668,30.628,-33.032,43.109,000000,-17.00,37.560000,126.930000,0,680.0,,179.446,7.691,179.270,,,,,,,179.28,,1266,1833,IDLE,"$1070,03:57:55,73,F,0,25.59,33.88,1010.17,7.370,0.790,5.822,0.336,0.448,0.026,-1.336,0.129,-9.668,30.628,-33.032,43.109,000000,-17.00,37.560000,126.930000,0,680.0,,179.446,7.691,179.270,,,,,,,179.28,,1266,1833,IDLE"
2026-05-06T03:57:56.437,1070,03:57:56,74,F,0,25.30,33.89,1010.17,7.380,0.810,5.978,0.448,0.448,0.103,-1.375,0.090,-9.668,30.098,-33.806,41.788,000000,-17.00,37.560000,126.930000,0,680.0,,179.161,8.156,179.333,,,,,,,179.39,,1266,1833,IDLE,"$1070,03:57:56,74,F,0,25.30,33.89,1010.17,7.380,0.810,5.978,0.448,0.448,0.103,-1.375,0.090,-9.668,30.098,-33.806,41.788,000000,-17.00,37.560000,126.930000,0,680.0,,179.161,8.156,179.333,,,,,,,179.39,,1266,1833,IDLE"
2026-05-06T03:58:07.458,1070,03:57:59,77,F,0,25.50,33.89,1010.17,7.370,0.790,5.822,0.895,-2.798,-2.688,-0.801,-0.254,-9.703,30.137,-32.728,43.958,000000,-17.00,37.560000,126.930000,0,510.0,,181.618,3.501,173.823,,,,,,,176.56,,1266,1833,IDLE,"$1070,03:57:59,77,F,0,25.50,33.89,1010.17,7.370,0.790,5.822,0.895,-2.798,-2.688,-0.801,-0.254,-9.703,30.137,-32.728,43.958,000000,-17.00,37.560000,126.930000,0,510.0,,181.618,3.501,173.823,,,,,,,176.56,,1266,1833,IDLE"
2026-05-06T03:58:07.660,1070,03:58:00,78,F,0,25.21,33.89,1010.21,7.380,0.810,5.978,4.924,9.960,2.880,-0.266,-0.828,-9.707,27.667,-32.750,42.618,000000,-17.00,37.560000,126.930000,0,670.0,,183.047,3.898,178.466,,,,,,,176.92,,1266,1833,IDLE,"$1070,03:58:00,78,F,0,25.21,33.89,1010.21,7.380,0.810,5.978,4.924,9.960,2.880,-0.266,-0.828,-9.707,27.667,-32.750,42.618,000000,-17.00,37.560000,126.930000,0,670.0,,183.047,3.898,178.466,,,,,,,176.92,,1266,1833,IDLE"
2026-05-06T03:58:08.061,1070,03:58:01,79,F,0,25.73,33.91,1010.22,7.350,0.750,5.512,75.201,22.269,-17.060,-3.406,3.422,-8.746,32.782,-40.068,37.831,000000,-17.00,37.560000,126.930000,0,670.0,,163.034,11.426,174.262,,,,,,,181.62,,1266,1833,IDLE,"$1070,03:58:01,79,F,0,25.73,33.91,1010.22,7.350,0.750,5.512,75.201,22.269,-17.060,-3.406,3.422,-8.746,32.782,-40.068,37.831,000000,-17.00,37.560000,126.930000,0,670.0,,163.034,11.426,174.262,,,,,,,181.62,,1266,1833,IDLE"
2026-05-06T03:58:08.277,1070,03:58:02,80,F,0,25.53,33.90,1010.22,7.360,0.770,5.667,143.463,31.222,-101.248,-3.981,-3.434,-8.164,19.753,-14.273,48.186,000000,-17.00,37.560000,126.930000,0,1040.0,,187.313,19.587,215.006,,,,,,,280.83,,1266,1833,IDLE,"$1070,03:58:02,80,F,0,25.53,33.90,1010.22,7.360,0.770,5.667,143.463,31.222,-101.248,-3.981,-3.434,-8.164,19.753,-14.273,48.186,000000,-17.00,37.560000,126.930000,0,1040.0,,187.313,19.587,215.006,,,,,,,280.83,,1266,1833,IDLE"
2026-05-06T03:58:08.472,1070,03:58:03,81,F,0,25.82,33.89,1010.12,7.370,0.790,5.822,53.267,3.693,-40.600,-5.129,-3.434,-6.754,30.325,13.540,33.355,000000,-17.00,37.560000,126.930000,0,320.0,,214.009,30.445,303.005,,,,,,,320.59,,1266,1833,IDLE,"$1070,03:58:03,81,F,0,25.82,33.89,1010.12,7.370,0.790,5.822,53.267,3.693,-40.600,-5.129,-3.434,-6.754,30.325,13.540,33.355,000000,-17.00,37.560000,126.930000,0,320.0,,214.009,30.445,303.005,,,,,,,320.59,,1266,1833,IDLE"
2026-05-06T03:58:08.695,1070,03:58:04,82,F,0,25.39,33.89,1010.21,7.380,0.810,5.978,39.055,17.345,-2.430,-2.449,-9.527,-2.539,5.252,1.982,15.425,000000,-17.00,37.560000,126.930000,0,250.0,,248.895,12.508,324.518,,,,,,,335.59,,1266,1833,IDLE,"$1070,03:58:04,82,F,0,25.39,33.89,1010.21,7.380,0.810,5.978,39.055,17.345,-2.430,-2.449,-9.527,-2.539,5.252,1.982,15.425,000000,-17.00,37.560000,126.930000,0,250.0,,248.895,12.508,324.518,,,,,,,335.59,,1266,1833,IDLE"
2026-05-06T03:58:10.549,1070,03:58:05,83,F,0,25.62,33.89,1010.21,7.350,0.750,5.512,-3.805,-0.448,4.046,-1.949,-9.715,-1.391,5.507,12.691,14.899,000000,-17.00,37.560000,126.930000,0,230.0,,257.739,10.593,337.000,,,,,,,341.41,,1266,1833,IDLE,"$1070,03:58:05,83,F,0,25.62,33.89,1010.21,7.350,0.750,5.512,-3.805,-0.448,4.046,-1.949,-9.715,-1.391,5.507,12.691,14.899,000000,-17.00,37.560000,126.930000,0,230.0,,257.739,10.593,337.000,,,,,,,341.41,,1266,1833,IDLE"
2026-05-06T03:58:11.151,1070,03:58:06,84,F,0,25.50,33.89,1010.17,7.360,0.770,5.667,4.476,0.112,4.154,-0.227,-9.406,-2.004,4.814,14.621,15.529,000000,-17.00,37.560000,126.930000,0,230.0,,256.950,1.719,342.221,,,,,,,347.45,,1266,1833,IDLE,"$1070,03:58:06,84,F,0,25.50,33.89,1010.17,7.360,0.770,5.667,4.476,0.112,4.154,-0.227,-9.406,-2.004,4.814,14.621,15.529,000000,-17.00,37.560000,126.930000,0,230.0,,256.950,1.719,342.221,,,,,,,347.45,,1266,1833,IDLE"
2026-05-06T03:58:11.369,1070,03:58:07,85,F,0,25.56,33.88,1010.18,7.370,0.790,5.822,23.053,6.490,-13.036,-1.145,-10.098,-2.195,15.835,19.755,12.269,000000,-17.00,37.560000,126.930000,0,270.0,,252.797,7.802,262.566,,,,,,,112.94,,1266,1833,IDLE,"$1070,03:58:07,85,F,0,25.56,33.88,1010.18,7.370,0.790,5.822,23.053,6.490,-13.036,-1.145,-10.098,-2.195,15.835,19.755,12.269,000000,-17.00,37.560000,126.930000,0,270.0,,252.797,7.802,262.566,,,,,,,112.94,,1266,1833,IDLE"
2026-05-06T03:58:11.554,1070,03:58:08,86,F,0,25.56,33.88,1010.23,7.380,0.810,5.978,0.224,7.050,0.605,-0.879,-9.488,-1.391,15.890,22.724,7.035,000000,-17.00,37.560000,126.930000,0,250.0,,261.111,6.356,50.294,,,,,,,23.93,,1266,1833,IDLE,"$1070,03:58:08,86,F,0,25.56,33.88,1010.23,7.380,0.810,5.978,0.224,7.050,0.605,-0.879,-9.488,-1.391,15.890,22.724,7.035,000000,-17.00,37.560000,126.930000,0,250.0,,261.111,6.356,50.294,,,,,,,23.93,,1266,1833,IDLE"
2026-05-06T03:58:11.979,1070,03:58:09,87,F,0,25.56,33.87,1010.19,7.350,0.750,5.512,-4.252,-1.679,3.029,-0.266,-9.871,-1.121,13.798,21.958,3.926,000000,-17.00,37.560000,126.930000,0,260.0,,262.465,2.590,12.007,,,,,,,5.48,,1266,1833,IDLE,"$1070,03:58:09,87,F,0,25.56,33.87,1010.19,7.350,0.750,5.512,-4.252,-1.679,3.029,-0.266,-9.871,-1.121,13.798,21.958,3.926,000000,-17.00,37.560000,126.930000,0,260.0,,262.465,2.590,12.007,,,,,,,5.48,,1266,1833,IDLE"
2026-05-06T03:58:12.168,1070,03:58:10,88,F,0,25.54,33.87,1010.18,7.360,0.770,5.667,1.679,0.559,2.735,-0.340,-9.750,-1.043,11.861,21.764,3.754,000000,-17.00,37.560000,126.930000,0,280.0,,263.104,1.314,3.913,,,,,,,1.82,,1266,1833,IDLE,"$1070,03:58:10,88,F,0,25.54,33.87,1010.18,7.360,0.770,5.667,1.679,0.559,2.735,-0.340,-9.750,-1.043,11.861,21.764,3.754,000000,-17.00,37.560000,126.930000,0,280.0,,263.104,1.314,3.913,,,,,,,1.82,,1266,1833,IDLE"
2026-05-06T03:58:12.384,1070,03:58:11,89,F,0,25.60,33.86,1010.19,7.370,0.790,5.822,-3.357,0.895,0.879,-0.035,-9.750,-1.043,11.087,21.842,4.412,000000,-17.00,37.560000,126.930000,0,280.0,,263.619,0.765,1.051,,,,,,,0.51,,1266,1833,IDLE,"$1070,03:58:11,89,F,0,25.60,33.86,1010.19,7.370,0.790,5.822,-3.357,0.895,0.879,-0.035,-9.750,-1.043,11.087,21.842,4.412,000000,-17.00,37.560000,126.930000,0,280.0,,263.619,0.765,1.051,,,,,,,0.51,,1266,1833,IDLE"
2026-05-06T03:58:12.569,1070,03:58:12,90,F,0,25.81,33.85,1010.22,7.380,0.810,5.978,-8.281,-2.910,3.807,0.809,-9.566,-1.160,10.196,20.427,3.255,000000,-17.00,37.560000,126.930000,0,470.0,,263.876,357.880,0.514,,,,,,,2.93,,1266,1833,IDLE,"$1070,03:58:12,90,F,0,25.81,33.85,1010.22,7.380,0.810,5.978,-8.281,-2.910,3.807,0.809,-9.566,-1.160,10.196,20.427,3.255,000000,-17.00,37.560000,126.930000,0,470.0,,263.876,357.880,0.514,,,,,,,2.93,,1266,1833,IDLE"
2026-05-06T03:58:13.402,1070,03:58:13,91,F,0,25.08,33.84,1010.20,7.350,0.750,5.512,9.512,0.336,-1.518,0.539,-9.223,-1.543,12.257,20.688,2.609,000000,-17.00,37.560000,126.930000,0,780.0,,261.138,357.162,4.638,,,,,,,6.53,,1266,1833,IDLE,"$1070,03:58:13,91,F,0,25.08,33.84,1010.20,7.350,0.750,5.512,9.512,0.336,-1.518,0.539,-9.223,-1.543,12.257,20.688,2.609,000000,-17.00,37.560000,126.930000,0,780.0,,261.138,357.162,4.638,,,,,,,6.53,,1266,1833,IDLE"
2026-05-06T03:58:14.415,1070,03:58:14,92,F,0,25.55,33.83,1010.16,7.360,0.770,5.667,-0.448,-0.783,-3.134,0.078,-9.223,-1.504,13.565,21.888,3.243,000000,-17.00,37.560000,126.930000,0,250.0,,258.939,359.338,6.365,,,,,,,5.79,,1266,1833,IDLE,"$1070,03:58:14,92,F,0,25.55,33.83,1010.16,7.360,0.770,5.667,-0.448,-0.783,-3.134,0.078,-9.223,-1.504,13.565,21.888,3.243,000000,-17.00,37.560000,126.930000,0,250.0,,258.939,359.338,6.365,,,,,,,5.79,,1266,1833,IDLE"
2026-05-06T03:58:15.433,1070,03:58:15,93,F,0,25.73,33.82,1010.20,7.370,0.790,5.822,1.231,0.559,1.960,0.387,-9.750,-2.269,13.256,22.176,6.519,000000,-17.00,37.560000,126.930000,0,240.0,,257.583,359.364,5.584,,,,,,,5.44,,1266,1833,IDLE,"$1070,03:58:15,93,F,0,25.73,33.82,1010.20,7.370,0.790,5.822,1.231,0.559,1.960,0.387,-9.750,-2.269,13.256,22.176,6.519,000000,-17.00,37.560000,126.930000,0,240.0,,257.583,359.364,5.584,,,,,,,5.44,,1266,1833,IDLE"
2026-05-06T03:58:28.949,1070,03:58:18,96,F,0,25.47,33.80,1010.18,7.360,0.770,5.667,-9.848,2.910,-13.481,-1.453,-9.562,-2.004,17.298,23.514,5.317,000000,-17.00,37.560000,126.930000,0,260.0,,258.533,7.823,3.481,,,,,,,4.69,,1266,1833,IDLE,"$1070,03:58:18,96,F,0,25.47,33.80,1010.18,7.360,0.770,5.667,-9.848,2.910,-13.481,-1.453,-9.562,-2.004,17.298,23.514,5.317,000000,-17.00,37.560000,126.930000,0,260.0,,258.533,7.823,3.481,,,,,,,4.69,,1266,1833,IDLE"
2026-05-06T03:58:29.567,1070,03:58:19,97,F,0,25.45,33.80,1010.17,7.370,0.790,5.822,-4.812,0.448,1.456,-1.566,-9.145,-2.117,19.671,24.259,7.402,000000,-17.00,37.560000,126.930000,0,260.0,,257.244,8.675,4.792,,,,,,,3.17,,1266,1833,IDLE,"$1070,03:58:19,97,F,0,25.45,33.80,1010.17,7.370,0.790,5.822,-4.812,0.448,1.456,-1.566,-9.145,-2.117,19.671,24.259,7.402,000000,-17.00,37.560000,126.930000,0,260.0,,257.244,8.675,4.792,,,,,,,3.17,,1266,1833,IDLE"
2026-05-06T03:58:30.600,1070,03:58:20,98,F,0,25.33,33.80,1010.20,7.380,0.810,5.978,-1.679,6.379,-1.419,-1.988,-8.184,-2.231,18.659,24.706,9.838,000000,-17.00,37.560000,126.930000,0,260.0,,257.714,10.210,2.635,,,,,,,2.30,,1266,1833,IDLE,"$1070,03:58:20,98,F,0,25.33,33.80,1010.20,7.380,0.810,5.978,-1.679,6.379,-1.419,-1.988,-8.184,-2.231,18.659,24.706,9.838,000000,-17.00,37.560000,126.930000,0,260.0,,257.714,10.210,2.635,,,,,,,2.30,,1266,1833,IDLE"
2026-05-06T03:58:32.225,1070,03:58:21,99,F,0,25.60,33.79,1010.22,7.350,0.750,5.512,3.022,-0.895,-1.674,-2.141,-8.988,-2.309,20.120,24.190,10.319,000000,-17.00,37.560000,126.930000,0,260.0,,256.065,12.811,2.500,,,,,,,2.68,,1266,1833,IDLE,"$1070,03:58:21,99,F,0,25.60,33.79,1010.22,7.350,0.750,5.512,3.022,-0.895,-1.674,-2.141,-8.988,-2.309,20.120,24.190,10.319,000000,-17.00,37.560000,126.930000,0,260.0,,256.065,12.811,2.500,,,,,,,2.68,,1266,1833,IDLE"
2026-05-06T03:58:32.410,1070,03:58:22,100,F,0,25.49,33.78,1010.20,7.360,0.770,5.667,4.812,0.336,-0.163,-2.180,-9.102,-2.269,20.008,23.924,11.013,000000,-17.00,37.560000,126.930000,0,260.0,,256.078,12.727,2.626,,,,,,,2.39,,1266,1833,IDLE,"$1070,03:58:22,100,F,0,25.49,33.78,1010.20,7.360,0.770,5.667,4.812,0.336,-0.163,-2.180,-9.102,-2.269,20.008,23.924,11.013,000000,-17.00,37.560000,126.930000,0,260.0,,256.078,12.727,2.626,,,,,,,2.39,,1266,1833,IDLE"
2026-05-06T03:58:32.626,1070,03:58:23,101,F,0,25.49,33.77,1010.20,7.370,0.790,5.822,-2.350,-2.350,0.845,-1.566,-9.301,-2.156,18.576,24.330,9.782,000000,-17.00,37.560000,126.930000,0,260.0,,257.571,11.033,2.164,,,,,,,1.96,,1266,1833,IDLE,"$1070,03:58:23,101,F,0,25.49,33.77,1010.20,7.370,0.790,5.822,-2.350,-2.350,0.845,-1.566,-9.301,-2.156,18.576,24.330,9.782,000000,-17.00,37.560000,126.930000,0,260.0,,257.571,11.033,2.164,,,,,,,1.96,,1266,1833,IDLE"
2026-05-06T03:58:33.057,1070,03:58:24,102,F,0,25.35,33.76,1010.18,7.380,0.810,5.978,8.841,12.086,7.460,-1.527,-9.715,-1.887,16.241,24.078,9.801,000000,-17.00,37.560000,126.930000,0,260.0,,256.790,8.191,1.370,,,,,,,90.46,,1266,1833,IDLE,"$1070,03:58:24,102,F,0,25.35,33.76,1010.18,7.380,0.810,5.978,8.841,12.086,7.460,-1.527,-9.715,-1.887,16.241,24.078,9.801,000000,-17.00,37.560000,126.930000,0,260.0,,256.790,8.191,1.370,,,,,,,90.46,,1266,1833,IDLE"
2026-05-06T03:58:33.242,1070,03:58:25,103,F,0,25.64,33.76,1010.16,7.350,0.750,5.512,14.212,8.617,6.797,-1.031,-8.602,-2.387,14.202,22.838,9.374,000000,-17.00,37.560000,126.930000,0,1460.0,,257.401,5.259,208.199,,,,,,,154.41,,1266,1833,IDLE,"$1070,03:58:25,103,F,0,25.64,33.76,1010.16,7.350,0.750,5.512,14.212,8.617,6.797,-1.031,-8.602,-2.387,14.202,22.838,9.374,000000,-17.00,37.560000,126.930000,0,1460.0,,257.401,5.259,208.199,,,,,,,154.41,,1266,1833,IDLE"
2026-05-06T03:58:33.456,1070,03:58:26,104,F,0,25.62,33.75,1010.18,7.360,0.770,5.667,10.743,-5.148,-1.041,0.043,-9.641,-2.078,11.856,23.241,9.851,000000,-17.00,37.560000,126.930000,0,1610.0,,258.790,1.334,244.029,,,,,,,322.34,,1266,1833,IDLE,"$1070,03:58:26,104,F,0,25.62,33.75,1010.18,7.360,0.770,5.667,10.743,-5.148,-1.041,0.043,-9.641,-2.078,11.856,23.241,9.851,000000,-17.00,37.560000,126.930000,0,1610.0,,258.790,1.334,244.029,,,,,,,322.34,,1266,1833,IDLE"
2026-05-06T03:58:34.049,1070,03:58:27,105,F,0,25.30,33.75,1010.18,7.370,0.790,5.822,-17.457,-5.148,-6.182,-0.418,-9.488,-2.500,13.029,22.433,11.363,000000,-17.00,37.560000,126.930000,0,16129,107,F,0,25.27,33.73,1010.23,7.350,0.750,5.512,-14.772,2.462,4.115,0.656,-9.793,-0.816,"$1070,03:58:27,105,F,0,25.30,33.75,1010.18,7.370,0.790,5.822,-17.457,-5.148,-6.182,-0.418,-9.488,-2.500,13.029,22.433,11.363,000000,-17.00,37.560000,126.930000,0,16129,107,F,0,25.27,33.73,1010.23,7.350,0.750,5.512,-14.772,2.462,4.115,0.656,-9.793,-0.816,8.583,22.968,3.641,000000,-17.00,37.560000,126.930000,0,1700.0,,264.777,355.921,357.723,,,,,,,269.02,,1266,1833,IDLE"
2026-05-06T03:58:34.467,1070,03:58:30,108,F,0,25.57,33.72,1010.23,7.360,0$1070,03:58:31,109,F,0,25.33,33.71,1010.19,7.370,0.790,5.822,2.910,0.224,-0.745,1.496,-9.680,-0.969,6.164,23.044,1.194,000000,-17.00,37.560000,126.930000,0,670.0,,264.772,352.386,28.219,,,"$1070,03:58:30,108,F,0,25.57,33.72,1010.23,7.360,0$1070,03:58:31,109,F,0,25.33,33.71,1010.19,7.370,0.790,5.822,2.910,0.224,-0.745,1.496,-9.680,-0.969,6.164,23.044,1.194,000000,-17.00,37.560000,126.930000,0,670.0,,264.772,352.386,28.219,,,,,,,9.75,,1266,1833,IDLE"
2026-05-06T03:58:34.680,1070,03:58:32,110,F,0,25.40,33.70,1010.23,7.380,0.810,5.978,2.910,-0.224,-1.396,1.422,-9.605,-0.891,5.227,22.874,2.047,000000,-17.00,37.560000,126.930000,0,1310.0,,265.0.942,5.658,,,,,,,1.54,,1266,1833,IDLE,,"$1070,03:58:32,110,F,0,25.40,33.70,1010.23,7.380,0.810,5.978,2.910,-0.224,-1.396,1.422,-9.605,-0.891,5.227,22.874,2.047,000000,-17.00,37.560000,126.930000,0,1310.0,,265.0.942,5.658,,,,,,,1.54,,1266,1833,IDLE"
2026-05-06T03:58:34.866,1070,03:58:33,111,F,0,25.46,33.70,1010.17,7.350,0.750,5.512,7.945,-0.112,1.587,1.496,-9.527,-0.891,5.408,22.632,1.882,000000,-17.00,37.560000,126.930000,0,1740.0,,265.697,350.980,1.210,,,,,,,157.78,,1266,1833,IDLE,"$1070,03:58:33,111,F,0,25.46,33.70,1010.17,7.350,0.750,5.512,7.945,-0.112,1.587,1.496,-9.527,-0.891,5.408,22.632,1.882,000000,-17.00,37.560000,126.930000,0,1740.0,,265.697,350.980,1.210,,,,,,,157.78,,1266,1833,IDLE"
2026-05-06T03:58:35.080,1070,03:58:34,112,F,0,25.26,33.70,1010.19,7.360,0.770,5.667,-8.617,3.581,4.994,1.996,-9.949,-0.969,3.698,22.091,-0.469,000000,-17.00,37.560000,126.930000,0,1710.0,,265.041,347.944,245.918,,,,,,,323.56,,1266,1833,IDLE,"$1070,03:58:34,112,F,0,25.26,33.70,1010.19,7.360,0.770,5.667,-8.617,3.581,4.994,1.996,-9.949,-0.969,3.698,22.091,-0.469,000000,-17.00,37.560000,126.930000,0,1710.0,,265.041,347.944,245.918,,,,,,,323.56,,1266,1833,IDLE"
2026-05-06T03:58:35.482,1070,03:58:35,113,F,0,25.55,33.70,1010.18,7.370,0.790,5.822,-4.812,0.559,1.994,2.109,-9.562,-1.121,4.625,19.956,1.742,000000,-17.00,37.560000,126.930000,0,1660.0,,262.941,347.663,339.093,,,,,,,261.16,,1266,1833,IDLE,"$1070,03:58:35,113,F,0,25.55,33.70,1010.18,7.370,0.790,5.822,-4.812,0.559,1.994,2.109,-9.562,-1.121,4.625,19.956,1.742,000000,-17.00,37.560000,126.930000,0,1660.0,,262.941,347.663,339.093,,,,,,,261.16,,1266,1833,IDLE"
2026-05-06T03:58:36.493,1070,03:58:36,114,F,0,25.35,33.69,1010.18,7.380,0.810,5.978,10.072,2.238,3.826,1.879,-8.758,-1.430,7.170,20.011,3.778,000000,-17.00,37.560000,126.930000,0,1660.0,,260.392,348.309,110.734,,,,,,,36.18,,1266,1833,IDLE,"$1070,03:58:36,114,F,0,25.35,33.69,1010.18,7.380,0.810,5.978,10.072,2.238,3.826,1.879,-8.758,-1.430,7.170,20.011,3.778,000000,-17.00,37.560000,126.930000,0,1660.0,,260.392,348.309,110.734,,,,,,,36.18,,1266,1833,IDLE"
2026-05-06T03:58:37.734,1070,03:58:37,115,F,0,25.46,33.69,1010.21,7.350,0.750,5.512,-2.126,1.455,-0.117,1.766,-9.566,-1.656,7.530,20.938,4.327,000000,-17.00,37.560000,126.930000,0,1660.0,,260.291,350.076,20.861,,,,,,,7.72,,1266,1833,IDLE,"$1070,03:58:37,115,F,0,25.46,33.69,1010.21,7.350,0.750,5.512,-2.126,1.455,-0.117,1.766,-9.566,-1.656,7.530,20.938,4.327,000000,-17.00,37.560000,126.930000,0,1660.0,,260.291,350.076,20.861,,,,,,,7.72,,1266,1833,IDLE"
2026-05-06T03:58:38.556,1070,03:58:38,116,F,0,25.32,33.68,1010.19,7.360,0.770,5.667,17.681,-0.783,0.438,1.152,-8.949,-0.852,9.710,21.528,2.499,000000,-17.00,37.560000,126.930000,0,1770.0,,261.631,352.201,5.296,,,,,,,2.73,,1266,1833,IDLE,"$1070,03:58:38,116,F,0,25.32,33.68,1010.19,7.360,0.770,5.667,17.681,-0.783,0.438,1.152,-8.949,-0.852,9.710,21.528,2.499,000000,-17.00,37.560000,126.930000,0,1770.0,,261.631,352.201,5.296,,,,,,,2.73,,1266,1833,IDLE"
2026-05-06T03:59:02.677,1070,03:59:02,140,F,0,25.36,33.51,1010.12,7.360,0.770,5.667,-1.567,-1.679,0.611,-2.027,-9.527,0.793,32.955,1.439,-6.696,000000,-17.00,37.560000,126.930000,0,3020.0,,275.104,12.075,24.469,,,,,,,24.74,,1266,1833,IDLE,"$1070,03:59:02,140,F,0,25.36,33.51,1010.12,7.360,0.770,5.667,-1.567,-1.679,0.611,-2.027,-9.527,0.793,32.955,1.439,-6.696,000000,-17.00,37.560000,126.930000,0,3020.0,,275.104,12.075,24.469,,,,,,,24.74,,1266,1833,IDLE"
2026-05-06T03:59:03.685,1070,03:59:03,141,F,0,25.47,33.52,1010.19,7.370,0.790,5.822,1.119,0.559,0.139,-2.027,-9.301,0.793,33.246,1.001,-6.508,000000,-17.00,37.560000,126.930000,0,3030.0,,274.745,12.490,24.801,,,,,,,24.88,,1266,1833,IDLE,"$1070,03:59:03,141,F,0,25.47,33.52,1010.19,7.370,0.790,5.822,1.119,0.559,0.139,-2.027,-9.301,0.793,33.246,1.001,-6.508,000000,-17.00,37.560000,126.930000,0,3030.0,,274.745,12.490,24.801,,,,,,,24.88,,1266,1833,IDLE"
2026-05-06T03:59:04.699,1070,03:59:04,142,F,0,25.35,33.52,1010.19,7.380,0.810,5.978,-0.336,4.700,1.732,-2.066,-9.484,0.793,31.911,1.818,-7.413,000000,-17.00,37.560000,126.930000,0,2940.0,,274.821,11.524,24.920,,,,,,,27.53,,1266,1833,IDLE,"$1070,03:59:04,142,F,0,25.35,33.52,1010.19,7.380,0.810,5.978,-0.336,4.700,1.732,-2.066,-9.484,0.793,31.911,1.818,-7.413,000000,-17.00,37.560000,126.930000,0,2940.0,,274.821,11.524,24.920,,,,,,,27.53,,1266,1833,IDLE"
2026-05-06T03:59:05.720,1070,03:59:05,143,F,0,25.80,33.52,1010.16,7.350,0.750,5.512,-147.716,-71.396,9.396,0.769,-6.383,-3.383,38.142,13.715,15.011,000000,-17.00,37.560000,126.930000,0,550.0,,248.921,9.627,34.276,,,,,,,32.91,,1266,1833,IDLE,"$1070,03:59:05,143,F,0,25.80,33.52,1010.16,7.350,0.750,5.512,-147.716,-71.396,9.396,0.769,-6.383,-3.383,38.142,13.715,15.011,000000,-17.00,37.560000,126.930000,0,550.0,,248.921,9.627,34.276,,,,,,,32.91,,1266,1833,IDLE"
2026-05-06T03:59:06.551,1070,03:59:06,144,F,0,25.59,33.53,1010.15,7.360,0.770,5.667,34.355,8.393,27.311,-9.113,-0.445,-3.344,51.992,1.007,22.454,000000,-17.00,37.560000,126.930000,0,1830.0,,173.625,61.755,35.988,,,,,,,218.57,,1266,1833,IDLE,"$1070,03:59:06,144,F,0,25.59,33.53,1010.15,7.360,0.770,5.667,34.355,8.393,27.311,-9.113,-0.445,-3.344,51.992,1.007,22.454,000000,-17.00,37.560000,126.930000,0,1830.0,,173.625,61.755,35.988,,,,,,,218.57,,1266,1833,IDLE"
2026-05-06T03:59:07.557,1070,03:59:07,145,F,0,25.71,33.52,1010.12,7.370,0.790,5.822,8.729,26.410,17.771,-6.508,-6.996,1.102,49.876,11.172,-2.991,000000,-17.00,37.560000,126.930000,0,1830.0,,273.579,37.583,294.250,,,,,,,326.06,,1266,1833,IDLE,"$1070,03:59:07,145,F,0,25.71,33.52,1010.12,7.370,0.790,5.822,8.729,26.410,17.771,-6.508,-6.996,1.102,49.876,11.172,-2.991,000000,-17.00,37.560000,126.930000,0,1830.0,,273.579,37.583,294.250,,,,,,,326.06,,1266,1833,IDLE"
2026-05-06T03:59:08.584,1070,03:59:08,146,F,0,25.59,33.52,1010.16,7.380,0.810,5.978,-0.336,0.000,-3.286,-8.043,-5.348,0.562,54.111,8.983,-5.135,000000,-17.00,37.560000,126.930000,0,1830.0,,274.702,54.310,339.552,,,,,,,345.21,,1266,1833,IDLE,"$1070,03:59:08,146,F,0,25.59,33.52,1010.16,7.380,0.810,5.978,-0.336,0.000,-3.286,-8.043,-5.348,0.562,54.111,8.983,-5.135,000000,-17.00,37.560000,126.930000,0,1830.0,,274.702,54.310,339.552,,,,,,,345.21,,1266,1833,IDLE"
2026-05-06T03:59:09.580,1070,03:59:09,147,F,0,25.59,33.51,1010.17,7.350,0.750,5.512,0.000,-0.224,-0.648,-8.043,-5.387,0.562,53.890,9.187,-7.125,000000,-17.00,37.560000,126.930000,0,1830.0,,275.372,55.545,347.346,,,,,,,348.22,,1266,1833,IDLE,"$1070,03:59:09,147,F,0,25.59,33.51,1010.17,7.350,0.750,5.512,0.000,-0.224,-0.648,-8.043,-5.387,0.562,53.890,9.187,-7.125,000000,-17.00,37.560000,126.930000,0,1830.0,,275.372,55.545,347.346,,,,,,,348.22,,1266,1833,IDLE"
2026-05-06T03:59:10.614,1070,03:59:10,148,F,0,25.34,33.50,1010.18,7.360,0.770,5.667,0.112,-0.112,-0.210,-8.043,-5.387,0.562,54.162,9.940,-7.789,000000,-17.00,37.560000,126.930000,0,1830.0,,275.745,55.851,348.349,,,,,,,348.40,,1266,1833,IDLE,"$1070,03:59:10,148,F,0,25.34,33.50,1010.18,7.360,0.770,5.667,0.112,-0.112,-0.210,-8.043,-5.387,0.562,54.162,9.940,-7.789,000000,-17.00,37.560000,126.930000,0,1830.0,,275.745,55.851,348.349,,,,,,,348.40,,1266,1833,IDLE"
2026-05-06T03:59:11.635,1070,03:59:11,149,F,0,25.54,33.51,1010.14,7.370,0.790,5.822,-0.224,0.000,-0.041,-8.043,-5.387,0.562,53.317,9.255,-6.585,000000,-17.00,37.560000,126.930000,0,1830.0,,275.910,55.957,348.386,,,,,,,348.35,,1266,1833,IDLE,"$1070,03:59:11,149,F,0,25.54,33.51,1010.14,7.370,0.790,5.822,-0.224,0.000,-0.041,-8.043,-5.387,0.562,53.317,9.255,-6.585,000000,-17.00,37.560000,126.930000,0,1830.0,,275.910,55.957,348.386,,,,,,,348.35,,1266,1833,IDLE"
2026-05-06T03:59:12.660,1070,03:59:12,150,F,0,25.68,33.51,1010.21,7.380,0.810,5.978,0.336,-0.112,-0.019,-8.039,-5.426,0.562,53.832,9.841,-5.607,000000,-17.00,37.560000,126.930000,0,1830.0,,275.938,55.995,348.341,,,,,,,348.34,,1266,1833,IDLE,"$1070,03:59:12,150,F,0,25.68,33.51,1010.21,7.380,0.810,5.978,0.336,-0.112,-0.019,-8.039,-5.426,0.562,53.832,9.841,-5.607,000000,-17.00,37.560000,126.930000,0,1830.0,,275.938,55.995,348.341,,,,,,,348.34,,1266,1833,IDLE"
