timestamp,sender_app,sender_name,receiver_app,receiver_name,msg_id,data
2026-05-24T16:00:16.672,11,FlightLogic,12,Comm,1101201,3
2026-05-24T16:00:17.668,11,FlightLogic,12,Comm,1101201,3
2026-05-24T16:00:18.669,11,FlightLogic,12,Comm,1101201,3
2026-05-24T16:00:19.669,11,FlightLogic,12,Comm,1101201,3
2026-05-24T16:00:20.669,11,FlightLogic,12,Comm,1101201,3
2026-05-24T16:00:21.669,11,FlightLogic,12,Comm,1101201,3
2026-05-24T16:00:22.669,11,FlightLogic,12,Comm,1101201,3
2026-05-24T16:00:23.670,11,FlightLogic,12,Comm,1101201,3
2026-05-24T16:00:24.670,11,FlightLogic,12,Comm,1101201,3
2026-05-24T16:00:25.670,11,FlightLogic,12,Comm,1101201,3
2026-05-24T16:00:26.670,11,FlightLogic,12,Comm,1101201,3
2026-05-24T16:00:27.670,11,FlightLogic,12,Comm,1101201,3
2026-05-24T16:00:28.670,11,FlightLogic,12,Comm,1101201,3
2026-05-24T16:00:29.671,11,FlightLogic,12,Comm,1101201,3
2026-05-24T16:00:30.671,11,FlightLogic,12,Comm,1101201,3
2026-05-24T16:00:31.671,11,FlightLogic,12,Comm,1101201,3
2026-05-24T16:00:32.671,11,FlightLogic,12,Comm,1101201,3
2026-05-24T16:00:33.672,11,FlightLogic,12,Comm,1101201,3
2026-05-24T16:00:34.672,11,FlightLogic,12,Comm,1101201,3
2026-05-24T16:00:35.672,11,FlightLogic,12,Comm,1101201,3
2026-05-24T16:00:36.672,11,FlightLogic,12,Comm,1101201,3
2026-05-24T16:00:37.673,11,FlightLogic,12,Comm,1101201,3
2026-05-24T16:00:38.673,11,FlightLogic,12,Comm,1101201,3
2026-05-24T16:40:38.051,11,FlightLogic,12,Comm,1101201,3
2026-05-24T16:40:39.052,11,FlightLogic,12,Comm,1101201,3
2026-05-24T16:40:40.052,11,FlightLogic,12,Comm,1101201,3
2026-05-24T16:40:41.052,11,FlightLogic,12,Comm,1101201,3
2026-05-24T16:40:42.052,11,FlightLogic,12,Comm,1101201,3
2026-05-24T16:40:43.053,11,FlightLogic,12,Comm,1101201,3
2026-05-24T16:40:44.053,11,FlightLogic,12,Comm,1101201,3
2026-05-24T16:40:45.053,11,FlightLogic,12,Comm,1101201,3
2026-05-24T16:40:46.053,11,FlightLogic,12,Comm,1101201,3
2026-05-24T16:40:47.054,11,FlightLogic,12,Comm,1101201,3
2026-05-24T16:40:48.054,11,FlightLogic,12,Comm,1101201,3
2026-05-24T16:40:49.054,11,FlightLogic,12,Comm,1101201,3
2026-05-24T16:40:50.054,11,FlightLogic,12,Comm,1101201,3
2026-05-24T16:40:51.055,11,FlightLogic,12,Comm,1101201,3
2026-05-24T16:40:52.055,11,FlightLogic,12,Comm,1101201,3
2026-05-24T16:40:53.055,11,FlightLogic,12,Comm,1101201,3
2026-05-24T16:40:54.056,11,FlightLogic,12,Comm,1101201,3
2026-05-24T16:40:55.056,11,FlightLogic,12,Comm,1101201,3
2026-05-24T16:40:56.056,11,FlightLogic,12,Comm,1101201,3
2026-05-24T16:40:57.056,11,FlightLogic,12,Comm,1101201,3
2026-05-24T16:40:58.057,11,FlightLogic,12,Comm,1101201,3
2026-05-24T16:40:59.057,11,FlightLogic,12,Comm,1101201,3
2026-05-24T16:41:00.057,11,FlightLogic,12,Comm,1101201,3
2026-05-24T16:41:01.057,11,FlightLogic,12,Comm,1101201,3
2026-05-24T16:41:02.058,11,FlightLogic,12,Comm,1101201,3
2026-05-24T16:41:03.058,11,FlightLogic,12,Comm,1101201,3
2026-05-24T16:41:04.058,11,FlightLogic,12,Comm,1101201,3
2026-05-24T16:41:05.058,11,FlightLogic,12,Comm,1101201,3
2026-05-24T16:41:06.059,11,FlightLogic,12,Comm,1101201,3
2026-05-24T16:41:07.059,11,FlightLogic,12,Comm,1101201,3
2026-05-24T16:41:08.059,11,FlightLogic,12,Comm,1101201,3
2026-05-24T16:41:09.060,11,FlightLogic,12,Comm,1101201,3
2026-05-24T16:41:10.060,11,FlightLogic,12,Comm,1101201,3
2026-05-24T16:41:11.060,11,FlightLogic,12,Comm,1101201,3
2026-05-24T16:41:12.060,11,FlightLogic,12,Comm,1101201,3
2026-05-24T16:41:13.061,11,FlightLogic,12,Comm,1101201,3
2026-05-24T16:41:14.061,11,FlightLogic,12,Comm,1101201,3
2026-05-24T16:41:15.061,11,FlightLogic,12,Comm,1101201,3
2026-05-24T16:41:16.062,11,FlightLogic,12,Comm,1101201,3
2026-05-24T16:41:17.062,11,FlightLogic,12,Comm,1101201,3
2026-05-24T16:41:18.062,11,FlightLogic,12,Comm,1101201,3
2026-05-24T16:41:19.063,11,FlightLogic,12,Comm,1101201,3
2026-05-24T16:41:20.063,11,FlightLogic,12,Comm,1101201,3
2026-05-24T16:41:21.063,11,FlightLogic,12,Comm,1101201,3
2026-05-24T16:41:22.063,11,FlightLogic,12,Comm,1101201,3
2026-05-24T16:41:23.063,11,FlightLogic,12,Comm,1101201,3
2026-05-24T16:41:24.064,11,FlightLogic,12,Comm,1101201,3
2026-05-24T16:41:25.064,11,FlightLogic,12,Comm,1101201,3
2026-05-24T16:41:26.064,11,FlightLogic,12,Comm,1101201,3
2026-05-24T16:41:27.065,11,FlightLogic,12,Comm,1101201,3
2026-05-24T16:41:28.065,11,FlightLogic,12,Comm,1101201,3
2026-05-24T16:41:29.065,11,FlightLogic,12,Comm,1101201,3
2026-05-24T16:41:30.066,11,FlightLogic,12,Comm,1101201,3
2026-05-24T16:41:31.066,11,FlightLogic,12,Comm,1101201,3
2026-05-24T16:41:32.066,11,FlightLogic,12,Comm,1101201,3
2026-05-24T16:41:33.066,11,FlightLogic,12,Comm,1101201,3
2026-05-24T16:41:34.066,11,FlightLogic,12,Comm,1101201,3
2026-05-24T16:41:35.067,11,FlightLogic,12,Comm,1101201,3
2026-05-24T16:41:36.067,11,FlightLogic,12,Comm,1101201,3
2026-05-24T16:41:37.067,11,FlightLogic,12,Comm,1101201,3
2026-05-24T16:41:38.067,11,FlightLogic,12,Comm,1101201,3
2026-05-24T16:41:39.068,11,FlightLogic,12,Comm,1101201,3
2026-05-24T16:41:40.068,11,FlightLogic,12,Comm,1101201,3
2026-05-24T16:41:41.068,11,FlightLogic,12,Comm,1101201,3
2026-05-24T16:41:42.068,11,FlightLogic,12,Comm,1101201,3
2026-05-24T16:41:43.069,11,FlightLogic,12,Comm,1101201,3
2026-05-24T16:41:44.069,11,FlightLogic,12,Comm,1101201,3
2026-05-24T16:41:45.069,11,FlightLogic,12,Comm,1101201,3
2026-05-24T16:41:46.069,11,FlightLogic,12,Comm,1101201,3
2026-05-24T16:41:47.069,11,FlightLogic,12,Comm,1101201,3
2026-05-24T16:41:48.070,11,FlightLogic,12,Comm,1101201,3
2026-05-24T16:41:49.070,11,FlightLogic,12,Comm,1101201,3
2026-05-24T16:41:50.070,11,FlightLogic,12,Comm,1101201,3
2026-05-24T16:41:51.070,11,FlightLogic,12,Comm,1101201,3
2026-05-24T16:41:52.071,11,FlightLogic,12,Comm,1101201,3
2026-05-24T16:41:53.071,11,FlightLogic,12,Comm,1101201,3
2026-05-24T16:41:54.071,11,FlightLogic,12,Comm,1101201,3
2026-05-24T16:41:55.071,11,FlightLogic,12,Comm,1101201,3
2026-05-24T16:41:56.072,11,FlightLogic,12,Comm,1101201,3
2026-05-24T16:41:57.072,11,FlightLogic,12,Comm,1101201,3
2026-05-24T16:41:58.072,11,FlightLogic,12,Comm,1101201,3
2026-05-24T16:41:59.072,11,FlightLogic,12,Comm,1101201,3
2026-05-24T16:42:00.073,11,FlightLogic,12,Comm,1101201,3
2026-05-24T16:42:01.073,11,FlightLogic,12,Comm,1101201,3
2026-05-24T16:42:02.073,11,FlightLogic,12,Comm,1101201,3
2026-05-24T16:42:03.073,11,FlightLogic,12,Comm,1101201,3
2026-05-24T16:42:04.073,11,FlightLogic,12,Comm,1101201,3
2026-05-24T16:42:05.074,11,FlightLogic,12,Comm,1101201,3
2026-05-24T16:42:06.074,11,FlightLogic,12,Comm,1101201,3
2026-05-24T16:42:07.074,11,FlightLogic,12,Comm,1101201,3
2026-05-24T16:42:08.074,11,FlightLogic,12,Comm,1101201,3
2026-05-24T16:42:09.075,11,FlightLogic,12,Comm,1101201,3
2026-05-24T16:42:10.075,11,FlightLogic,12,Comm,1101201,3
2026-05-24T16:42:11.075,11,FlightLogic,12,Comm,1101201,3
2026-05-24T16:42:12.075,11,FlightLogic,12,Comm,1101201,3
2026-05-24T16:42:13.075,11,FlightLogic,12,Comm,1101201,3
2026-05-24T16:42:14.076,11,FlightLogic,12,Comm,1101201,3
2026-05-24T16:42:15.076,11,FlightLogic,12,Comm,1101201,3
2026-05-24T16:42:16.076,11,FlightLogic,12,Comm,1101201,3
2026-05-24T16:42:17.076,11,FlightLogic,12,Comm,1101201,3
2026-05-24T16:42:18.077,11,FlightLogic,12,Comm,1101201,3
2026-05-24T16:42:19.077,11,FlightLogic,12,Comm,1101201,3
2026-05-24T16:42:20.077,11,FlightLogic,12,Comm,1101201,3
2026-05-24T16:42:21.077,11,FlightLogic,12,Comm,1101201,3
2026-05-24T16:42:22.077,11,FlightLogic,12,Comm,1101201,3
2026-05-24T16:42:23.078,11,FlightLogic,12,Comm,1101201,3
2026-05-24T16:42:24.078,11,FlightLogic,12,Comm,1101201,3
2026-05-24T16:42:25.078,11,FlightLogic,12,Comm,1101201,3
2026-05-24T16:42:26.078,11,FlightLogic,12,Comm,1101201,3
2026-05-24T16:42:27.079,11,FlightLogic,12,Comm,1101201,3
2026-05-24T16:42:28.079,11,FlightLogic,12,Comm,1101201,3
2026-05-24T16:42:29.079,11,FlightLogic,12,Comm,1101201,3
