timestamp,pressure_pa,temperature_c,altitude_raw_m
2026-05-24T16:00:19.061,0.0,0.0,0.0
2026-05-24T16:00:19.162,0.0,0.0,0.0
2026-05-24T16:00:19.262,0.0,0.0,0.0
2026-05-24T16:00:19.363,0.0,0.0,0.0
2026-05-24T16:00:19.463,0.0,0.0,0.0
2026-05-24T16:00:19.564,0.0,0.0,0.0
2026-05-24T16:00:19.664,0.0,0.0,0.0
2026-05-24T16:00:19.764,0.0,0.0,0.0
2026-05-24T16:00:19.865,0.0,0.0,0.0
2026-05-24T16:00:19.966,0.0,0.0,0.0
2026-05-24T16:00:20.066,0.0,0.0,0.0
2026-05-24T16:00:20.166,0.0,0.0,0.0
2026-05-24T16:00:20.267,0.0,0.0,0.0
2026-05-24T16:00:20.367,0.0,0.0,0.0
2026-05-24T16:00:20.468,0.0,0.0,0.0
2026-05-24T16:00:20.568,0.0,0.0,0.0
2026-05-24T16:00:20.669,0.0,0.0,0.0
2026-05-24T16:00:20.769,0.0,0.0,0.0
2026-05-24T16:00:20.870,0.0,0.0,0.0
2026-05-24T16:00:20.970,0.0,0.0,0.0
2026-05-24T16:00:21.071,0.0,0.0,0.0
2026-05-24T16:00:21.171,0.0,0.0,0.0
2026-05-24T16:00:21.275,0.0,0.0,0.0
2026-05-24T16:00:21.376,0.0,0.0,0.0
2026-05-24T16:00:21.476,0.0,0.0,0.0
2026-05-24T16:00:21.577,0.0,0.0,0.0
2026-05-24T16:00:21.677,0.0,0.0,0.0
2026-05-24T16:00:21.778,0.0,0.0,0.0
2026-05-24T16:00:21.878,0.0,0.0,0.0
2026-05-24T16:00:21.979,0.0,0.0,0.0
2026-05-24T16:00:22.079,0.0,0.0,0.0
2026-05-24T16:00:22.180,0.0,0.0,0.0
2026-05-24T16:00:22.280,0.0,0.0,0.0
2026-05-24T16:00:22.381,0.0,0.0,0.0
2026-05-24T16:00:22.481,0.0,0.0,0.0
2026-05-24T16:00:22.582,0.0,0.0,0.0
2026-05-24T16:00:22.682,0.0,0.0,0.0
2026-05-24T16:00:22.783,0.0,0.0,0.0
2026-05-24T16:00:22.883,0.0,0.0,0.0
2026-05-24T16:00:22.984,0.0,0.0,0.0
2026-05-24T16:00:23.084,0.0,0.0,0.0
2026-05-24T16:00:23.185,0.0,0.0,0.0
2026-05-24T16:00:23.285,0.0,0.0,0.0
2026-05-24T16:00:23.386,0.0,0.0,0.0
2026-05-24T16:00:23.486,0.0,0.0,0.0
2026-05-24T16:00:23.586,0.0,0.0,0.0
2026-05-24T16:00:23.687,0.0,0.0,0.0
2026-05-24T16:00:23.787,0.0,0.0,0.0
2026-05-24T16:00:23.888,0.0,0.0,0.0
2026-05-24T16:00:23.988,0.0,0.0,0.0
2026-05-24T16:00:24.089,0.0,0.0,0.0
2026-05-24T16:00:24.189,0.0,0.0,0.0
2026-05-24T16:00:24.290,0.0,0.0,0.0
2026-05-24T16:00:24.390,0.0,0.0,0.0
2026-05-24T16:00:24.491,0.0,0.0,0.0
2026-05-24T16:00:24.591,0.0,0.0,0.0
2026-05-24T16:00:24.692,0.0,0.0,0.0
2026-05-24T16:00:24.792,0.0,0.0,0.0
2026-05-24T16:00:24.893,0.0,0.0,0.0
2026-05-24T16:00:24.993,0.0,0.0,0.0
2026-05-24T16:00:25.094,0.0,0.0,0.0
2026-05-24T16:00:25.194,0.0,0.0,0.0
2026-05-24T16:00:25.295,0.0,0.0,0.0
2026-05-24T16:00:25.395,0.0,0.0,0.0
2026-05-24T16:00:25.496,0.0,0.0,0.0
2026-05-24T16:00:25.596,0.0,0.0,0.0
2026-05-24T16:00:25.696,0.0,0.0,0.0
2026-05-24T16:00:25.797,0.0,0.0,0.0
2026-05-24T16:00:25.897,0.0,0.0,0.0
2026-05-24T16:00:25.998,0.0,0.0,0.0
2026-05-24T16:00:26.098,0.0,0.0,0.0
2026-05-24T16:00:26.199,0.0,0.0,0.0
2026-05-24T16:00:26.299,0.0,0.0,0.0
2026-05-24T16:00:26.400,0.0,0.0,0.0
2026-05-24T16:00:26.500,0.0,0.0,0.0
2026-05-24T16:00:26.601,0.0,0.0,0.0
2026-05-24T16:00:26.701,0.0,0.0,0.0
2026-05-24T16:00:26.802,0.0,0.0,0.0
2026-05-24T16:00:26.902,0.0,0.0,0.0
2026-05-24T16:00:27.002,0.0,0.0,0.0
2026-05-24T16:00:27.103,0.0,0.0,0.0
2026-05-24T16:00:27.203,0.0,0.0,0.0
2026-05-24T16:00:27.304,0.0,0.0,0.0
2026-05-24T16:00:27.404,0.0,0.0,0.0
2026-05-24T16:00:27.505,0.0,0.0,0.0
2026-05-24T16:00:27.605,0.0,0.0,0.0
2026-05-24T16:00:27.706,0.0,0.0,0.0
2026-05-24T16:00:27.806,0.0,0.0,0.0
2026-05-24T16:00:27.906,0.0,0.0,0.0
2026-05-24T16:00:28.007,0.0,0.0,0.0
2026-05-24T16:00:28.107,0.0,0.0,0.0
2026-05-24T16:00:28.208,0.0,0.0,0.0
2026-05-24T16:00:28.308,0.0,0.0,0.0
2026-05-24T16:00:28.409,0.0,0.0,0.0
2026-05-24T16:00:28.509,0.0,0.0,0.0
2026-05-24T16:00:28.610,0.0,0.0,0.0
2026-05-24T16:00:28.710,0.0,0.0,0.0
2026-05-24T16:00:28.810,0.0,0.0,0.0
2026-05-24T16:00:28.911,0.0,0.0,0.0
2026-05-24T16:00:29.011,0.0,0.0,0.0
2026-05-24T16:00:29.112,0.0,0.0,0.0
2026-05-24T16:00:29.212,0.0,0.0,0.0
2026-05-24T16:00:29.313,0.0,0.0,0.0
2026-05-24T16:00:29.413,0.0,0.0,0.0
2026-05-24T16:00:29.514,0.0,0.0,0.0
2026-05-24T16:00:29.614,0.0,0.0,0.0
2026-05-24T16:00:29.715,0.0,0.0,0.0
2026-05-24T16:00:29.815,0.0,0.0,0.0
2026-05-24T16:00:29.915,0.0,0.0,0.0
2026-05-24T16:00:30.016,0.0,0.0,0.0
2026-05-24T16:00:30.117,0.0,0.0,0.0
2026-05-24T16:00:30.217,0.0,0.0,0.0
2026-05-24T16:00:30.318,0.0,0.0,0.0
2026-05-24T16:00:30.418,0.0,0.0,0.0
2026-05-24T16:00:30.518,0.0,0.0,0.0
2026-05-24T16:00:30.619,0.0,0.0,0.0
2026-05-24T16:00:30.719,0.0,0.0,0.0
2026-05-24T16:00:30.820,0.0,0.0,0.0
2026-05-24T16:00:30.920,0.0,0.0,0.0
2026-05-24T16:00:31.021,0.0,0.0,0.0
2026-05-24T16:00:31.121,0.0,0.0,0.0
2026-05-24T16:00:31.222,0.0,0.0,0.0
2026-05-24T16:00:31.322,0.0,0.0,0.0
2026-05-24T16:00:31.423,0.0,0.0,0.0
2026-05-24T16:00:31.523,0.0,0.0,0.0
2026-05-24T16:00:31.624,0.0,0.0,0.0
2026-05-24T16:00:31.724,0.0,0.0,0.0
2026-05-24T16:00:31.825,0.0,0.0,0.0
2026-05-24T16:00:31.925,0.0,0.0,0.0
2026-05-24T16:00:32.026,0.0,0.0,0.0
2026-05-24T16:00:32.126,0.0,0.0,0.0
2026-05-24T16:00:32.227,0.0,0.0,0.0
2026-05-24T16:00:32.327,0.0,0.0,0.0
2026-05-24T16:00:32.428,0.0,0.0,0.0
2026-05-24T16:00:32.528,0.0,0.0,0.0
2026-05-24T16:00:32.629,0.0,0.0,0.0
2026-05-24T16:00:32.729,0.0,0.0,0.0
2026-05-24T16:00:32.830,0.0,0.0,0.0
2026-05-24T16:00:32.930,0.0,0.0,0.0
2026-05-24T16:00:33.030,0.0,0.0,0.0
2026-05-24T16:00:33.131,0.0,0.0,0.0
2026-05-24T16:00:33.231,0.0,0.0,0.0
2026-05-24T16:00:33.332,0.0,0.0,0.0
2026-05-24T16:00:33.432,0.0,0.0,0.0
2026-05-24T16:00:33.533,0.0,0.0,0.0
2026-05-24T16:00:33.633,0.0,0.0,0.0
2026-05-24T16:00:33.734,0.0,0.0,0.0
2026-05-24T16:00:33.834,0.0,0.0,0.0
2026-05-24T16:00:33.934,0.0,0.0,0.0
2026-05-24T16:00:34.035,0.0,0.0,0.0
2026-05-24T16:00:34.135,0.0,0.0,0.0
2026-05-24T16:00:34.236,0.0,0.0,0.0
2026-05-24T16:00:34.336,0.0,0.0,0.0
2026-05-24T16:00:34.437,0.0,0.0,0.0
2026-05-24T16:00:34.537,0.0,0.0,0.0
2026-05-24T16:00:34.638,0.0,0.0,0.0
2026-05-24T16:00:34.738,0.0,0.0,0.0
2026-05-24T16:00:34.839,0.0,0.0,0.0
2026-05-24T16:00:34.939,0.0,0.0,0.0
2026-05-24T16:00:35.040,0.0,0.0,0.0
2026-05-24T16:00:35.140,0.0,0.0,0.0
2026-05-24T16:00:35.241,0.0,0.0,0.0
2026-05-24T16:00:35.341,0.0,0.0,0.0
2026-05-24T16:00:35.442,0.0,0.0,0.0
2026-05-24T16:00:35.542,0.0,0.0,0.0
2026-05-24T16:00:35.642,0.0,0.0,0.0
2026-05-24T16:00:35.743,0.0,0.0,0.0
2026-05-24T16:00:35.843,0.0,0.0,0.0
2026-05-24T16:00:35.944,0.0,0.0,0.0
2026-05-24T16:00:36.044,0.0,0.0,0.0
2026-05-24T16:00:36.144,0.0,0.0,0.0
2026-05-24T16:00:36.245,0.0,0.0,0.0
2026-05-24T16:00:36.345,0.0,0.0,0.0
2026-05-24T16:00:36.446,0.0,0.0,0.0
2026-05-24T16:00:36.546,0.0,0.0,0.0
2026-05-24T16:00:36.647,0.0,0.0,0.0
2026-05-24T16:00:36.747,0.0,0.0,0.0
2026-05-24T16:00:36.848,0.0,0.0,0.0
2026-05-24T16:00:36.948,0.0,0.0,0.0
2026-05-24T16:00:37.049,0.0,0.0,0.0
2026-05-24T16:00:37.149,0.0,0.0,0.0
2026-05-24T16:00:37.250,0.0,0.0,0.0
2026-05-24T16:00:37.350,0.0,0.0,0.0
2026-05-24T16:00:37.451,0.0,0.0,0.0
2026-05-24T16:00:37.551,0.0,0.0,0.0
2026-05-24T16:00:37.652,0.0,0.0,0.0
2026-05-24T16:00:37.752,0.0,0.0,0.0
2026-05-24T16:00:37.852,0.0,0.0,0.0
2026-05-24T16:00:37.953,0.0,0.0,0.0
2026-05-24T16:00:38.053,0.0,0.0,0.0
2026-05-24T16:00:38.154,0.0,0.0,0.0
2026-05-24T16:00:38.254,0.0,0.0,0.0
2026-05-24T16:00:38.355,0.0,0.0,0.0
2026-05-24T16:00:38.455,0.0,0.0,0.0
2026-05-24T16:00:38.556,0.0,0.0,0.0
2026-05-24T16:00:38.656,0.0,0.0,0.0
2026-05-24T16:00:38.757,0.0,0.0,0.0
2026-05-24T16:00:38.857,0.0,0.0,0.0
2026-05-24T16:40:37.336,0.0,0.0,0.0
2026-05-24T16:40:37.437,0.0,0.0,0.0
2026-05-24T16:40:37.537,0.0,0.0,0.0
2026-05-24T16:40:37.638,0.0,0.0,0.0
2026-05-24T16:40:37.738,0.0,0.0,0.0
2026-05-24T16:40:37.839,0.0,0.0,0.0
2026-05-24T16:40:37.939,0.0,0.0,0.0
2026-05-24T16:40:38.040,0.0,0.0,0.0
2026-05-24T16:40:38.140,0.0,0.0,0.0
2026-05-24T16:40:38.241,0.0,0.0,0.0
2026-05-24T16:40:38.342,0.0,0.0,0.0
2026-05-24T16:40:38.442,0.0,0.0,0.0
2026-05-24T16:40:38.543,0.0,0.0,0.0
2026-05-24T16:40:38.643,0.0,0.0,0.0
2026-05-24T16:40:38.744,0.0,0.0,0.0
2026-05-24T16:40:38.844,0.0,0.0,0.0
2026-05-24T16:40:38.945,0.0,0.0,0.0
2026-05-24T16:40:39.046,0.0,0.0,0.0
2026-05-24T16:40:39.146,0.0,0.0,0.0
2026-05-24T16:40:39.247,0.0,0.0,0.0
2026-05-24T16:40:39.347,0.0,0.0,0.0
2026-05-24T16:40:39.448,0.0,0.0,0.0
2026-05-24T16:40:39.548,0.0,0.0,0.0
2026-05-24T16:40:39.649,0.0,0.0,0.0
2026-05-24T16:40:39.749,0.0,0.0,0.0
2026-05-24T16:40:39.850,0.0,0.0,0.0
2026-05-24T16:40:39.950,0.0,0.0,0.0
2026-05-24T16:40:40.051,0.0,0.0,0.0
2026-05-24T16:40:40.151,0.0,0.0,0.0
2026-05-24T16:40:40.252,0.0,0.0,0.0
2026-05-24T16:40:40.352,0.0,0.0,0.0
2026-05-24T16:40:40.453,0.0,0.0,0.0
2026-05-24T16:40:40.553,0.0,0.0,0.0
2026-05-24T16:40:40.654,0.0,0.0,0.0
2026-05-24T16:40:40.754,0.0,0.0,0.0
2026-05-24T16:40:40.855,0.0,0.0,0.0
2026-05-24T16:40:40.955,0.0,0.0,0.0
2026-05-24T16:40:41.056,0.0,0.0,0.0
2026-05-24T16:40:41.156,0.0,0.0,0.0
2026-05-24T16:40:41.257,0.0,0.0,0.0
2026-05-24T16:40:41.358,0.0,0.0,0.0
2026-05-24T16:40:41.458,0.0,0.0,0.0
2026-05-24T16:40:41.559,0.0,0.0,0.0
2026-05-24T16:40:41.659,0.0,0.0,0.0
2026-05-24T16:40:41.760,0.0,0.0,0.0
2026-05-24T16:40:41.860,0.0,0.0,0.0
2026-05-24T16:40:41.961,0.0,0.0,0.0
2026-05-24T16:40:42.062,0.0,0.0,0.0
2026-05-24T16:40:42.162,0.0,0.0,0.0
2026-05-24T16:40:42.263,0.0,0.0,0.0
2026-05-24T16:40:42.363,0.0,0.0,0.0
2026-05-24T16:40:42.464,0.0,0.0,0.0
2026-05-24T16:40:42.564,0.0,0.0,0.0
2026-05-24T16:40:42.665,0.0,0.0,0.0
2026-05-24T16:40:42.766,0.0,0.0,0.0
2026-05-24T16:40:42.866,0.0,0.0,0.0
2026-05-24T16:40:42.967,0.0,0.0,0.0
2026-05-24T16:40:43.067,0.0,0.0,0.0
2026-05-24T16:40:43.168,0.0,0.0,0.0
2026-05-24T16:40:43.268,0.0,0.0,0.0
2026-05-24T16:40:43.369,0.0,0.0,0.0
2026-05-24T16:40:43.470,0.0,0.0,0.0
2026-05-24T16:40:43.570,0.0,0.0,0.0
2026-05-24T16:40:43.671,0.0,0.0,0.0
2026-05-24T16:40:43.771,0.0,0.0,0.0
2026-05-24T16:40:43.872,0.0,0.0,0.0
2026-05-24T16:40:43.972,0.0,0.0,0.0
2026-05-24T16:40:44.073,0.0,0.0,0.0
2026-05-24T16:40:44.174,0.0,0.0,0.0
2026-05-24T16:40:44.274,0.0,0.0,0.0
2026-05-24T16:40:44.375,0.0,0.0,0.0
2026-05-24T16:40:44.475,0.0,0.0,0.0
2026-05-24T16:40:44.576,0.0,0.0,0.0
2026-05-24T16:40:44.676,0.0,0.0,0.0
2026-05-24T16:40:44.777,0.0,0.0,0.0
2026-05-24T16:40:44.877,0.0,0.0,0.0
2026-05-24T16:40:44.978,0.0,0.0,0.0
2026-05-24T16:40:45.079,0.0,0.0,0.0
2026-05-24T16:40:45.179,0.0,0.0,0.0
2026-05-24T16:40:45.280,0.0,0.0,0.0
2026-05-24T16:40:45.380,0.0,0.0,0.0
2026-05-24T16:40:45.481,0.0,0.0,0.0
2026-05-24T16:40:45.581,0.0,0.0,0.0
2026-05-24T16:40:45.682,0.0,0.0,0.0
2026-05-24T16:40:45.783,0.0,0.0,0.0
2026-05-24T16:40:45.883,0.0,0.0,0.0
2026-05-24T16:40:45.984,0.0,0.0,0.0
2026-05-24T16:40:46.084,0.0,0.0,0.0
2026-05-24T16:40:46.185,0.0,0.0,0.0
2026-05-24T16:40:46.285,0.0,0.0,0.0
2026-05-24T16:40:46.386,0.0,0.0,0.0
2026-05-24T16:40:46.487,0.0,0.0,0.0
2026-05-24T16:40:46.587,0.0,0.0,0.0
2026-05-24T16:40:46.688,0.0,0.0,0.0
2026-05-24T16:40:46.788,0.0,0.0,0.0
2026-05-24T16:40:46.889,0.0,0.0,0.0
2026-05-24T16:40:46.989,0.0,0.0,0.0
2026-05-24T16:40:47.090,0.0,0.0,0.0
2026-05-24T16:40:47.190,0.0,0.0,0.0
2026-05-24T16:40:47.291,0.0,0.0,0.0
2026-05-24T16:40:47.392,0.0,0.0,0.0
2026-05-24T16:40:47.492,0.0,0.0,0.0
2026-05-24T16:40:47.593,0.0,0.0,0.0
2026-05-24T16:40:47.693,0.0,0.0,0.0
2026-05-24T16:40:47.794,0.0,0.0,0.0
2026-05-24T16:40:47.894,0.0,0.0,0.0
2026-05-24T16:40:47.995,0.0,0.0,0.0
2026-05-24T16:40:48.095,0.0,0.0,0.0
2026-05-24T16:40:48.196,0.0,0.0,0.0
2026-05-24T16:40:48.297,0.0,0.0,0.0
2026-05-24T16:40:48.397,0.0,0.0,0.0
2026-05-24T16:40:48.498,0.0,0.0,0.0
2026-05-24T16:40:48.598,0.0,0.0,0.0
2026-05-24T16:40:48.699,0.0,0.0,0.0
2026-05-24T16:40:48.799,0.0,0.0,0.0
2026-05-24T16:40:48.900,0.0,0.0,0.0
2026-05-24T16:40:49.000,0.0,0.0,0.0
2026-05-24T16:40:49.101,0.0,0.0,0.0
2026-05-24T16:40:49.202,0.0,0.0,0.0
2026-05-24T16:40:49.302,0.0,0.0,0.0
2026-05-24T16:40:49.403,0.0,0.0,0.0
2026-05-24T16:40:49.503,0.0,0.0,0.0
2026-05-24T16:40:49.604,0.0,0.0,0.0
2026-05-24T16:40:49.704,0.0,0.0,0.0
2026-05-24T16:40:49.805,0.0,0.0,0.0
2026-05-24T16:40:49.906,0.0,0.0,0.0
2026-05-24T16:40:50.006,0.0,0.0,0.0
2026-05-24T16:40:50.107,0.0,0.0,0.0
2026-05-24T16:40:50.207,0.0,0.0,0.0
2026-05-24T16:40:50.308,0.0,0.0,0.0
2026-05-24T16:40:50.409,0.0,0.0,0.0
2026-05-24T16:40:50.509,0.0,0.0,0.0
2026-05-24T16:40:50.610,0.0,0.0,0.0
2026-05-24T16:40:50.710,0.0,0.0,0.0
2026-05-24T16:40:50.811,0.0,0.0,0.0
2026-05-24T16:40:50.912,0.0,0.0,0.0
2026-05-24T16:40:51.012,0.0,0.0,0.0
2026-05-24T16:40:51.113,0.0,0.0,0.0
2026-05-24T16:40:51.213,0.0,0.0,0.0
2026-05-24T16:40:51.314,0.0,0.0,0.0
2026-05-24T16:40:51.414,0.0,0.0,0.0
2026-05-24T16:40:51.515,0.0,0.0,0.0
2026-05-24T16:40:51.616,0.0,0.0,0.0
2026-05-24T16:40:51.716,0.0,0.0,0.0
2026-05-24T16:40:51.817,0.0,0.0,0.0
2026-05-24T16:40:51.917,0.0,0.0,0.0
2026-05-24T16:40:52.018,0.0,0.0,0.0
2026-05-24T16:40:52.118,0.0,0.0,0.0
2026-05-24T16:40:52.219,0.0,0.0,0.0
2026-05-24T16:40:52.320,0.0,0.0,0.0
2026-05-24T16:40:52.420,0.0,0.0,0.0
2026-05-24T16:40:52.521,0.0,0.0,0.0
2026-05-24T16:40:52.621,0.0,0.0,0.0
2026-05-24T16:40:52.722,0.0,0.0,0.0
2026-05-24T16:40:52.823,0.0,0.0,0.0
2026-05-24T16:40:52.923,0.0,0.0,0.0
2026-05-24T16:40:53.024,0.0,0.0,0.0
2026-05-24T16:40:53.124,0.0,0.0,0.0
2026-05-24T16:40:53.225,0.0,0.0,0.0
2026-05-24T16:40:53.326,0.0,0.0,0.0
2026-05-24T16:40:53.426,0.0,0.0,0.0
2026-05-24T16:40:53.527,0.0,0.0,0.0
2026-05-24T16:40:53.627,0.0,0.0,0.0
2026-05-24T16:40:53.728,0.0,0.0,0.0
2026-05-24T16:40:53.828,0.0,0.0,0.0
2026-05-24T16:40:53.929,0.0,0.0,0.0
2026-05-24T16:40:54.030,0.0,0.0,0.0
2026-05-24T16:40:54.130,0.0,0.0,0.0
2026-05-24T16:40:54.231,0.0,0.0,0.0
2026-05-24T16:40:54.331,0.0,0.0,0.0
2026-05-24T16:40:54.432,0.0,0.0,0.0
2026-05-24T16:40:54.532,0.0,0.0,0.0
2026-05-24T16:40:54.633,0.0,0.0,0.0
2026-05-24T16:40:54.733,0.0,0.0,0.0
2026-05-24T16:40:54.834,0.0,0.0,0.0
2026-05-24T16:40:54.934,0.0,0.0,0.0
2026-05-24T16:40:55.035,0.0,0.0,0.0
2026-05-24T16:40:55.136,0.0,0.0,0.0
2026-05-24T16:40:55.236,0.0,0.0,0.0
2026-05-24T16:40:55.337,0.0,0.0,0.0
2026-05-24T16:40:55.437,0.0,0.0,0.0
2026-05-24T16:40:55.538,0.0,0.0,0.0
2026-05-24T16:40:55.638,0.0,0.0,0.0
2026-05-24T16:40:55.739,0.0,0.0,0.0
2026-05-24T16:40:55.840,0.0,0.0,0.0
2026-05-24T16:40:55.940,0.0,0.0,0.0
2026-05-24T16:40:56.041,0.0,0.0,0.0
2026-05-24T16:40:56.141,0.0,0.0,0.0
2026-05-24T16:40:56.242,0.0,0.0,0.0
2026-05-24T16:40:56.342,0.0,0.0,0.0
2026-05-24T16:40:56.443,0.0,0.0,0.0
2026-05-24T16:40:56.543,0.0,0.0,0.0
2026-05-24T16:40:56.644,0.0,0.0,0.0
2026-05-24T16:40:56.745,0.0,0.0,0.0
2026-05-24T16:40:56.845,0.0,0.0,0.0
2026-05-24T16:40:56.946,0.0,0.0,0.0
2026-05-24T16:40:57.046,0.0,0.0,0.0
2026-05-24T16:40:57.147,0.0,0.0,0.0
2026-05-24T16:40:57.247,0.0,0.0,0.0
2026-05-24T16:40:57.348,0.0,0.0,0.0
2026-05-24T16:40:57.448,0.0,0.0,0.0
2026-05-24T16:40:57.549,0.0,0.0,0.0
2026-05-24T16:40:57.649,0.0,0.0,0.0
2026-05-24T16:40:57.750,0.0,0.0,0.0
2026-05-24T16:40:57.851,0.0,0.0,0.0
2026-05-24T16:40:57.951,0.0,0.0,0.0
2026-05-24T16:40:58.052,0.0,0.0,0.0
2026-05-24T16:40:58.152,0.0,0.0,0.0
2026-05-24T16:40:58.253,0.0,0.0,0.0
2026-05-24T16:40:58.353,0.0,0.0,0.0
2026-05-24T16:40:58.454,0.0,0.0,0.0
2026-05-24T16:40:58.554,0.0,0.0,0.0
2026-05-24T16:40:58.655,0.0,0.0,0.0
2026-05-24T16:40:58.755,0.0,0.0,0.0
2026-05-24T16:40:58.856,0.0,0.0,0.0
2026-05-24T16:40:58.956,0.0,0.0,0.0
2026-05-24T16:40:59.057,0.0,0.0,0.0
2026-05-24T16:40:59.157,0.0,0.0,0.0
2026-05-24T16:40:59.258,0.0,0.0,0.0
2026-05-24T16:40:59.359,0.0,0.0,0.0
2026-05-24T16:40:59.459,0.0,0.0,0.0
2026-05-24T16:40:59.560,0.0,0.0,0.0
2026-05-24T16:40:59.660,0.0,0.0,0.0
2026-05-24T16:40:59.761,0.0,0.0,0.0
2026-05-24T16:40:59.861,0.0,0.0,0.0
2026-05-24T16:40:59.962,0.0,0.0,0.0
2026-05-24T16:41:00.063,0.0,0.0,0.0
2026-05-24T16:41:00.163,0.0,0.0,0.0
2026-05-24T16:41:00.264,0.0,0.0,0.0
2026-05-24T16:41:00.364,0.0,0.0,0.0
2026-05-24T16:41:00.465,0.0,0.0,0.0
2026-05-24T16:41:00.565,0.0,0.0,0.0
2026-05-24T16:41:00.666,0.0,0.0,0.0
2026-05-24T16:41:00.766,0.0,0.0,0.0
2026-05-24T16:41:00.867,0.0,0.0,0.0
2026-05-24T16:41:00.968,0.0,0.0,0.0
2026-05-24T16:41:01.068,0.0,0.0,0.0
2026-05-24T16:41:01.169,0.0,0.0,0.0
2026-05-24T16:41:01.269,0.0,0.0,0.0
2026-05-24T16:41:01.370,0.0,0.0,0.0
2026-05-24T16:41:01.470,0.0,0.0,0.0
2026-05-24T16:41:01.571,0.0,0.0,0.0
2026-05-24T16:41:01.671,0.0,0.0,0.0
2026-05-24T16:41:01.772,0.0,0.0,0.0
2026-05-24T16:41:01.872,0.0,0.0,0.0
2026-05-24T16:41:01.973,0.0,0.0,0.0
2026-05-24T16:41:02.073,0.0,0.0,0.0
2026-05-24T16:41:02.174,0.0,0.0,0.0
2026-05-24T16:41:02.275,0.0,0.0,0.0
2026-05-24T16:41:02.375,0.0,0.0,0.0
2026-05-24T16:41:02.476,0.0,0.0,0.0
2026-05-24T16:41:02.576,0.0,0.0,0.0
2026-05-24T16:41:02.677,0.0,0.0,0.0
2026-05-24T16:41:02.777,0.0,0.0,0.0
2026-05-24T16:41:02.878,0.0,0.0,0.0
2026-05-24T16:41:02.978,0.0,0.0,0.0
2026-05-24T16:41:03.079,0.0,0.0,0.0
2026-05-24T16:41:03.180,0.0,0.0,0.0
2026-05-24T16:41:03.280,0.0,0.0,0.0
2026-05-24T16:41:03.381,0.0,0.0,0.0
2026-05-24T16:41:03.481,0.0,0.0,0.0
2026-05-24T16:41:03.582,0.0,0.0,0.0
2026-05-24T16:41:03.682,0.0,0.0,0.0
2026-05-24T16:41:03.783,0.0,0.0,0.0
2026-05-24T16:41:03.884,0.0,0.0,0.0
2026-05-24T16:41:03.984,0.0,0.0,0.0
2026-05-24T16:41:04.085,0.0,0.0,0.0
2026-05-24T16:41:04.185,0.0,0.0,0.0
2026-05-24T16:41:04.286,0.0,0.0,0.0
2026-05-24T16:41:04.386,0.0,0.0,0.0
2026-05-24T16:41:04.487,0.0,0.0,0.0
2026-05-24T16:41:04.587,0.0,0.0,0.0
2026-05-24T16:41:04.688,0.0,0.0,0.0
2026-05-24T16:41:04.788,0.0,0.0,0.0
2026-05-24T16:41:04.889,0.0,0.0,0.0
2026-05-24T16:41:04.989,0.0,0.0,0.0
2026-05-24T16:41:05.090,0.0,0.0,0.0
2026-05-24T16:41:05.190,0.0,0.0,0.0
2026-05-24T16:41:05.291,0.0,0.0,0.0
2026-05-24T16:41:05.391,0.0,0.0,0.0
2026-05-24T16:41:05.492,0.0,0.0,0.0
2026-05-24T16:41:05.592,0.0,0.0,0.0
2026-05-24T16:41:05.693,0.0,0.0,0.0
2026-05-24T16:41:05.793,0.0,0.0,0.0
2026-05-24T16:41:05.894,0.0,0.0,0.0
2026-05-24T16:41:05.994,0.0,0.0,0.0
2026-05-24T16:41:06.095,0.0,0.0,0.0
2026-05-24T16:41:06.195,0.0,0.0,0.0
2026-05-24T16:41:06.296,0.0,0.0,0.0
2026-05-24T16:41:06.396,0.0,0.0,0.0
2026-05-24T16:41:06.497,0.0,0.0,0.0
2026-05-24T16:41:06.597,0.0,0.0,0.0
2026-05-24T16:41:06.698,0.0,0.0,0.0
2026-05-24T16:41:06.798,0.0,0.0,0.0
2026-05-24T16:41:06.899,0.0,0.0,0.0
2026-05-24T16:41:06.999,0.0,0.0,0.0
2026-05-24T16:41:07.100,0.0,0.0,0.0
2026-05-24T16:41:07.200,0.0,0.0,0.0
2026-05-24T16:41:07.301,0.0,0.0,0.0
2026-05-24T16:41:07.401,0.0,0.0,0.0
2026-05-24T16:41:07.502,0.0,0.0,0.0
2026-05-24T16:41:07.602,0.0,0.0,0.0
2026-05-24T16:41:07.703,0.0,0.0,0.0
2026-05-24T16:41:07.804,0.0,0.0,0.0
2026-05-24T16:41:07.904,0.0,0.0,0.0
2026-05-24T16:41:08.005,0.0,0.0,0.0
2026-05-24T16:41:08.105,0.0,0.0,0.0
2026-05-24T16:41:08.206,0.0,0.0,0.0
2026-05-24T16:41:08.306,0.0,0.0,0.0
2026-05-24T16:41:08.407,0.0,0.0,0.0
2026-05-24T16:41:08.507,0.0,0.0,0.0
2026-05-24T16:41:08.608,0.0,0.0,0.0
2026-05-24T16:41:08.709,0.0,0.0,0.0
2026-05-24T16:41:08.809,0.0,0.0,0.0
2026-05-24T16:41:08.910,0.0,0.0,0.0
2026-05-24T16:41:09.010,0.0,0.0,0.0
2026-05-24T16:41:09.111,0.0,0.0,0.0
2026-05-24T16:41:09.211,0.0,0.0,0.0
2026-05-24T16:41:09.312,0.0,0.0,0.0
2026-05-24T16:41:09.413,0.0,0.0,0.0
2026-05-24T16:41:09.513,0.0,0.0,0.0
2026-05-24T16:41:09.614,0.0,0.0,0.0
2026-05-24T16:41:09.714,0.0,0.0,0.0
2026-05-24T16:41:09.815,0.0,0.0,0.0
2026-05-24T16:41:09.916,0.0,0.0,0.0
2026-05-24T16:41:10.016,0.0,0.0,0.0
2026-05-24T16:41:10.117,0.0,0.0,0.0
2026-05-24T16:41:10.217,0.0,0.0,0.0
2026-05-24T16:41:10.318,0.0,0.0,0.0
2026-05-24T16:41:10.418,0.0,0.0,0.0
2026-05-24T16:41:10.519,0.0,0.0,0.0
2026-05-24T16:41:10.619,0.0,0.0,0.0
2026-05-24T16:41:10.720,0.0,0.0,0.0
2026-05-24T16:41:10.820,0.0,0.0,0.0
2026-05-24T16:41:10.921,0.0,0.0,0.0
2026-05-24T16:41:11.022,0.0,0.0,0.0
2026-05-24T16:41:11.122,0.0,0.0,0.0
2026-05-24T16:41:11.223,0.0,0.0,0.0
2026-05-24T16:41:11.323,0.0,0.0,0.0
2026-05-24T16:41:11.424,0.0,0.0,0.0
2026-05-24T16:41:11.524,0.0,0.0,0.0
2026-05-24T16:41:11.625,0.0,0.0,0.0
2026-05-24T16:41:11.726,0.0,0.0,0.0
2026-05-24T16:41:11.826,0.0,0.0,0.0
2026-05-24T16:41:11.927,0.0,0.0,0.0
2026-05-24T16:41:12.027,0.0,0.0,0.0
2026-05-24T16:41:12.128,0.0,0.0,0.0
2026-05-24T16:41:12.229,0.0,0.0,0.0
2026-05-24T16:41:12.329,0.0,0.0,0.0
2026-05-24T16:41:12.430,0.0,0.0,0.0
2026-05-24T16:41:12.530,0.0,0.0,0.0
2026-05-24T16:41:12.631,0.0,0.0,0.0
2026-05-24T16:41:12.731,0.0,0.0,0.0
2026-05-24T16:41:12.832,0.0,0.0,0.0
2026-05-24T16:41:12.932,0.0,0.0,0.0
2026-05-24T16:41:13.033,0.0,0.0,0.0
2026-05-24T16:41:13.134,0.0,0.0,0.0
2026-05-24T16:41:13.234,0.0,0.0,0.0
2026-05-24T16:41:13.335,0.0,0.0,0.0
2026-05-24T16:41:13.435,0.0,0.0,0.0
2026-05-24T16:41:13.536,0.0,0.0,0.0
2026-05-24T16:41:13.637,0.0,0.0,0.0
2026-05-24T16:41:13.737,0.0,0.0,0.0
2026-05-24T16:41:13.838,0.0,0.0,0.0
2026-05-24T16:41:13.938,0.0,0.0,0.0
2026-05-24T16:41:14.039,0.0,0.0,0.0
2026-05-24T16:41:14.140,0.0,0.0,0.0
2026-05-24T16:41:14.240,0.0,0.0,0.0
2026-05-24T16:41:14.341,0.0,0.0,0.0
2026-05-24T16:41:14.441,0.0,0.0,0.0
2026-05-24T16:41:14.542,0.0,0.0,0.0
2026-05-24T16:41:14.642,0.0,0.0,0.0
2026-05-24T16:41:14.743,0.0,0.0,0.0
2026-05-24T16:41:14.844,0.0,0.0,0.0
2026-05-24T16:41:14.944,0.0,0.0,0.0
2026-05-24T16:41:15.045,0.0,0.0,0.0
2026-05-24T16:41:15.145,0.0,0.0,0.0
2026-05-24T16:41:15.246,0.0,0.0,0.0
2026-05-24T16:41:15.346,0.0,0.0,0.0
2026-05-24T16:41:15.447,0.0,0.0,0.0
2026-05-24T16:41:15.548,0.0,0.0,0.0
2026-05-24T16:41:15.648,0.0,0.0,0.0
2026-05-24T16:41:15.749,0.0,0.0,0.0
2026-05-24T16:41:15.849,0.0,0.0,0.0
2026-05-24T16:41:15.950,0.0,0.0,0.0
2026-05-24T16:41:16.051,0.0,0.0,0.0
2026-05-24T16:41:16.151,0.0,0.0,0.0
2026-05-24T16:41:16.252,0.0,0.0,0.0
2026-05-24T16:41:16.352,0.0,0.0,0.0
2026-05-24T16:41:16.453,0.0,0.0,0.0
2026-05-24T16:41:16.554,0.0,0.0,0.0
2026-05-24T16:41:16.654,0.0,0.0,0.0
2026-05-24T16:41:16.755,0.0,0.0,0.0
2026-05-24T16:41:16.856,0.0,0.0,0.0
2026-05-24T16:41:16.956,0.0,0.0,0.0
2026-05-24T16:41:17.057,0.0,0.0,0.0
2026-05-24T16:41:17.157,0.0,0.0,0.0
2026-05-24T16:41:17.258,0.0,0.0,0.0
2026-05-24T16:41:17.358,0.0,0.0,0.0
2026-05-24T16:41:17.459,0.0,0.0,0.0
2026-05-24T16:41:17.560,0.0,0.0,0.0
2026-05-24T16:41:17.660,0.0,0.0,0.0
2026-05-24T16:41:17.761,0.0,0.0,0.0
2026-05-24T16:41:17.861,0.0,0.0,0.0
2026-05-24T16:41:17.962,0.0,0.0,0.0
2026-05-24T16:41:18.062,0.0,0.0,0.0
2026-05-24T16:41:18.163,0.0,0.0,0.0
2026-05-24T16:41:18.263,0.0,0.0,0.0
2026-05-24T16:41:18.364,0.0,0.0,0.0
2026-05-24T16:41:18.464,0.0,0.0,0.0
2026-05-24T16:41:18.565,0.0,0.0,0.0
2026-05-24T16:41:18.665,0.0,0.0,0.0
2026-05-24T16:41:18.766,0.0,0.0,0.0
2026-05-24T16:41:18.866,0.0,0.0,0.0
2026-05-24T16:41:18.967,0.0,0.0,0.0
2026-05-24T16:41:19.067,0.0,0.0,0.0
2026-05-24T16:41:19.168,0.0,0.0,0.0
2026-05-24T16:41:19.268,0.0,0.0,0.0
2026-05-24T16:41:19.369,0.0,0.0,0.0
2026-05-24T16:41:19.469,0.0,0.0,0.0
2026-05-24T16:41:19.570,0.0,0.0,0.0
2026-05-24T16:41:19.670,0.0,0.0,0.0
2026-05-24T16:41:19.771,0.0,0.0,0.0
2026-05-24T16:41:19.871,0.0,0.0,0.0
2026-05-24T16:41:19.972,0.0,0.0,0.0
2026-05-24T16:41:20.072,0.0,0.0,0.0
2026-05-24T16:41:20.173,0.0,0.0,0.0
2026-05-24T16:41:20.273,0.0,0.0,0.0
2026-05-24T16:41:20.374,0.0,0.0,0.0
2026-05-24T16:41:20.474,0.0,0.0,0.0
2026-05-24T16:41:20.575,0.0,0.0,0.0
2026-05-24T16:41:20.675,0.0,0.0,0.0
2026-05-24T16:41:20.776,0.0,0.0,0.0
2026-05-24T16:41:20.876,0.0,0.0,0.0
2026-05-24T16:41:20.977,0.0,0.0,0.0
2026-05-24T16:41:21.077,0.0,0.0,0.0
2026-05-24T16:41:21.178,0.0,0.0,0.0
2026-05-24T16:41:21.278,0.0,0.0,0.0
2026-05-24T16:41:21.379,0.0,0.0,0.0
2026-05-24T16:41:21.479,0.0,0.0,0.0
2026-05-24T16:41:21.580,0.0,0.0,0.0
2026-05-24T16:41:21.680,0.0,0.0,0.0
2026-05-24T16:41:21.781,0.0,0.0,0.0
2026-05-24T16:41:21.881,0.0,0.0,0.0
2026-05-24T16:41:21.982,0.0,0.0,0.0
2026-05-24T16:41:22.082,0.0,0.0,0.0
2026-05-24T16:41:22.183,0.0,0.0,0.0
2026-05-24T16:41:22.283,0.0,0.0,0.0
2026-05-24T16:41:22.384,0.0,0.0,0.0
2026-05-24T16:41:22.484,0.0,0.0,0.0
2026-05-24T16:41:22.585,0.0,0.0,0.0
2026-05-24T16:41:22.685,0.0,0.0,0.0
2026-05-24T16:41:22.786,0.0,0.0,0.0
2026-05-24T16:41:22.886,0.0,0.0,0.0
2026-05-24T16:41:22.987,0.0,0.0,0.0
2026-05-24T16:41:23.087,0.0,0.0,0.0
2026-05-24T16:41:23.188,0.0,0.0,0.0
2026-05-24T16:41:23.288,0.0,0.0,0.0
2026-05-24T16:41:23.389,0.0,0.0,0.0
2026-05-24T16:41:23.489,0.0,0.0,0.0
2026-05-24T16:41:23.590,0.0,0.0,0.0
2026-05-24T16:41:23.690,0.0,0.0,0.0
2026-05-24T16:41:23.791,0.0,0.0,0.0
2026-05-24T16:41:23.891,0.0,0.0,0.0
2026-05-24T16:41:23.992,0.0,0.0,0.0
2026-05-24T16:41:24.092,0.0,0.0,0.0
2026-05-24T16:41:24.193,0.0,0.0,0.0
2026-05-24T16:41:24.293,0.0,0.0,0.0
2026-05-24T16:41:24.394,0.0,0.0,0.0
2026-05-24T16:41:24.494,0.0,0.0,0.0
2026-05-24T16:41:24.595,0.0,0.0,0.0
2026-05-24T16:41:24.696,0.0,0.0,0.0
2026-05-24T16:41:24.796,0.0,0.0,0.0
2026-05-24T16:41:24.897,0.0,0.0,0.0
2026-05-24T16:41:24.997,0.0,0.0,0.0
2026-05-24T16:41:25.098,0.0,0.0,0.0
2026-05-24T16:41:25.198,0.0,0.0,0.0
2026-05-24T16:41:25.299,0.0,0.0,0.0
2026-05-24T16:41:25.399,0.0,0.0,0.0
2026-05-24T16:41:25.499,0.0,0.0,0.0
2026-05-24T16:41:25.600,0.0,0.0,0.0
2026-05-24T16:41:25.700,0.0,0.0,0.0
2026-05-24T16:41:25.801,0.0,0.0,0.0
2026-05-24T16:41:25.901,0.0,0.0,0.0
2026-05-24T16:41:26.002,0.0,0.0,0.0
2026-05-24T16:41:26.102,0.0,0.0,0.0
2026-05-24T16:41:26.203,0.0,0.0,0.0
2026-05-24T16:41:26.303,0.0,0.0,0.0
2026-05-24T16:41:26.404,0.0,0.0,0.0
2026-05-24T16:41:26.504,0.0,0.0,0.0
2026-05-24T16:41:26.605,0.0,0.0,0.0
2026-05-24T16:41:26.705,0.0,0.0,0.0
2026-05-24T16:41:26.806,0.0,0.0,0.0
2026-05-24T16:41:26.906,0.0,0.0,0.0
2026-05-24T16:41:27.007,0.0,0.0,0.0
2026-05-24T16:41:27.107,0.0,0.0,0.0
2026-05-24T16:41:27.208,0.0,0.0,0.0
2026-05-24T16:41:27.308,0.0,0.0,0.0
2026-05-24T16:41:27.409,0.0,0.0,0.0
2026-05-24T16:41:27.509,0.0,0.0,0.0
2026-05-24T16:41:27.610,0.0,0.0,0.0
2026-05-24T16:41:27.710,0.0,0.0,0.0
2026-05-24T16:41:27.811,0.0,0.0,0.0
2026-05-24T16:41:27.911,0.0,0.0,0.0
2026-05-24T16:41:28.012,0.0,0.0,0.0
2026-05-24T16:41:28.112,0.0,0.0,0.0
2026-05-24T16:41:28.213,0.0,0.0,0.0
2026-05-24T16:41:28.313,0.0,0.0,0.0
2026-05-24T16:41:28.414,0.0,0.0,0.0
2026-05-24T16:41:28.514,0.0,0.0,0.0
2026-05-24T16:41:28.615,0.0,0.0,0.0
2026-05-24T16:41:28.715,0.0,0.0,0.0
2026-05-24T16:41:28.816,0.0,0.0,0.0
2026-05-24T16:41:28.916,0.0,0.0,0.0
2026-05-24T16:41:29.017,0.0,0.0,0.0
2026-05-24T16:41:29.117,0.0,0.0,0.0
2026-05-24T16:41:29.218,0.0,0.0,0.0
2026-05-24T16:41:29.318,0.0,0.0,0.0
2026-05-24T16:41:29.419,0.0,0.0,0.0
2026-05-24T16:41:29.519,0.0,0.0,0.0
2026-05-24T16:41:29.620,0.0,0.0,0.0
2026-05-24T16:41:29.720,0.0,0.0,0.0
2026-05-24T16:41:29.821,0.0,0.0,0.0
2026-05-24T16:41:29.921,0.0,0.0,0.0
2026-05-24T16:41:30.021,0.0,0.0,0.0
2026-05-24T16:41:30.122,0.0,0.0,0.0
2026-05-24T16:41:30.222,0.0,0.0,0.0
2026-05-24T16:41:30.323,0.0,0.0,0.0
2026-05-24T16:41:30.423,0.0,0.0,0.0
2026-05-24T16:41:30.524,0.0,0.0,0.0
2026-05-24T16:41:30.624,0.0,0.0,0.0
2026-05-24T16:41:30.725,0.0,0.0,0.0
2026-05-24T16:41:30.825,0.0,0.0,0.0
2026-05-24T16:41:30.926,0.0,0.0,0.0
2026-05-24T16:41:31.026,0.0,0.0,0.0
2026-05-24T16:41:31.127,0.0,0.0,0.0
2026-05-24T16:41:31.227,0.0,0.0,0.0
2026-05-24T16:41:31.328,0.0,0.0,0.0
2026-05-24T16:41:31.428,0.0,0.0,0.0
2026-05-24T16:41:31.529,0.0,0.0,0.0
2026-05-24T16:41:31.629,0.0,0.0,0.0
2026-05-24T16:41:31.730,0.0,0.0,0.0
2026-05-24T16:41:31.830,0.0,0.0,0.0
2026-05-24T16:41:31.930,0.0,0.0,0.0
2026-05-24T16:41:32.031,0.0,0.0,0.0
2026-05-24T16:41:32.131,0.0,0.0,0.0
2026-05-24T16:41:32.232,0.0,0.0,0.0
2026-05-24T16:41:32.332,0.0,0.0,0.0
2026-05-24T16:41:32.433,0.0,0.0,0.0
2026-05-24T16:41:32.533,0.0,0.0,0.0
2026-05-24T16:41:32.634,0.0,0.0,0.0
2026-05-24T16:41:32.734,0.0,0.0,0.0
2026-05-24T16:41:32.835,0.0,0.0,0.0
2026-05-24T16:41:32.935,0.0,0.0,0.0
2026-05-24T16:41:33.035,0.0,0.0,0.0
2026-05-24T16:41:33.136,0.0,0.0,0.0
2026-05-24T16:41:33.236,0.0,0.0,0.0
2026-05-24T16:41:33.337,0.0,0.0,0.0
2026-05-24T16:41:33.437,0.0,0.0,0.0
2026-05-24T16:41:33.538,0.0,0.0,0.0
2026-05-24T16:41:33.638,0.0,0.0,0.0
2026-05-24T16:41:33.739,0.0,0.0,0.0
2026-05-24T16:41:33.839,0.0,0.0,0.0
2026-05-24T16:41:33.940,0.0,0.0,0.0
2026-05-24T16:41:34.040,0.0,0.0,0.0
2026-05-24T16:41:34.141,0.0,0.0,0.0
2026-05-24T16:41:34.241,0.0,0.0,0.0
2026-05-24T16:41:34.341,0.0,0.0,0.0
2026-05-24T16:41:34.442,0.0,0.0,0.0
2026-05-24T16:41:34.542,0.0,0.0,0.0
2026-05-24T16:41:34.643,0.0,0.0,0.0
2026-05-24T16:41:34.743,0.0,0.0,0.0
2026-05-24T16:41:34.844,0.0,0.0,0.0
2026-05-24T16:41:34.944,0.0,0.0,0.0
2026-05-24T16:41:35.045,0.0,0.0,0.0
2026-05-24T16:41:35.145,0.0,0.0,0.0
2026-05-24T16:41:35.246,0.0,0.0,0.0
2026-05-24T16:41:35.346,0.0,0.0,0.0
2026-05-24T16:41:35.446,0.0,0.0,0.0
2026-05-24T16:41:35.547,0.0,0.0,0.0
2026-05-24T16:41:35.647,0.0,0.0,0.0
2026-05-24T16:41:35.748,0.0,0.0,0.0
2026-05-24T16:41:35.848,0.0,0.0,0.0
2026-05-24T16:41:35.949,0.0,0.0,0.0
2026-05-24T16:41:36.049,0.0,0.0,0.0
2026-05-24T16:41:36.150,0.0,0.0,0.0
2026-05-24T16:41:36.250,0.0,0.0,0.0
2026-05-24T16:41:36.350,0.0,0.0,0.0
2026-05-24T16:41:36.451,0.0,0.0,0.0
2026-05-24T16:41:36.551,0.0,0.0,0.0
2026-05-24T16:41:36.652,0.0,0.0,0.0
2026-05-24T16:41:36.752,0.0,0.0,0.0
2026-05-24T16:41:36.853,0.0,0.0,0.0
2026-05-24T16:41:36.953,0.0,0.0,0.0
2026-05-24T16:41:37.054,0.0,0.0,0.0
2026-05-24T16:41:37.154,0.0,0.0,0.0
2026-05-24T16:41:37.255,0.0,0.0,0.0
2026-05-24T16:41:37.355,0.0,0.0,0.0
2026-05-24T16:41:37.455,0.0,0.0,0.0
2026-05-24T16:41:37.556,0.0,0.0,0.0
2026-05-24T16:41:37.656,0.0,0.0,0.0
2026-05-24T16:41:37.757,0.0,0.0,0.0
2026-05-24T16:41:37.857,0.0,0.0,0.0
2026-05-24T16:41:37.957,0.0,0.0,0.0
2026-05-24T16:41:38.058,0.0,0.0,0.0
2026-05-24T16:41:38.158,0.0,0.0,0.0
2026-05-24T16:41:38.259,0.0,0.0,0.0
2026-05-24T16:41:38.359,0.0,0.0,0.0
2026-05-24T16:41:38.460,0.0,0.0,0.0
2026-05-24T16:41:38.560,0.0,0.0,0.0
2026-05-24T16:41:38.661,0.0,0.0,0.0
2026-05-24T16:41:38.761,0.0,0.0,0.0
2026-05-24T16:41:38.862,0.0,0.0,0.0
2026-05-24T16:41:38.962,0.0,0.0,0.0
2026-05-24T16:41:39.062,0.0,0.0,0.0
2026-05-24T16:41:39.163,0.0,0.0,0.0
2026-05-24T16:41:39.263,0.0,0.0,0.0
2026-05-24T16:41:39.364,0.0,0.0,0.0
2026-05-24T16:41:39.464,0.0,0.0,0.0
2026-05-24T16:41:39.565,0.0,0.0,0.0
2026-05-24T16:41:39.665,0.0,0.0,0.0
2026-05-24T16:41:39.766,0.0,0.0,0.0
2026-05-24T16:41:39.866,0.0,0.0,0.0
2026-05-24T16:41:39.967,0.0,0.0,0.0
2026-05-24T16:41:40.067,0.0,0.0,0.0
2026-05-24T16:41:40.168,0.0,0.0,0.0
2026-05-24T16:41:40.268,0.0,0.0,0.0
2026-05-24T16:41:40.368,0.0,0.0,0.0
2026-05-24T16:41:40.469,0.0,0.0,0.0
2026-05-24T16:41:40.569,0.0,0.0,0.0
2026-05-24T16:41:40.670,0.0,0.0,0.0
2026-05-24T16:41:40.770,0.0,0.0,0.0
2026-05-24T16:41:40.871,0.0,0.0,0.0
2026-05-24T16:41:40.971,0.0,0.0,0.0
2026-05-24T16:41:41.072,0.0,0.0,0.0
2026-05-24T16:41:41.172,0.0,0.0,0.0
2026-05-24T16:41:41.273,0.0,0.0,0.0
2026-05-24T16:41:41.373,0.0,0.0,0.0
2026-05-24T16:41:41.474,0.0,0.0,0.0
2026-05-24T16:41:41.574,0.0,0.0,0.0
2026-05-24T16:41:41.674,0.0,0.0,0.0
2026-05-24T16:41:41.775,0.0,0.0,0.0
2026-05-24T16:41:41.876,0.0,0.0,0.0
2026-05-24T16:41:41.976,0.0,0.0,0.0
2026-05-24T16:41:42.076,0.0,0.0,0.0
2026-05-24T16:41:42.177,0.0,0.0,0.0
2026-05-24T16:41:42.277,0.0,0.0,0.0
2026-05-24T16:41:42.378,0.0,0.0,0.0
2026-05-24T16:41:42.478,0.0,0.0,0.0
2026-05-24T16:41:42.579,0.0,0.0,0.0
2026-05-24T16:41:42.679,0.0,0.0,0.0
2026-05-24T16:41:42.780,0.0,0.0,0.0
2026-05-24T16:41:42.880,0.0,0.0,0.0
2026-05-24T16:41:42.981,0.0,0.0,0.0
2026-05-24T16:41:43.081,0.0,0.0,0.0
2026-05-24T16:41:43.181,0.0,0.0,0.0
2026-05-24T16:41:43.282,0.0,0.0,0.0
2026-05-24T16:41:43.382,0.0,0.0,0.0
2026-05-24T16:41:43.483,0.0,0.0,0.0
2026-05-24T16:41:43.583,0.0,0.0,0.0
2026-05-24T16:41:43.684,0.0,0.0,0.0
2026-05-24T16:41:43.784,0.0,0.0,0.0
2026-05-24T16:41:43.885,0.0,0.0,0.0
2026-05-24T16:41:43.985,0.0,0.0,0.0
2026-05-24T16:41:44.085,0.0,0.0,0.0
2026-05-24T16:41:44.186,0.0,0.0,0.0
2026-05-24T16:41:44.286,0.0,0.0,0.0
2026-05-24T16:41:44.387,0.0,0.0,0.0
2026-05-24T16:41:44.487,0.0,0.0,0.0
2026-05-24T16:41:44.588,0.0,0.0,0.0
2026-05-24T16:41:44.688,0.0,0.0,0.0
2026-05-24T16:41:44.789,0.0,0.0,0.0
2026-05-24T16:41:44.889,0.0,0.0,0.0
2026-05-24T16:41:44.990,0.0,0.0,0.0
2026-05-24T16:41:45.090,0.0,0.0,0.0
2026-05-24T16:41:45.191,0.0,0.0,0.0
2026-05-24T16:41:45.291,0.0,0.0,0.0
2026-05-24T16:41:45.392,0.0,0.0,0.0
2026-05-24T16:41:45.492,0.0,0.0,0.0
2026-05-24T16:41:45.593,0.0,0.0,0.0
2026-05-24T16:41:45.693,0.0,0.0,0.0
2026-05-24T16:41:45.794,0.0,0.0,0.0
2026-05-24T16:41:45.894,0.0,0.0,0.0
2026-05-24T16:41:45.995,0.0,0.0,0.0
2026-05-24T16:41:46.095,0.0,0.0,0.0
2026-05-24T16:41:46.196,0.0,0.0,0.0
2026-05-24T16:41:46.296,0.0,0.0,0.0
2026-05-24T16:41:46.397,0.0,0.0,0.0
2026-05-24T16:41:46.497,0.0,0.0,0.0
2026-05-24T16:41:46.597,0.0,0.0,0.0
2026-05-24T16:41:46.698,0.0,0.0,0.0
2026-05-24T16:41:46.798,0.0,0.0,0.0
2026-05-24T16:41:46.899,0.0,0.0,0.0
2026-05-24T16:41:46.999,0.0,0.0,0.0
2026-05-24T16:41:47.100,0.0,0.0,0.0
2026-05-24T16:41:47.200,0.0,0.0,0.0
2026-05-24T16:41:47.301,0.0,0.0,0.0
2026-05-24T16:41:47.401,0.0,0.0,0.0
2026-05-24T16:41:47.502,0.0,0.0,0.0
2026-05-24T16:41:47.602,0.0,0.0,0.0
2026-05-24T16:41:47.703,0.0,0.0,0.0
2026-05-24T16:41:47.803,0.0,0.0,0.0
2026-05-24T16:41:47.903,0.0,0.0,0.0
2026-05-24T16:41:48.004,0.0,0.0,0.0
2026-05-24T16:41:48.104,0.0,0.0,0.0
2026-05-24T16:41:48.205,0.0,0.0,0.0
2026-05-24T16:41:48.305,0.0,0.0,0.0
2026-05-24T16:41:48.406,0.0,0.0,0.0
2026-05-24T16:41:48.506,0.0,0.0,0.0
2026-05-24T16:41:48.607,0.0,0.0,0.0
2026-05-24T16:41:48.707,0.0,0.0,0.0
2026-05-24T16:41:48.808,0.0,0.0,0.0
2026-05-24T16:41:48.908,0.0,0.0,0.0
2026-05-24T16:41:49.008,0.0,0.0,0.0
2026-05-24T16:41:49.109,0.0,0.0,0.0
2026-05-24T16:41:49.209,0.0,0.0,0.0
2026-05-24T16:41:49.310,0.0,0.0,0.0
2026-05-24T16:41:49.410,0.0,0.0,0.0
2026-05-24T16:41:49.511,0.0,0.0,0.0
2026-05-24T16:41:49.611,0.0,0.0,0.0
2026-05-24T16:41:49.712,0.0,0.0,0.0
2026-05-24T16:41:49.813,0.0,0.0,0.0
2026-05-24T16:41:49.913,0.0,0.0,0.0
2026-05-24T16:41:50.014,0.0,0.0,0.0
2026-05-24T16:41:50.114,0.0,0.0,0.0
2026-05-24T16:41:50.214,0.0,0.0,0.0
2026-05-24T16:41:50.315,0.0,0.0,0.0
2026-05-24T16:41:50.416,0.0,0.0,0.0
2026-05-24T16:41:50.516,0.0,0.0,0.0
2026-05-24T16:41:50.617,0.0,0.0,0.0
2026-05-24T16:41:50.717,0.0,0.0,0.0
2026-05-24T16:41:50.818,0.0,0.0,0.0
2026-05-24T16:41:50.918,0.0,0.0,0.0
2026-05-24T16:41:51.019,0.0,0.0,0.0
2026-05-24T16:41:51.119,0.0,0.0,0.0
2026-05-24T16:41:51.220,0.0,0.0,0.0
2026-05-24T16:41:51.320,0.0,0.0,0.0
2026-05-24T16:41:51.421,0.0,0.0,0.0
2026-05-24T16:41:51.521,0.0,0.0,0.0
2026-05-24T16:41:51.622,0.0,0.0,0.0
2026-05-24T16:41:51.722,0.0,0.0,0.0
2026-05-24T16:41:51.823,0.0,0.0,0.0
2026-05-24T16:41:51.923,0.0,0.0,0.0
2026-05-24T16:41:52.024,0.0,0.0,0.0
2026-05-24T16:41:52.124,0.0,0.0,0.0
2026-05-24T16:41:52.225,0.0,0.0,0.0
2026-05-24T16:41:52.325,0.0,0.0,0.0
2026-05-24T16:41:52.426,0.0,0.0,0.0
2026-05-24T16:41:52.526,0.0,0.0,0.0
2026-05-24T16:41:52.627,0.0,0.0,0.0
2026-05-24T16:41:52.727,0.0,0.0,0.0
2026-05-24T16:41:52.828,0.0,0.0,0.0
2026-05-24T16:41:52.928,0.0,0.0,0.0
2026-05-24T16:41:53.029,0.0,0.0,0.0
2026-05-24T16:41:53.129,0.0,0.0,0.0
2026-05-24T16:41:53.230,0.0,0.0,0.0
2026-05-24T16:41:53.330,0.0,0.0,0.0
2026-05-24T16:41:53.431,0.0,0.0,0.0
2026-05-24T16:41:53.531,0.0,0.0,0.0
2026-05-24T16:41:53.632,0.0,0.0,0.0
2026-05-24T16:41:53.732,0.0,0.0,0.0
2026-05-24T16:41:53.833,0.0,0.0,0.0
2026-05-24T16:41:53.933,0.0,0.0,0.0
2026-05-24T16:41:54.034,0.0,0.0,0.0
2026-05-24T16:41:54.134,0.0,0.0,0.0
2026-05-24T16:41:54.234,0.0,0.0,0.0
2026-05-24T16:41:54.335,0.0,0.0,0.0
2026-05-24T16:41:54.435,0.0,0.0,0.0
2026-05-24T16:41:54.536,0.0,0.0,0.0
2026-05-24T16:41:54.636,0.0,0.0,0.0
2026-05-24T16:41:54.737,0.0,0.0,0.0
2026-05-24T16:41:54.837,0.0,0.0,0.0
2026-05-24T16:41:54.938,0.0,0.0,0.0
2026-05-24T16:41:55.038,0.0,0.0,0.0
2026-05-24T16:41:55.138,0.0,0.0,0.0
2026-05-24T16:41:55.239,0.0,0.0,0.0
2026-05-24T16:41:55.339,0.0,0.0,0.0
2026-05-24T16:41:55.440,0.0,0.0,0.0
2026-05-24T16:41:55.540,0.0,0.0,0.0
2026-05-24T16:41:55.640,0.0,0.0,0.0
2026-05-24T16:41:55.741,0.0,0.0,0.0
2026-05-24T16:41:55.841,0.0,0.0,0.0
2026-05-24T16:41:55.942,0.0,0.0,0.0
2026-05-24T16:41:56.042,0.0,0.0,0.0
2026-05-24T16:41:56.143,0.0,0.0,0.0
2026-05-24T16:41:56.243,0.0,0.0,0.0
2026-05-24T16:41:56.344,0.0,0.0,0.0
2026-05-24T16:41:56.444,0.0,0.0,0.0
2026-05-24T16:41:56.545,0.0,0.0,0.0
2026-05-24T16:41:56.645,0.0,0.0,0.0
2026-05-24T16:41:56.746,0.0,0.0,0.0
2026-05-24T16:41:56.846,0.0,0.0,0.0
2026-05-24T16:41:56.947,0.0,0.0,0.0
2026-05-24T16:41:57.047,0.0,0.0,0.0
2026-05-24T16:41:57.147,0.0,0.0,0.0
2026-05-24T16:41:57.248,0.0,0.0,0.0
2026-05-24T16:41:57.348,0.0,0.0,0.0
2026-05-24T16:41:57.449,0.0,0.0,0.0
2026-05-24T16:41:57.549,0.0,0.0,0.0
2026-05-24T16:41:57.650,0.0,0.0,0.0
2026-05-24T16:41:57.750,0.0,0.0,0.0
2026-05-24T16:41:57.850,0.0,0.0,0.0
2026-05-24T16:41:57.951,0.0,0.0,0.0
2026-05-24T16:41:58.051,0.0,0.0,0.0
2026-05-24T16:41:58.152,0.0,0.0,0.0
2026-05-24T16:41:58.252,0.0,0.0,0.0
2026-05-24T16:41:58.353,0.0,0.0,0.0
2026-05-24T16:41:58.453,0.0,0.0,0.0
2026-05-24T16:41:58.554,0.0,0.0,0.0
2026-05-24T16:41:58.654,0.0,0.0,0.0
2026-05-24T16:41:58.755,0.0,0.0,0.0
2026-05-24T16:41:58.855,0.0,0.0,0.0
2026-05-24T16:41:58.956,0.0,0.0,0.0
2026-05-24T16:41:59.056,0.0,0.0,0.0
2026-05-24T16:41:59.156,0.0,0.0,0.0
2026-05-24T16:41:59.257,0.0,0.0,0.0
2026-05-24T16:41:59.357,0.0,0.0,0.0
2026-05-24T16:41:59.458,0.0,0.0,0.0
2026-05-24T16:41:59.558,0.0,0.0,0.0
2026-05-24T16:41:59.659,0.0,0.0,0.0
2026-05-24T16:41:59.759,0.0,0.0,0.0
2026-05-24T16:41:59.860,0.0,0.0,0.0
2026-05-24T16:41:59.961,0.0,0.0,0.0
2026-05-24T16:42:00.066,0.0,0.0,0.0
2026-05-24T16:42:00.166,0.0,0.0,0.0
2026-05-24T16:42:00.267,0.0,0.0,0.0
2026-05-24T16:42:00.367,0.0,0.0,0.0
2026-05-24T16:42:00.467,0.0,0.0,0.0
2026-05-24T16:42:00.568,0.0,0.0,0.0
2026-05-24T16:42:00.668,0.0,0.0,0.0
2026-05-24T16:42:00.769,0.0,0.0,0.0
2026-05-24T16:42:00.869,0.0,0.0,0.0
2026-05-24T16:42:00.970,0.0,0.0,0.0
2026-05-24T16:42:01.070,0.0,0.0,0.0
2026-05-24T16:42:01.171,0.0,0.0,0.0
2026-05-24T16:42:01.271,0.0,0.0,0.0
2026-05-24T16:42:01.372,0.0,0.0,0.0
2026-05-24T16:42:01.472,0.0,0.0,0.0
2026-05-24T16:42:01.573,0.0,0.0,0.0
2026-05-24T16:42:01.673,0.0,0.0,0.0
2026-05-24T16:42:01.774,0.0,0.0,0.0
2026-05-24T16:42:01.874,0.0,0.0,0.0
2026-05-24T16:42:01.975,0.0,0.0,0.0
2026-05-24T16:42:02.075,0.0,0.0,0.0
2026-05-24T16:42:02.175,0.0,0.0,0.0
2026-05-24T16:42:02.276,0.0,0.0,0.0
2026-05-24T16:42:02.376,0.0,0.0,0.0
2026-05-24T16:42:02.477,0.0,0.0,0.0
2026-05-24T16:42:02.577,0.0,0.0,0.0
2026-05-24T16:42:02.678,0.0,0.0,0.0
2026-05-24T16:42:02.778,0.0,0.0,0.0
2026-05-24T16:42:02.879,0.0,0.0,0.0
2026-05-24T16:42:02.979,0.0,0.0,0.0
2026-05-24T16:42:03.080,0.0,0.0,0.0
2026-05-24T16:42:03.180,0.0,0.0,0.0
2026-05-24T16:42:03.281,0.0,0.0,0.0
2026-05-24T16:42:03.381,0.0,0.0,0.0
2026-05-24T16:42:03.482,0.0,0.0,0.0
2026-05-24T16:42:03.582,0.0,0.0,0.0
2026-05-24T16:42:03.682,0.0,0.0,0.0
2026-05-24T16:42:03.783,0.0,0.0,0.0
2026-05-24T16:42:03.883,0.0,0.0,0.0
2026-05-24T16:42:03.984,0.0,0.0,0.0
2026-05-24T16:42:04.084,0.0,0.0,0.0
2026-05-24T16:42:04.185,0.0,0.0,0.0
2026-05-24T16:42:04.285,0.0,0.0,0.0
2026-05-24T16:42:04.386,0.0,0.0,0.0
2026-05-24T16:42:04.486,0.0,0.0,0.0
2026-05-24T16:42:04.587,0.0,0.0,0.0
2026-05-24T16:42:04.687,0.0,0.0,0.0
2026-05-24T16:42:04.788,0.0,0.0,0.0
2026-05-24T16:42:04.888,0.0,0.0,0.0
2026-05-24T16:42:04.989,0.0,0.0,0.0
2026-05-24T16:42:05.089,0.0,0.0,0.0
2026-05-24T16:42:05.190,0.0,0.0,0.0
2026-05-24T16:42:05.290,0.0,0.0,0.0
2026-05-24T16:42:05.391,0.0,0.0,0.0
2026-05-24T16:42:05.491,0.0,0.0,0.0
2026-05-24T16:42:05.592,0.0,0.0,0.0
2026-05-24T16:42:05.692,0.0,0.0,0.0
2026-05-24T16:42:05.793,0.0,0.0,0.0
2026-05-24T16:42:05.893,0.0,0.0,0.0
2026-05-24T16:42:05.993,0.0,0.0,0.0
2026-05-24T16:42:06.094,0.0,0.0,0.0
2026-05-24T16:42:06.194,0.0,0.0,0.0
2026-05-24T16:42:06.295,0.0,0.0,0.0
2026-05-24T16:42:06.395,0.0,0.0,0.0
2026-05-24T16:42:06.496,0.0,0.0,0.0
2026-05-24T16:42:06.596,0.0,0.0,0.0
2026-05-24T16:42:06.697,0.0,0.0,0.0
2026-05-24T16:42:06.797,0.0,0.0,0.0
2026-05-24T16:42:06.898,0.0,0.0,0.0
2026-05-24T16:42:06.998,0.0,0.0,0.0
2026-05-24T16:42:07.099,0.0,0.0,0.0
2026-05-24T16:42:07.199,0.0,0.0,0.0
2026-05-24T16:42:07.300,0.0,0.0,0.0
2026-05-24T16:42:07.400,0.0,0.0,0.0
2026-05-24T16:42:07.500,0.0,0.0,0.0
2026-05-24T16:42:07.601,0.0,0.0,0.0
2026-05-24T16:42:07.701,0.0,0.0,0.0
2026-05-24T16:42:07.802,0.0,0.0,0.0
2026-05-24T16:42:07.902,0.0,0.0,0.0
2026-05-24T16:42:08.002,0.0,0.0,0.0
2026-05-24T16:42:08.103,0.0,0.0,0.0
2026-05-24T16:42:08.203,0.0,0.0,0.0
2026-05-24T16:42:08.304,0.0,0.0,0.0
2026-05-24T16:42:08.404,0.0,0.0,0.0
2026-05-24T16:42:08.505,0.0,0.0,0.0
2026-05-24T16:42:08.605,0.0,0.0,0.0
2026-05-24T16:42:08.705,0.0,0.0,0.0
2026-05-24T16:42:08.806,0.0,0.0,0.0
2026-05-24T16:42:08.906,0.0,0.0,0.0
2026-05-24T16:42:09.007,0.0,0.0,0.0
2026-05-24T16:42:09.107,0.0,0.0,0.0
2026-05-24T16:42:09.208,0.0,0.0,0.0
2026-05-24T16:42:09.308,0.0,0.0,0.0
2026-05-24T16:42:09.409,0.0,0.0,0.0
2026-05-24T16:42:09.509,0.0,0.0,0.0
2026-05-24T16:42:09.610,0.0,0.0,0.0
2026-05-24T16:42:09.710,0.0,0.0,0.0
2026-05-24T16:42:09.810,0.0,0.0,0.0
2026-05-24T16:42:09.911,0.0,0.0,0.0
2026-05-24T16:42:10.011,0.0,0.0,0.0
2026-05-24T16:42:10.112,0.0,0.0,0.0
2026-05-24T16:42:10.212,0.0,0.0,0.0
2026-05-24T16:42:10.312,0.0,0.0,0.0
2026-05-24T16:42:10.413,0.0,0.0,0.0
2026-05-24T16:42:10.513,0.0,0.0,0.0
2026-05-24T16:42:10.614,0.0,0.0,0.0
2026-05-24T16:42:10.714,0.0,0.0,0.0
2026-05-24T16:42:10.815,0.0,0.0,0.0
2026-05-24T16:42:10.915,0.0,0.0,0.0
2026-05-24T16:42:11.016,0.0,0.0,0.0
2026-05-24T16:42:11.116,0.0,0.0,0.0
2026-05-24T16:42:11.217,0.0,0.0,0.0
2026-05-24T16:42:11.317,0.0,0.0,0.0
2026-05-24T16:42:11.417,0.0,0.0,0.0
2026-05-24T16:42:11.518,0.0,0.0,0.0
2026-05-24T16:42:11.618,0.0,0.0,0.0
2026-05-24T16:42:11.719,0.0,0.0,0.0
2026-05-24T16:42:11.819,0.0,0.0,0.0
2026-05-24T16:42:11.920,0.0,0.0,0.0
2026-05-24T16:42:12.020,0.0,0.0,0.0
2026-05-24T16:42:12.121,0.0,0.0,0.0
2026-05-24T16:42:12.221,0.0,0.0,0.0
2026-05-24T16:42:12.321,0.0,0.0,0.0
2026-05-24T16:42:12.422,0.0,0.0,0.0
2026-05-24T16:42:12.522,0.0,0.0,0.0
2026-05-24T16:42:12.623,0.0,0.0,0.0
2026-05-24T16:42:12.723,0.0,0.0,0.0
2026-05-24T16:42:12.824,0.0,0.0,0.0
2026-05-24T16:42:12.924,0.0,0.0,0.0
2026-05-24T16:42:13.024,0.0,0.0,0.0
2026-05-24T16:42:13.125,0.0,0.0,0.0
2026-05-24T16:42:13.225,0.0,0.0,0.0
2026-05-24T16:42:13.326,0.0,0.0,0.0
2026-05-24T16:42:13.426,0.0,0.0,0.0
2026-05-24T16:42:13.527,0.0,0.0,0.0
2026-05-24T16:42:13.627,0.0,0.0,0.0
2026-05-24T16:42:13.727,0.0,0.0,0.0
2026-05-24T16:42:13.828,0.0,0.0,0.0
2026-05-24T16:42:13.928,0.0,0.0,0.0
2026-05-24T16:42:14.029,0.0,0.0,0.0
2026-05-24T16:42:14.129,0.0,0.0,0.0
2026-05-24T16:42:14.230,0.0,0.0,0.0
2026-05-24T16:42:14.330,0.0,0.0,0.0
2026-05-24T16:42:14.430,0.0,0.0,0.0
2026-05-24T16:42:14.531,0.0,0.0,0.0
2026-05-24T16:42:14.631,0.0,0.0,0.0
2026-05-24T16:42:14.732,0.0,0.0,0.0
2026-05-24T16:42:14.832,0.0,0.0,0.0
2026-05-24T16:42:14.933,0.0,0.0,0.0
2026-05-24T16:42:15.033,0.0,0.0,0.0
2026-05-24T16:42:15.133,0.0,0.0,0.0
2026-05-24T16:42:15.234,0.0,0.0,0.0
2026-05-24T16:42:15.334,0.0,0.0,0.0
2026-05-24T16:42:15.435,0.0,0.0,0.0
2026-05-24T16:42:15.535,0.0,0.0,0.0
2026-05-24T16:42:15.636,0.0,0.0,0.0
2026-05-24T16:42:15.736,0.0,0.0,0.0
2026-05-24T16:42:15.837,0.0,0.0,0.0
2026-05-24T16:42:15.937,0.0,0.0,0.0
2026-05-24T16:42:16.037,0.0,0.0,0.0
2026-05-24T16:42:16.138,0.0,0.0,0.0
2026-05-24T16:42:16.238,0.0,0.0,0.0
2026-05-24T16:42:16.339,0.0,0.0,0.0
2026-05-24T16:42:16.439,0.0,0.0,0.0
2026-05-24T16:42:16.540,0.0,0.0,0.0
2026-05-24T16:42:16.640,0.0,0.0,0.0
2026-05-24T16:42:16.741,0.0,0.0,0.0
2026-05-24T16:42:16.841,0.0,0.0,0.0
2026-05-24T16:42:16.942,0.0,0.0,0.0
2026-05-24T16:42:17.042,0.0,0.0,0.0
2026-05-24T16:42:17.142,0.0,0.0,0.0
2026-05-24T16:42:17.243,0.0,0.0,0.0
2026-05-24T16:42:17.343,0.0,0.0,0.0
2026-05-24T16:42:17.444,0.0,0.0,0.0
2026-05-24T16:42:17.544,0.0,0.0,0.0
2026-05-24T16:42:17.645,0.0,0.0,0.0
2026-05-24T16:42:17.745,0.0,0.0,0.0
2026-05-24T16:42:17.846,0.0,0.0,0.0
2026-05-24T16:42:17.946,0.0,0.0,0.0
2026-05-24T16:42:18.046,0.0,0.0,0.0
2026-05-24T16:42:18.147,0.0,0.0,0.0
2026-05-24T16:42:18.247,0.0,0.0,0.0
2026-05-24T16:42:18.348,0.0,0.0,0.0
2026-05-24T16:42:18.448,0.0,0.0,0.0
2026-05-24T16:42:18.549,0.0,0.0,0.0
2026-05-24T16:42:18.649,0.0,0.0,0.0
2026-05-24T16:42:18.750,0.0,0.0,0.0
2026-05-24T16:42:18.850,0.0,0.0,0.0
2026-05-24T16:42:18.951,0.0,0.0,0.0
2026-05-24T16:42:19.051,0.0,0.0,0.0
2026-05-24T16:42:19.152,0.0,0.0,0.0
2026-05-24T16:42:19.252,0.0,0.0,0.0
2026-05-24T16:42:19.353,0.0,0.0,0.0
2026-05-24T16:42:19.453,0.0,0.0,0.0
2026-05-24T16:42:19.554,0.0,0.0,0.0
2026-05-24T16:42:19.654,0.0,0.0,0.0
2026-05-24T16:42:19.755,0.0,0.0,0.0
2026-05-24T16:42:19.855,0.0,0.0,0.0
2026-05-24T16:42:19.956,0.0,0.0,0.0
2026-05-24T16:42:20.056,0.0,0.0,0.0
2026-05-24T16:42:20.157,0.0,0.0,0.0
2026-05-24T16:42:20.257,0.0,0.0,0.0
2026-05-24T16:42:20.357,0.0,0.0,0.0
2026-05-24T16:42:20.458,0.0,0.0,0.0
2026-05-24T16:42:20.558,0.0,0.0,0.0
2026-05-24T16:42:20.659,0.0,0.0,0.0
2026-05-24T16:42:20.759,0.0,0.0,0.0
2026-05-24T16:42:20.860,0.0,0.0,0.0
2026-05-24T16:42:20.961,0.0,0.0,0.0
2026-05-24T16:42:21.061,0.0,0.0,0.0
2026-05-24T16:42:21.162,0.0,0.0,0.0
2026-05-24T16:42:21.262,0.0,0.0,0.0
2026-05-24T16:42:21.363,0.0,0.0,0.0
2026-05-24T16:42:21.463,0.0,0.0,0.0
2026-05-24T16:42:21.564,0.0,0.0,0.0
2026-05-24T16:42:21.664,0.0,0.0,0.0
2026-05-24T16:42:21.765,0.0,0.0,0.0
2026-05-24T16:42:21.865,0.0,0.0,0.0
2026-05-24T16:42:21.966,0.0,0.0,0.0
2026-05-24T16:42:22.066,0.0,0.0,0.0
2026-05-24T16:42:22.167,0.0,0.0,0.0
2026-05-24T16:42:22.267,0.0,0.0,0.0
2026-05-24T16:42:22.368,0.0,0.0,0.0
2026-05-24T16:42:22.468,0.0,0.0,0.0
2026-05-24T16:42:22.569,0.0,0.0,0.0
2026-05-24T16:42:22.669,0.0,0.0,0.0
2026-05-24T16:42:22.769,0.0,0.0,0.0
2026-05-24T16:42:22.870,0.0,0.0,0.0
2026-05-24T16:42:22.971,0.0,0.0,0.0
2026-05-24T16:42:23.072,0.0,0.0,0.0
2026-05-24T16:42:23.172,0.0,0.0,0.0
2026-05-24T16:42:23.273,0.0,0.0,0.0
2026-05-24T16:42:23.373,0.0,0.0,0.0
2026-05-24T16:42:23.474,0.0,0.0,0.0
2026-05-24T16:42:23.574,0.0,0.0,0.0
2026-05-24T16:42:23.675,0.0,0.0,0.0
2026-05-24T16:42:23.775,0.0,0.0,0.0
2026-05-24T16:42:23.876,0.0,0.0,0.0
2026-05-24T16:42:23.976,0.0,0.0,0.0
2026-05-24T16:42:24.077,0.0,0.0,0.0
2026-05-24T16:42:24.177,0.0,0.0,0.0
2026-05-24T16:42:24.278,0.0,0.0,0.0
2026-05-24T16:42:24.378,0.0,0.0,0.0
2026-05-24T16:42:24.479,0.0,0.0,0.0
2026-05-24T16:42:24.579,0.0,0.0,0.0
2026-05-24T16:42:24.680,0.0,0.0,0.0
2026-05-24T16:42:24.780,0.0,0.0,0.0
2026-05-24T16:42:24.881,0.0,0.0,0.0
2026-05-24T16:42:24.981,0.0,0.0,0.0
2026-05-24T16:42:25.082,0.0,0.0,0.0
2026-05-24T16:42:25.182,0.0,0.0,0.0
2026-05-24T16:42:25.282,0.0,0.0,0.0
2026-05-24T16:42:25.383,0.0,0.0,0.0
2026-05-24T16:42:25.483,0.0,0.0,0.0
2026-05-24T16:42:25.584,0.0,0.0,0.0
2026-05-24T16:42:25.684,0.0,0.0,0.0
2026-05-24T16:42:25.785,0.0,0.0,0.0
2026-05-24T16:42:25.885,0.0,0.0,0.0
2026-05-24T16:42:25.986,0.0,0.0,0.0
2026-05-24T16:42:26.086,0.0,0.0,0.0
2026-05-24T16:42:26.187,0.0,0.0,0.0
2026-05-24T16:42:26.287,0.0,0.0,0.0
2026-05-24T16:42:26.388,0.0,0.0,0.0
2026-05-24T16:42:26.488,0.0,0.0,0.0
2026-05-24T16:42:26.589,0.0,0.0,0.0
2026-05-24T16:42:26.689,0.0,0.0,0.0
2026-05-24T16:42:26.790,0.0,0.0,0.0
2026-05-24T16:42:26.890,0.0,0.0,0.0
2026-05-24T16:42:26.991,0.0,0.0,0.0
2026-05-24T16:42:27.091,0.0,0.0,0.0
2026-05-24T16:42:27.192,0.0,0.0,0.0
2026-05-24T16:42:27.292,0.0,0.0,0.0
2026-05-24T16:42:27.393,0.0,0.0,0.0
2026-05-24T16:42:27.493,0.0,0.0,0.0
2026-05-24T16:42:27.594,0.0,0.0,0.0
2026-05-24T16:42:27.694,0.0,0.0,0.0
2026-05-24T16:42:27.794,0.0,0.0,0.0
2026-05-24T16:42:27.895,0.0,0.0,0.0
2026-05-24T16:42:27.995,0.0,0.0,0.0
2026-05-24T16:42:28.096,0.0,0.0,0.0
2026-05-24T16:42:28.196,0.0,0.0,0.0
2026-05-24T16:42:28.297,0.0,0.0,0.0
2026-05-24T16:42:28.397,0.0,0.0,0.0
2026-05-24T16:42:28.498,0.0,0.0,0.0
2026-05-24T16:42:28.599,0.0,0.0,0.0
2026-05-24T16:42:28.700,0.0,0.0,0.0
2026-05-24T16:42:28.800,0.0,0.0,0.0
2026-05-24T16:42:28.901,0.0,0.0,0.0
2026-05-24T16:42:29.001,0.0,0.0,0.0
2026-05-24T16:42:29.102,0.0,0.0,0.0
2026-05-24T16:42:29.202,0.0,0.0,0.0
2026-05-24T16:42:29.303,0.0,0.0,0.0
2026-05-24T16:42:29.404,0.0,0.0,0.0
2026-05-24T16:42:29.504,0.0,0.0,0.0
2026-05-24T16:42:29.605,0.0,0.0,0.0
2026-05-24T16:42:29.705,0.0,0.0,0.0
2026-05-24T16:42:29.806,0.0,0.0,0.0
2026-05-24T16:42:29.906,0.0,0.0,0.0
