timestamp,range_mm_raw
2026-05-24T16:00:16.898,50.0
2026-05-24T16:00:17.002,50.0
2026-05-24T16:00:17.105,40.0
2026-05-24T16:00:17.209,40.0
2026-05-24T16:00:17.313,40.0
2026-05-24T16:00:17.417,40.0
2026-05-24T16:00:17.521,50.0
2026-05-24T16:00:17.625,50.0
2026-05-24T16:00:17.729,50.0
2026-05-24T16:00:17.833,40.0
2026-05-24T16:00:17.937,50.0
2026-05-24T16:00:18.041,60.0
2026-05-24T16:00:18.144,50.0
2026-05-24T16:00:18.249,50.0
2026-05-24T16:00:18.353,50.0
2026-05-24T16:00:18.456,50.0
2026-05-24T16:00:18.560,50.0
2026-05-24T16:00:18.664,50.0
2026-05-24T16:00:18.768,50.0
2026-05-24T16:00:18.872,50.0
2026-05-24T16:00:18.976,50.0
2026-05-24T16:00:19.080,50.0
2026-05-24T16:00:19.184,50.0
2026-05-24T16:00:19.288,40.0
2026-05-24T16:00:19.392,40.0
2026-05-24T16:00:19.495,40.0
2026-05-24T16:00:19.599,40.0
2026-05-24T16:00:19.702,40.0
2026-05-24T16:00:19.806,50.0
2026-05-24T16:00:19.926,50.0
2026-05-24T16:00:20.030,50.0
2026-05-24T16:00:20.133,50.0
2026-05-24T16:00:20.237,50.0
2026-05-24T16:00:20.340,40.0
2026-05-24T16:00:20.444,40.0
2026-05-24T16:00:20.548,50.0
2026-05-24T16:00:20.651,50.0
2026-05-24T16:00:20.754,50.0
2026-05-24T16:00:20.858,40.0
2026-05-24T16:00:20.962,50.0
2026-05-24T16:00:21.065,50.0
2026-05-24T16:00:21.169,40.0
2026-05-24T16:00:21.272,50.0
2026-05-24T16:00:21.376,50.0
2026-05-24T16:00:21.496,50.0
2026-05-24T16:00:21.600,50.0
2026-05-24T16:00:21.703,50.0
2026-05-24T16:00:21.808,50.0
2026-05-24T16:00:21.911,50.0
2026-05-24T16:00:22.015,50.0
2026-05-24T16:00:22.118,50.0
2026-05-24T16:00:22.222,50.0
2026-05-24T16:00:22.325,50.0
2026-05-24T16:00:22.429,50.0
2026-05-24T16:00:22.533,50.0
2026-05-24T16:00:22.637,60.0
2026-05-24T16:00:22.740,50.0
2026-05-24T16:00:22.844,50.0
2026-05-24T16:00:22.947,50.0
2026-05-24T16:00:23.067,50.0
2026-05-24T16:00:23.170,50.0
2026-05-24T16:00:23.274,50.0
2026-05-24T16:00:23.377,40.0
2026-05-24T16:00:23.481,40.0
2026-05-24T16:00:23.584,40.0
2026-05-24T16:00:23.688,50.0
2026-05-24T16:00:23.792,60.0
2026-05-24T16:00:23.895,50.0
2026-05-24T16:00:23.998,50.0
2026-05-24T16:00:24.103,50.0
2026-05-24T16:00:24.206,50.0
2026-05-24T16:00:24.310,60.0
2026-05-24T16:00:24.413,50.0
2026-05-24T16:00:24.517,50.0
2026-05-24T16:00:24.638,50.0
2026-05-24T16:00:24.741,50.0
2026-05-24T16:00:24.845,50.0
2026-05-24T16:00:24.948,50.0
2026-05-24T16:00:25.052,50.0
2026-05-24T16:00:25.155,50.0
2026-05-24T16:00:25.259,50.0
2026-05-24T16:00:25.362,50.0
2026-05-24T16:00:25.466,50.0
2026-05-24T16:00:25.570,50.0
2026-05-24T16:00:25.674,50.0
2026-05-24T16:00:25.778,50.0
2026-05-24T16:00:25.881,50.0
2026-05-24T16:00:25.985,50.0
2026-05-24T16:00:26.088,50.0
2026-05-24T16:00:26.208,50.0
2026-05-24T16:00:26.311,50.0
2026-05-24T16:00:26.415,50.0
2026-05-24T16:00:26.518,50.0
2026-05-24T16:00:26.622,40.0
2026-05-24T16:00:26.725,50.0
2026-05-24T16:00:26.829,50.0
2026-05-24T16:00:26.932,50.0
2026-05-24T16:00:27.036,50.0
2026-05-24T16:00:27.139,50.0
2026-05-24T16:00:27.243,50.0
2026-05-24T16:00:27.346,50.0
2026-05-24T16:00:27.450,50.0
2026-05-24T16:00:27.553,50.0
2026-05-24T16:00:27.657,50.0
2026-05-24T16:00:27.778,40.0
2026-05-24T16:00:27.882,50.0
2026-05-24T16:00:27.986,50.0
2026-05-24T16:00:28.090,60.0
2026-05-24T16:00:28.193,50.0
2026-05-24T16:00:28.297,60.0
2026-05-24T16:00:28.400,50.0
2026-05-24T16:00:28.504,40.0
2026-05-24T16:00:28.607,40.0
2026-05-24T16:00:28.712,40.0
2026-05-24T16:00:28.815,40.0
2026-05-24T16:00:28.919,40.0
2026-05-24T16:00:29.022,40.0
2026-05-24T16:00:29.126,50.0
2026-05-24T16:00:29.229,50.0
2026-05-24T16:00:29.348,50.0
2026-05-24T16:00:29.452,50.0
2026-05-24T16:00:29.556,60.0
2026-05-24T16:00:29.660,50.0
2026-05-24T16:00:29.763,50.0
2026-05-24T16:00:29.867,50.0
2026-05-24T16:00:29.970,60.0
2026-05-24T16:00:30.074,50.0
2026-05-24T16:00:30.177,60.0
2026-05-24T16:00:30.281,50.0
2026-05-24T16:00:30.385,60.0
2026-05-24T16:00:30.488,60.0
2026-05-24T16:00:30.592,60.0
2026-05-24T16:00:30.695,60.0
2026-05-24T16:00:30.799,60.0
2026-05-24T16:00:30.918,60.0
2026-05-24T16:00:31.022,60.0
2026-05-24T16:00:31.126,60.0
2026-05-24T16:00:31.229,60.0
2026-05-24T16:00:31.333,60.0
2026-05-24T16:00:31.436,50.0
2026-05-24T16:00:31.540,60.0
2026-05-24T16:00:31.643,60.0
2026-05-24T16:00:31.747,50.0
2026-05-24T16:00:31.851,60.0
2026-05-24T16:00:31.954,60.0
2026-05-24T16:00:32.058,50.0
2026-05-24T16:00:32.161,60.0
2026-05-24T16:00:32.265,60.0
2026-05-24T16:00:32.368,60.0
2026-05-24T16:00:32.489,60.0
2026-05-24T16:00:32.593,60.0
2026-05-24T16:00:32.697,60.0
2026-05-24T16:00:32.800,60.0
2026-05-24T16:00:32.904,60.0
2026-05-24T16:00:33.008,60.0
2026-05-24T16:00:33.111,60.0
2026-05-24T16:00:33.215,60.0
2026-05-24T16:00:33.319,60.0
2026-05-24T16:00:33.422,60.0
2026-05-24T16:00:33.526,50.0
2026-05-24T16:00:33.629,60.0
2026-05-24T16:00:33.733,60.0
2026-05-24T16:00:33.836,50.0
2026-05-24T16:00:33.940,50.0
2026-05-24T16:00:34.060,40.0
2026-05-24T16:00:34.163,40.0
2026-05-24T16:00:34.267,40.0
2026-05-24T16:00:34.370,20.0
2026-05-24T16:00:34.474,30.0
2026-05-24T16:00:34.577,20.0
2026-05-24T16:00:34.681,30.0
2026-05-24T16:00:34.784,30.0
2026-05-24T16:00:34.888,30.0
2026-05-24T16:00:34.991,20.0
2026-05-24T16:00:35.095,60.0
2026-05-24T16:00:35.198,50.0
2026-05-24T16:00:35.302,60.0
2026-05-24T16:00:35.407,60.0
2026-05-24T16:00:35.511,70.0
2026-05-24T16:00:35.629,60.0
2026-05-24T16:00:35.733,50.0
2026-05-24T16:00:35.836,50.0
2026-05-24T16:00:35.940,60.0
2026-05-24T16:00:36.043,50.0
2026-05-24T16:00:36.147,60.0
2026-05-24T16:00:36.251,60.0
2026-05-24T16:00:36.355,50.0
2026-05-24T16:00:36.458,50.0
2026-05-24T16:00:36.562,50.0
2026-05-24T16:00:36.665,50.0
2026-05-24T16:00:36.769,50.0
2026-05-24T16:00:36.872,50.0
2026-05-24T16:00:36.976,50.0
2026-05-24T16:00:37.080,50.0
2026-05-24T16:00:37.200,50.0
2026-05-24T16:00:37.304,50.0
2026-05-24T16:00:37.408,50.0
2026-05-24T16:00:37.511,50.0
2026-05-24T16:00:37.615,50.0
2026-05-24T16:00:37.719,40.0
2026-05-24T16:00:37.822,50.0
2026-05-24T16:00:37.926,50.0
2026-05-24T16:00:38.029,50.0
2026-05-24T16:00:38.133,40.0
2026-05-24T16:00:38.236,50.0
2026-05-24T16:00:38.340,50.0
2026-05-24T16:00:38.443,40.0
2026-05-24T16:00:38.547,40.0
2026-05-24T16:00:38.650,50.0
2026-05-24T16:00:38.771,50.0
2026-05-24T16:00:38.874,50.0
2026-05-24T16:40:37.356,50.0
2026-05-24T16:40:37.460,40.0
2026-05-24T16:40:37.564,50.0
2026-05-24T16:40:37.668,50.0
2026-05-24T16:40:37.771,50.0
2026-05-24T16:40:37.875,50.0
2026-05-24T16:40:37.979,50.0
2026-05-24T16:40:38.083,50.0
2026-05-24T16:40:38.187,50.0
2026-05-24T16:40:38.290,50.0
2026-05-24T16:40:38.395,40.0
2026-05-24T16:40:38.499,50.0
2026-05-24T16:40:38.602,50.0
2026-05-24T16:40:38.720,40.0
2026-05-24T16:40:38.824,50.0
2026-05-24T16:40:38.928,40.0
2026-05-24T16:40:39.031,50.0
2026-05-24T16:40:39.135,40.0
2026-05-24T16:40:39.239,50.0
2026-05-24T16:40:39.344,40.0
2026-05-24T16:40:39.448,40.0
2026-05-24T16:40:39.552,50.0
2026-05-24T16:40:39.655,40.0
2026-05-24T16:40:39.759,50.0
2026-05-24T16:40:39.863,50.0
2026-05-24T16:40:39.966,50.0
2026-05-24T16:40:40.070,50.0
2026-05-24T16:40:40.173,50.0
2026-05-24T16:40:40.294,50.0
2026-05-24T16:40:40.398,50.0
2026-05-24T16:40:40.501,50.0
2026-05-24T16:40:40.605,50.0
2026-05-24T16:40:40.709,50.0
2026-05-24T16:40:40.812,50.0
2026-05-24T16:40:40.916,50.0
2026-05-24T16:40:41.020,50.0
2026-05-24T16:40:41.124,50.0
2026-05-24T16:40:41.228,40.0
2026-05-24T16:40:41.332,40.0
2026-05-24T16:40:41.435,50.0
2026-05-24T16:40:41.539,40.0
2026-05-24T16:40:41.643,40.0
2026-05-24T16:40:41.746,50.0
2026-05-24T16:40:41.868,40.0
2026-05-24T16:40:41.972,50.0
2026-05-24T16:40:42.076,40.0
2026-05-24T16:40:42.180,50.0
2026-05-24T16:40:42.284,40.0
2026-05-24T16:40:42.387,50.0
2026-05-24T16:40:42.491,50.0
2026-05-24T16:40:42.595,50.0
2026-05-24T16:40:42.699,50.0
2026-05-24T16:40:42.806,40.0
2026-05-24T16:40:42.910,40.0
2026-05-24T16:40:43.015,40.0
2026-05-24T16:40:43.118,40.0
2026-05-24T16:40:43.222,50.0
2026-05-24T16:40:43.326,50.0
2026-05-24T16:40:43.441,40.0
2026-05-24T16:40:43.544,40.0
2026-05-24T16:40:43.648,50.0
2026-05-24T16:40:43.752,50.0
2026-05-24T16:40:43.855,50.0
2026-05-24T16:40:43.959,50.0
2026-05-24T16:40:44.063,50.0
2026-05-24T16:40:44.167,50.0
2026-05-24T16:40:44.271,50.0
2026-05-24T16:40:44.374,50.0
2026-05-24T16:40:44.478,50.0
2026-05-24T16:40:44.582,50.0
2026-05-24T16:40:44.686,50.0
2026-05-24T16:40:44.790,50.0
2026-05-24T16:40:44.894,50.0
2026-05-24T16:40:45.013,50.0
2026-05-24T16:40:45.117,50.0
2026-05-24T16:40:45.221,50.0
2026-05-24T16:40:45.325,50.0
2026-05-24T16:40:45.428,50.0
2026-05-24T16:40:45.532,50.0
2026-05-24T16:40:45.636,50.0
2026-05-24T16:40:45.740,50.0
2026-05-24T16:40:45.843,50.0
2026-05-24T16:40:45.947,50.0
2026-05-24T16:40:46.051,50.0
2026-05-24T16:40:46.155,50.0
2026-05-24T16:40:46.259,50.0
2026-05-24T16:40:46.362,50.0
2026-05-24T16:40:46.466,50.0
2026-05-24T16:40:46.585,50.0
2026-05-24T16:40:46.689,50.0
2026-05-24T16:40:46.792,50.0
2026-05-24T16:40:46.896,50.0
2026-05-24T16:40:46.999,50.0
2026-05-24T16:40:47.103,50.0
2026-05-24T16:40:47.207,50.0
2026-05-24T16:40:47.311,50.0
2026-05-24T16:40:47.415,50.0
2026-05-24T16:40:47.519,50.0
2026-05-24T16:40:47.622,50.0
2026-05-24T16:40:47.726,50.0
2026-05-24T16:40:47.831,50.0
2026-05-24T16:40:47.935,50.0
2026-05-24T16:40:48.038,50.0
2026-05-24T16:40:48.156,50.0
2026-05-24T16:40:48.260,50.0
2026-05-24T16:40:48.363,50.0
2026-05-24T16:40:48.467,50.0
2026-05-24T16:40:48.571,50.0
2026-05-24T16:40:48.676,50.0
2026-05-24T16:40:48.780,50.0
2026-05-24T16:40:48.884,50.0
2026-05-24T16:40:48.987,50.0
2026-05-24T16:40:49.091,40.0
2026-05-24T16:40:49.195,50.0
2026-05-24T16:40:49.299,50.0
2026-05-24T16:40:49.403,50.0
2026-05-24T16:40:49.506,50.0
2026-05-24T16:40:49.610,50.0
2026-05-24T16:40:49.730,40.0
2026-05-24T16:40:49.834,50.0
2026-05-24T16:40:49.937,40.0
2026-05-24T16:40:50.041,50.0
2026-05-24T16:40:50.145,50.0
2026-05-24T16:40:50.249,50.0
2026-05-24T16:40:50.352,40.0
2026-05-24T16:40:50.456,40.0
2026-05-24T16:40:50.560,40.0
2026-05-24T16:40:50.664,50.0
2026-05-24T16:40:50.768,40.0
2026-05-24T16:40:50.872,40.0
2026-05-24T16:40:50.975,40.0
2026-05-24T16:40:51.079,50.0
2026-05-24T16:40:51.183,40.0
2026-05-24T16:40:51.302,50.0
2026-05-24T16:40:51.406,40.0
2026-05-24T16:40:51.509,40.0
2026-05-24T16:40:51.613,50.0
2026-05-24T16:40:51.717,40.0
2026-05-24T16:40:51.821,40.0
2026-05-24T16:40:51.925,50.0
2026-05-24T16:40:52.028,40.0
2026-05-24T16:40:52.132,50.0
2026-05-24T16:40:52.237,50.0
2026-05-24T16:40:52.340,40.0
2026-05-24T16:40:52.444,50.0
2026-05-24T16:40:52.548,40.0
2026-05-24T16:40:52.652,50.0
2026-05-24T16:40:52.756,50.0
2026-05-24T16:40:52.874,50.0
2026-05-24T16:40:52.978,50.0
2026-05-24T16:40:53.082,50.0
2026-05-24T16:40:53.186,40.0
2026-05-24T16:40:53.289,40.0
2026-05-24T16:40:53.393,40.0
2026-05-24T16:40:53.497,40.0
2026-05-24T16:40:53.600,50.0
2026-05-24T16:40:53.704,40.0
2026-05-24T16:40:53.808,40.0
2026-05-24T16:40:53.912,40.0
2026-05-24T16:40:54.016,40.0
2026-05-24T16:40:54.119,40.0
2026-05-24T16:40:54.223,50.0
2026-05-24T16:40:54.327,40.0
2026-05-24T16:40:54.449,50.0
2026-05-24T16:40:54.553,40.0
2026-05-24T16:40:54.657,50.0
2026-05-24T16:40:54.760,50.0
2026-05-24T16:40:54.864,50.0
2026-05-24T16:40:54.968,40.0
2026-05-24T16:40:55.072,50.0
2026-05-24T16:40:55.176,40.0
2026-05-24T16:40:55.279,50.0
2026-05-24T16:40:55.383,40.0
2026-05-24T16:40:55.487,50.0
2026-05-24T16:40:55.590,50.0
2026-05-24T16:40:55.694,50.0
2026-05-24T16:40:55.798,40.0
2026-05-24T16:40:55.902,40.0
2026-05-24T16:40:56.021,50.0
2026-05-24T16:40:56.125,50.0
2026-05-24T16:40:56.229,40.0
2026-05-24T16:40:56.333,40.0
2026-05-24T16:40:56.436,50.0
2026-05-24T16:40:56.540,50.0
2026-05-24T16:40:56.644,40.0
2026-05-24T16:40:56.748,50.0
2026-05-24T16:40:56.852,50.0
2026-05-24T16:40:56.955,50.0
2026-05-24T16:40:57.059,50.0
2026-05-24T16:40:57.163,50.0
2026-05-24T16:40:57.267,50.0
2026-05-24T16:40:57.371,50.0
2026-05-24T16:40:57.475,50.0
2026-05-24T16:40:57.596,50.0
2026-05-24T16:40:57.700,50.0
2026-05-24T16:40:57.803,50.0
2026-05-24T16:40:57.907,50.0
2026-05-24T16:40:58.011,50.0
2026-05-24T16:40:58.115,50.0
2026-05-24T16:40:58.218,50.0
2026-05-24T16:40:58.322,40.0
2026-05-24T16:40:58.426,50.0
2026-05-24T16:40:58.530,40.0
2026-05-24T16:40:58.633,40.0
2026-05-24T16:40:58.737,50.0
2026-05-24T16:40:58.841,40.0
2026-05-24T16:40:58.944,50.0
2026-05-24T16:40:59.048,40.0
2026-05-24T16:40:59.171,40.0
2026-05-24T16:40:59.275,50.0
2026-05-24T16:40:59.379,40.0
2026-05-24T16:40:59.483,40.0
2026-05-24T16:40:59.587,50.0
2026-05-24T16:40:59.690,50.0
2026-05-24T16:40:59.794,50.0
2026-05-24T16:40:59.898,50.0
2026-05-24T16:41:00.001,50.0
2026-05-24T16:41:00.105,50.0
2026-05-24T16:41:00.209,40.0
2026-05-24T16:41:00.313,40.0
2026-05-24T16:41:00.417,50.0
2026-05-24T16:41:00.520,50.0
2026-05-24T16:41:00.624,40.0
2026-05-24T16:41:00.743,50.0
2026-05-24T16:41:00.847,40.0
2026-05-24T16:41:00.951,50.0
2026-05-24T16:41:01.054,50.0
2026-05-24T16:41:01.158,50.0
2026-05-24T16:41:01.262,50.0
2026-05-24T16:41:01.366,50.0
2026-05-24T16:41:01.469,50.0
2026-05-24T16:41:01.573,50.0
2026-05-24T16:41:01.677,40.0
2026-05-24T16:41:01.781,40.0
2026-05-24T16:41:01.885,50.0
2026-05-24T16:41:01.988,50.0
2026-05-24T16:41:02.092,50.0
2026-05-24T16:41:02.196,50.0
2026-05-24T16:41:02.315,50.0
2026-05-24T16:41:02.419,50.0
2026-05-24T16:41:02.523,40.0
2026-05-24T16:41:02.626,50.0
2026-05-24T16:41:02.730,50.0
2026-05-24T16:41:02.835,40.0
2026-05-24T16:41:02.938,50.0
2026-05-24T16:41:03.043,40.0
2026-05-24T16:41:03.147,50.0
2026-05-24T16:41:03.250,50.0
2026-05-24T16:41:03.355,50.0
2026-05-24T16:41:03.459,50.0
2026-05-24T16:41:03.563,50.0
2026-05-24T16:41:03.666,40.0
2026-05-24T16:41:03.770,40.0
2026-05-24T16:41:03.890,40.0
2026-05-24T16:41:03.994,50.0
2026-05-24T16:41:04.099,40.0
2026-05-24T16:41:04.203,50.0
2026-05-24T16:41:04.306,50.0
2026-05-24T16:41:04.410,40.0
2026-05-24T16:41:04.514,50.0
2026-05-24T16:41:04.617,40.0
2026-05-24T16:41:04.721,40.0
2026-05-24T16:41:04.825,50.0
2026-05-24T16:41:04.929,50.0
2026-05-24T16:41:05.033,50.0
2026-05-24T16:41:05.136,40.0
2026-05-24T16:41:05.240,50.0
2026-05-24T16:41:05.344,40.0
2026-05-24T16:41:05.464,50.0
2026-05-24T16:41:05.568,50.0
2026-05-24T16:41:05.671,50.0
2026-05-24T16:41:05.775,50.0
2026-05-24T16:41:05.879,50.0
2026-05-24T16:41:05.983,50.0
2026-05-24T16:41:06.087,40.0
2026-05-24T16:41:06.190,50.0
2026-05-24T16:41:06.294,50.0
2026-05-24T16:41:06.399,50.0
2026-05-24T16:41:06.503,50.0
2026-05-24T16:41:06.606,50.0
2026-05-24T16:41:06.710,50.0
2026-05-24T16:41:06.814,50.0
2026-05-24T16:41:06.918,50.0
2026-05-24T16:41:07.036,40.0
2026-05-24T16:41:07.140,40.0
2026-05-24T16:41:07.244,50.0
2026-05-24T16:41:07.347,50.0
2026-05-24T16:41:07.451,50.0
2026-05-24T16:41:07.555,50.0
2026-05-24T16:41:07.660,50.0
2026-05-24T16:41:07.763,50.0
2026-05-24T16:41:07.867,40.0
2026-05-24T16:41:07.971,50.0
2026-05-24T16:41:08.075,50.0
2026-05-24T16:41:08.179,50.0
2026-05-24T16:41:08.283,50.0
2026-05-24T16:41:08.386,50.0
2026-05-24T16:41:08.490,50.0
2026-05-24T16:41:08.612,40.0
2026-05-24T16:41:08.715,50.0
2026-05-24T16:41:08.820,50.0
2026-05-24T16:41:08.924,50.0
2026-05-24T16:41:09.028,50.0
2026-05-24T16:41:09.131,50.0
2026-05-24T16:41:09.235,50.0
2026-05-24T16:41:09.339,50.0
2026-05-24T16:41:09.445,50.0
2026-05-24T16:41:09.548,50.0
2026-05-24T16:41:09.652,40.0
2026-05-24T16:41:09.756,40.0
2026-05-24T16:41:09.860,50.0
2026-05-24T16:41:09.963,50.0
2026-05-24T16:41:10.067,50.0
2026-05-24T16:41:10.185,50.0
2026-05-24T16:41:10.288,50.0
2026-05-24T16:41:10.392,50.0
2026-05-24T16:41:10.496,50.0
2026-05-24T16:41:10.600,50.0
2026-05-24T16:41:10.703,50.0
2026-05-24T16:41:10.807,50.0
2026-05-24T16:41:10.911,50.0
2026-05-24T16:41:11.015,50.0
2026-05-24T16:41:11.119,40.0
2026-05-24T16:41:11.223,50.0
2026-05-24T16:41:11.327,50.0
2026-05-24T16:41:11.430,50.0
2026-05-24T16:41:11.534,50.0
2026-05-24T16:41:11.638,50.0
2026-05-24T16:41:11.762,50.0
2026-05-24T16:41:11.866,50.0
2026-05-24T16:41:11.970,50.0
2026-05-24T16:41:12.074,50.0
2026-05-24T16:41:12.178,50.0
2026-05-24T16:41:12.282,50.0
2026-05-24T16:41:12.386,50.0
2026-05-24T16:41:12.490,50.0
2026-05-24T16:41:12.593,50.0
2026-05-24T16:41:12.697,50.0
2026-05-24T16:41:12.802,50.0
2026-05-24T16:41:12.905,50.0
2026-05-24T16:41:13.009,50.0
2026-05-24T16:41:13.113,50.0
2026-05-24T16:41:13.217,50.0
2026-05-24T16:41:13.339,50.0
2026-05-24T16:41:13.442,50.0
2026-05-24T16:41:13.546,50.0
2026-05-24T16:41:13.650,50.0
2026-05-24T16:41:13.753,50.0
2026-05-24T16:41:13.857,50.0
2026-05-24T16:41:13.961,50.0
2026-05-24T16:41:14.065,50.0
2026-05-24T16:41:14.169,50.0
2026-05-24T16:41:14.273,50.0
2026-05-24T16:41:14.377,50.0
2026-05-24T16:41:14.481,50.0
2026-05-24T16:41:14.584,50.0
2026-05-24T16:41:14.688,50.0
2026-05-24T16:41:14.792,50.0
2026-05-24T16:41:14.913,50.0
2026-05-24T16:41:15.017,50.0
2026-05-24T16:41:15.121,50.0
2026-05-24T16:41:15.226,50.0
2026-05-24T16:41:15.329,50.0
2026-05-24T16:41:15.433,50.0
2026-05-24T16:41:15.537,50.0
2026-05-24T16:41:15.640,50.0
2026-05-24T16:41:15.745,50.0
2026-05-24T16:41:15.849,50.0
2026-05-24T16:41:15.953,50.0
2026-05-24T16:41:16.057,50.0
2026-05-24T16:41:16.161,50.0
2026-05-24T16:41:16.266,50.0
2026-05-24T16:41:16.369,50.0
2026-05-24T16:41:16.488,50.0
2026-05-24T16:41:16.592,50.0
2026-05-24T16:41:16.696,50.0
2026-05-24T16:41:16.800,50.0
2026-05-24T16:41:16.905,50.0
2026-05-24T16:41:17.009,50.0
2026-05-24T16:41:17.113,50.0
2026-05-24T16:41:17.217,50.0
2026-05-24T16:41:17.321,50.0
2026-05-24T16:41:17.425,50.0
2026-05-24T16:41:17.529,50.0
2026-05-24T16:41:17.632,50.0
2026-05-24T16:41:17.736,50.0
2026-05-24T16:41:17.840,50.0
2026-05-24T16:41:17.943,50.0
2026-05-24T16:41:18.063,50.0
2026-05-24T16:41:18.166,50.0
2026-05-24T16:41:18.270,50.0
2026-05-24T16:41:18.374,50.0
2026-05-24T16:41:18.477,50.0
2026-05-24T16:41:18.581,50.0
2026-05-24T16:41:18.685,50.0
2026-05-24T16:41:18.789,50.0
2026-05-24T16:41:18.893,50.0
2026-05-24T16:41:18.997,50.0
2026-05-24T16:41:19.101,50.0
2026-05-24T16:41:19.204,50.0
2026-05-24T16:41:19.308,50.0
2026-05-24T16:41:19.412,50.0
2026-05-24T16:41:19.515,50.0
2026-05-24T16:41:19.637,50.0
2026-05-24T16:41:19.740,50.0
2026-05-24T16:41:19.844,50.0
2026-05-24T16:41:19.948,50.0
2026-05-24T16:41:20.052,50.0
2026-05-24T16:41:20.155,50.0
2026-05-24T16:41:20.259,50.0
2026-05-24T16:41:20.362,50.0
2026-05-24T16:41:20.466,50.0
2026-05-24T16:41:20.570,50.0
2026-05-24T16:41:20.674,50.0
2026-05-24T16:41:20.777,50.0
2026-05-24T16:41:20.881,50.0
2026-05-24T16:41:20.984,50.0
2026-05-24T16:41:21.088,50.0
2026-05-24T16:41:21.207,50.0
2026-05-24T16:41:21.311,50.0
2026-05-24T16:41:21.415,50.0
2026-05-24T16:41:21.519,50.0
2026-05-24T16:41:21.622,50.0
2026-05-24T16:41:21.726,50.0
2026-05-24T16:41:21.829,50.0
2026-05-24T16:41:21.933,50.0
2026-05-24T16:41:22.037,50.0
2026-05-24T16:41:22.140,50.0
2026-05-24T16:41:22.244,50.0
2026-05-24T16:41:22.347,50.0
2026-05-24T16:41:22.451,50.0
2026-05-24T16:41:22.555,50.0
2026-05-24T16:41:22.658,50.0
2026-05-24T16:41:22.779,50.0
2026-05-24T16:41:22.882,50.0
2026-05-24T16:41:22.986,50.0
2026-05-24T16:41:23.090,50.0
2026-05-24T16:41:23.193,50.0
2026-05-24T16:41:23.297,50.0
2026-05-24T16:41:23.400,50.0
2026-05-24T16:41:23.504,50.0
2026-05-24T16:41:23.608,50.0
2026-05-24T16:41:23.712,50.0
2026-05-24T16:41:23.815,50.0
2026-05-24T16:41:23.919,50.0
2026-05-24T16:41:24.022,50.0
2026-05-24T16:41:24.126,50.0
2026-05-24T16:41:24.229,50.0
2026-05-24T16:41:24.352,50.0
2026-05-24T16:41:24.456,50.0
2026-05-24T16:41:24.559,50.0
2026-05-24T16:41:24.663,50.0
2026-05-24T16:41:24.766,50.0
2026-05-24T16:41:24.870,50.0
2026-05-24T16:41:24.973,50.0
2026-05-24T16:41:25.077,50.0
2026-05-24T16:41:25.181,50.0
2026-05-24T16:41:25.284,50.0
2026-05-24T16:41:25.388,50.0
2026-05-24T16:41:25.491,50.0
2026-05-24T16:41:25.595,50.0
2026-05-24T16:41:25.699,50.0
2026-05-24T16:41:25.803,50.0
2026-05-24T16:41:25.923,50.0
2026-05-24T16:41:26.026,50.0
2026-05-24T16:41:26.129,50.0
2026-05-24T16:41:26.233,50.0
2026-05-24T16:41:26.336,50.0
2026-05-24T16:41:26.441,50.0
2026-05-24T16:41:26.544,50.0
2026-05-24T16:41:26.648,50.0
2026-05-24T16:41:26.751,50.0
2026-05-24T16:41:26.855,50.0
2026-05-24T16:41:26.959,50.0
2026-05-24T16:41:27.063,50.0
2026-05-24T16:41:27.167,50.0
2026-05-24T16:41:27.270,50.0
2026-05-24T16:41:27.374,50.0
2026-05-24T16:41:27.494,50.0
2026-05-24T16:41:27.598,50.0
2026-05-24T16:41:27.701,50.0
2026-05-24T16:41:27.805,50.0
2026-05-24T16:41:27.909,50.0
2026-05-24T16:41:28.012,50.0
2026-05-24T16:41:28.116,50.0
2026-05-24T16:41:28.219,50.0
2026-05-24T16:41:28.323,50.0
2026-05-24T16:41:28.426,50.0
2026-05-24T16:41:28.530,50.0
2026-05-24T16:41:28.633,50.0
2026-05-24T16:41:28.737,50.0
2026-05-24T16:41:28.841,50.0
2026-05-24T16:41:28.944,50.0
2026-05-24T16:41:29.065,50.0
2026-05-24T16:41:29.168,50.0
2026-05-24T16:41:29.273,50.0
2026-05-24T16:41:29.376,50.0
2026-05-24T16:41:29.480,50.0
2026-05-24T16:41:29.583,50.0
2026-05-24T16:41:29.687,50.0
2026-05-24T16:41:29.790,50.0
2026-05-24T16:41:29.894,50.0
2026-05-24T16:41:29.997,50.0
2026-05-24T16:41:30.101,50.0
2026-05-24T16:41:30.205,50.0
2026-05-24T16:41:30.308,50.0
2026-05-24T16:41:30.412,50.0
2026-05-24T16:41:30.516,50.0
2026-05-24T16:41:30.635,50.0
2026-05-24T16:41:30.738,50.0
2026-05-24T16:41:30.842,50.0
2026-05-24T16:41:30.946,50.0
2026-05-24T16:41:31.050,50.0
2026-05-24T16:41:31.153,50.0
2026-05-24T16:41:31.257,50.0
2026-05-24T16:41:31.360,50.0
2026-05-24T16:41:31.464,50.0
2026-05-24T16:41:31.568,50.0
2026-05-24T16:41:31.671,50.0
2026-05-24T16:41:31.775,50.0
2026-05-24T16:41:31.878,50.0
2026-05-24T16:41:31.982,50.0
2026-05-24T16:41:32.085,50.0
2026-05-24T16:41:32.205,50.0
2026-05-24T16:41:32.309,50.0
2026-05-24T16:41:32.412,50.0
2026-05-24T16:41:32.516,50.0
2026-05-24T16:41:32.619,50.0
2026-05-24T16:41:32.723,50.0
2026-05-24T16:41:32.827,50.0
2026-05-24T16:41:32.930,50.0
2026-05-24T16:41:33.033,50.0
2026-05-24T16:41:33.137,50.0
2026-05-24T16:41:33.240,50.0
2026-05-24T16:41:33.344,50.0
2026-05-24T16:41:33.447,50.0
2026-05-24T16:41:33.551,50.0
2026-05-24T16:41:33.654,50.0
2026-05-24T16:41:33.776,50.0
2026-05-24T16:41:33.880,50.0
2026-05-24T16:41:33.984,50.0
2026-05-24T16:41:34.087,50.0
2026-05-24T16:41:34.191,50.0
2026-05-24T16:41:34.294,50.0
2026-05-24T16:41:34.398,50.0
2026-05-24T16:41:34.501,50.0
2026-05-24T16:41:34.605,50.0
2026-05-24T16:41:34.708,50.0
2026-05-24T16:41:34.812,50.0
2026-05-24T16:41:34.916,50.0
2026-05-24T16:41:35.019,50.0
2026-05-24T16:41:35.123,50.0
2026-05-24T16:41:35.226,50.0
2026-05-24T16:41:35.346,50.0
2026-05-24T16:41:35.449,50.0
2026-05-24T16:41:35.553,50.0
2026-05-24T16:41:35.656,50.0
2026-05-24T16:41:35.760,50.0
2026-05-24T16:41:35.863,50.0
2026-05-24T16:41:35.967,50.0
2026-05-24T16:41:36.070,50.0
2026-05-24T16:41:36.174,50.0
2026-05-24T16:41:36.278,50.0
2026-05-24T16:41:36.381,50.0
2026-05-24T16:41:36.485,50.0
2026-05-24T16:41:36.588,50.0
2026-05-24T16:41:36.692,50.0
2026-05-24T16:41:36.796,50.0
2026-05-24T16:41:36.916,50.0
2026-05-24T16:41:37.022,50.0
2026-05-24T16:41:37.127,50.0
2026-05-24T16:41:37.230,50.0
2026-05-24T16:41:37.334,50.0
2026-05-24T16:41:37.438,50.0
2026-05-24T16:41:37.541,50.0
2026-05-24T16:41:37.645,50.0
2026-05-24T16:41:37.748,50.0
2026-05-24T16:41:37.852,50.0
2026-05-24T16:41:37.955,50.0
2026-05-24T16:41:38.059,50.0
2026-05-24T16:41:38.162,50.0
2026-05-24T16:41:38.266,50.0
2026-05-24T16:41:38.369,50.0
2026-05-24T16:41:38.487,50.0
2026-05-24T16:41:38.590,50.0
2026-05-24T16:41:38.694,50.0
2026-05-24T16:41:38.797,50.0
2026-05-24T16:41:38.901,50.0
2026-05-24T16:41:39.005,50.0
2026-05-24T16:41:39.108,50.0
2026-05-24T16:41:39.212,50.0
2026-05-24T16:41:39.316,50.0
2026-05-24T16:41:39.420,50.0
2026-05-24T16:41:39.523,50.0
2026-05-24T16:41:39.626,50.0
2026-05-24T16:41:39.730,50.0
2026-05-24T16:41:39.834,50.0
2026-05-24T16:41:39.937,50.0
2026-05-24T16:41:40.057,50.0
2026-05-24T16:41:40.160,50.0
2026-05-24T16:41:40.264,50.0
2026-05-24T16:41:40.367,50.0
2026-05-24T16:41:40.471,50.0
2026-05-24T16:41:40.574,50.0
2026-05-24T16:41:40.678,50.0
2026-05-24T16:41:40.782,50.0
2026-05-24T16:41:40.885,50.0
2026-05-24T16:41:40.989,50.0
2026-05-24T16:41:41.092,50.0
2026-05-24T16:41:41.196,50.0
2026-05-24T16:41:41.299,50.0
2026-05-24T16:41:41.403,50.0
2026-05-24T16:41:41.508,50.0
2026-05-24T16:41:41.627,50.0
2026-05-24T16:41:41.731,50.0
2026-05-24T16:41:41.835,50.0
2026-05-24T16:41:41.938,50.0
2026-05-24T16:41:42.042,50.0
2026-05-24T16:41:42.145,50.0
2026-05-24T16:41:42.249,50.0
2026-05-24T16:41:42.353,50.0
2026-05-24T16:41:42.456,50.0
2026-05-24T16:41:42.560,50.0
2026-05-24T16:41:42.663,50.0
2026-05-24T16:41:42.767,50.0
2026-05-24T16:41:42.870,50.0
2026-05-24T16:41:42.974,50.0
2026-05-24T16:41:43.077,50.0
2026-05-24T16:41:43.197,50.0
2026-05-24T16:41:43.301,50.0
2026-05-24T16:41:43.404,50.0
2026-05-24T16:41:43.508,50.0
2026-05-24T16:41:43.611,50.0
2026-05-24T16:41:43.715,50.0
2026-05-24T16:41:43.819,50.0
2026-05-24T16:41:43.922,50.0
2026-05-24T16:41:44.026,50.0
2026-05-24T16:41:44.129,50.0
2026-05-24T16:41:44.233,50.0
2026-05-24T16:41:44.336,50.0
2026-05-24T16:41:44.440,50.0
2026-05-24T16:41:44.544,50.0
2026-05-24T16:41:44.647,50.0
2026-05-24T16:41:44.767,50.0
2026-05-24T16:41:44.871,50.0
2026-05-24T16:41:44.974,50.0
2026-05-24T16:41:45.078,50.0
2026-05-24T16:41:45.181,50.0
2026-05-24T16:41:45.285,50.0
2026-05-24T16:41:45.388,50.0
2026-05-24T16:41:45.492,50.0
2026-05-24T16:41:45.595,50.0
2026-05-24T16:41:45.699,50.0
2026-05-24T16:41:45.802,50.0
2026-05-24T16:41:45.906,50.0
2026-05-24T16:41:46.009,50.0
2026-05-24T16:41:46.113,50.0
2026-05-24T16:41:46.216,50.0
2026-05-24T16:41:46.338,50.0
2026-05-24T16:41:46.442,50.0
2026-05-24T16:41:46.546,50.0
2026-05-24T16:41:46.649,50.0
2026-05-24T16:41:46.753,50.0
2026-05-24T16:41:46.856,50.0
2026-05-24T16:41:46.960,50.0
2026-05-24T16:41:47.064,50.0
2026-05-24T16:41:47.167,50.0
2026-05-24T16:41:47.270,50.0
2026-05-24T16:41:47.374,50.0
2026-05-24T16:41:47.477,50.0
2026-05-24T16:41:47.581,50.0
2026-05-24T16:41:47.685,50.0
2026-05-24T16:41:47.789,50.0
2026-05-24T16:41:47.909,50.0
2026-05-24T16:41:48.012,50.0
2026-05-24T16:41:48.116,50.0
2026-05-24T16:41:48.219,50.0
2026-05-24T16:41:48.323,50.0
2026-05-24T16:41:48.427,50.0
2026-05-24T16:41:48.531,50.0
2026-05-24T16:41:48.634,50.0
2026-05-24T16:41:48.738,50.0
2026-05-24T16:41:48.841,50.0
2026-05-24T16:41:48.946,50.0
2026-05-24T16:41:49.049,50.0
2026-05-24T16:41:49.153,50.0
2026-05-24T16:41:49.256,50.0
2026-05-24T16:41:49.360,50.0
2026-05-24T16:41:49.481,50.0
2026-05-24T16:41:49.585,50.0
2026-05-24T16:41:49.688,50.0
2026-05-24T16:41:49.792,50.0
2026-05-24T16:41:49.896,50.0
2026-05-24T16:41:49.999,50.0
2026-05-24T16:41:50.103,50.0
2026-05-24T16:41:50.206,50.0
2026-05-24T16:41:50.310,50.0
2026-05-24T16:41:50.414,50.0
2026-05-24T16:41:50.518,50.0
2026-05-24T16:41:50.622,50.0
2026-05-24T16:41:50.725,50.0
2026-05-24T16:41:50.829,50.0
2026-05-24T16:41:50.933,50.0
2026-05-24T16:41:51.052,50.0
2026-05-24T16:41:51.156,50.0
2026-05-24T16:41:51.259,50.0
2026-05-24T16:41:51.363,50.0
2026-05-24T16:41:51.467,50.0
2026-05-24T16:41:51.570,50.0
2026-05-24T16:41:51.674,50.0
2026-05-24T16:41:51.777,50.0
2026-05-24T16:41:51.881,50.0
2026-05-24T16:41:51.984,50.0
2026-05-24T16:41:52.088,50.0
2026-05-24T16:41:52.191,50.0
2026-05-24T16:41:52.295,50.0
2026-05-24T16:41:52.398,50.0
2026-05-24T16:41:52.502,50.0
2026-05-24T16:41:52.624,50.0
2026-05-24T16:41:52.728,50.0
2026-05-24T16:41:52.831,50.0
2026-05-24T16:41:52.935,50.0
2026-05-24T16:41:53.039,50.0
2026-05-24T16:41:53.143,50.0
2026-05-24T16:41:53.246,50.0
2026-05-24T16:41:53.349,50.0
2026-05-24T16:41:53.453,50.0
2026-05-24T16:41:53.556,50.0
2026-05-24T16:41:53.660,50.0
2026-05-24T16:41:53.763,50.0
2026-05-24T16:41:53.867,50.0
2026-05-24T16:41:53.970,50.0
2026-05-24T16:41:54.074,50.0
2026-05-24T16:41:54.196,50.0
2026-05-24T16:41:54.299,50.0
2026-05-24T16:41:54.402,50.0
2026-05-24T16:41:54.506,50.0
2026-05-24T16:41:54.610,50.0
2026-05-24T16:41:54.713,50.0
2026-05-24T16:41:54.817,50.0
2026-05-24T16:41:54.920,50.0
2026-05-24T16:41:55.024,50.0
2026-05-24T16:41:55.127,50.0
2026-05-24T16:41:55.231,50.0
2026-05-24T16:41:55.335,50.0
2026-05-24T16:41:55.438,50.0
2026-05-24T16:41:55.542,50.0
2026-05-24T16:41:55.645,50.0
2026-05-24T16:41:55.766,50.0
2026-05-24T16:41:55.870,50.0
2026-05-24T16:41:55.973,50.0
2026-05-24T16:41:56.077,50.0
2026-05-24T16:41:56.180,50.0
2026-05-24T16:41:56.284,50.0
2026-05-24T16:41:56.387,50.0
2026-05-24T16:41:56.491,50.0
2026-05-24T16:41:56.594,50.0
2026-05-24T16:41:56.698,50.0
2026-05-24T16:41:56.801,50.0
2026-05-24T16:41:56.905,50.0
2026-05-24T16:41:57.008,50.0
2026-05-24T16:41:57.112,50.0
2026-05-24T16:41:57.216,50.0
2026-05-24T16:41:57.336,50.0
2026-05-24T16:41:57.439,50.0
2026-05-24T16:41:57.543,50.0
2026-05-24T16:41:57.646,50.0
2026-05-24T16:41:57.750,50.0
2026-05-24T16:41:57.853,50.0
2026-05-24T16:41:57.957,50.0
2026-05-24T16:41:58.061,50.0
2026-05-24T16:41:58.164,50.0
2026-05-24T16:41:58.268,50.0
2026-05-24T16:41:58.372,50.0
2026-05-24T16:41:58.475,50.0
2026-05-24T16:41:58.579,50.0
2026-05-24T16:41:58.683,50.0
2026-05-24T16:41:58.786,50.0
2026-05-24T16:41:58.906,50.0
2026-05-24T16:41:59.010,50.0
2026-05-24T16:41:59.114,50.0
2026-05-24T16:41:59.218,50.0
2026-05-24T16:41:59.321,50.0
2026-05-24T16:41:59.425,50.0
2026-05-24T16:41:59.528,50.0
2026-05-24T16:41:59.632,50.0
2026-05-24T16:41:59.735,50.0
2026-05-24T16:41:59.839,50.0
2026-05-24T16:41:59.943,50.0
2026-05-24T16:42:00.046,50.0
2026-05-24T16:42:00.150,50.0
2026-05-24T16:42:00.253,50.0
2026-05-24T16:42:00.357,50.0
2026-05-24T16:42:00.477,50.0
2026-05-24T16:42:00.581,50.0
2026-05-24T16:42:00.684,50.0
2026-05-24T16:42:00.788,50.0
2026-05-24T16:42:00.892,50.0
2026-05-24T16:42:00.995,50.0
2026-05-24T16:42:01.099,50.0
2026-05-24T16:42:01.202,50.0
2026-05-24T16:42:01.306,50.0
2026-05-24T16:42:01.409,50.0
2026-05-24T16:42:01.513,50.0
2026-05-24T16:42:01.617,50.0
2026-05-24T16:42:01.720,50.0
2026-05-24T16:42:01.824,50.0
2026-05-24T16:42:01.927,50.0
2026-05-24T16:42:02.047,50.0
2026-05-24T16:42:02.150,50.0
2026-05-24T16:42:02.254,50.0
2026-05-24T16:42:02.358,50.0
2026-05-24T16:42:02.461,50.0
2026-05-24T16:42:02.565,50.0
2026-05-24T16:42:02.669,50.0
2026-05-24T16:42:02.772,50.0
2026-05-24T16:42:02.876,50.0
2026-05-24T16:42:02.979,50.0
2026-05-24T16:42:03.083,50.0
2026-05-24T16:42:03.186,50.0
2026-05-24T16:42:03.290,50.0
2026-05-24T16:42:03.393,50.0
2026-05-24T16:42:03.497,50.0
2026-05-24T16:42:03.617,50.0
2026-05-24T16:42:03.720,50.0
2026-05-24T16:42:03.824,50.0
2026-05-24T16:42:03.928,50.0
2026-05-24T16:42:04.031,50.0
2026-05-24T16:42:04.135,50.0
2026-05-24T16:42:04.238,50.0
2026-05-24T16:42:04.342,50.0
2026-05-24T16:42:04.445,50.0
2026-05-24T16:42:04.549,50.0
2026-05-24T16:42:04.653,50.0
2026-05-24T16:42:04.756,50.0
2026-05-24T16:42:04.860,50.0
2026-05-24T16:42:04.963,50.0
2026-05-24T16:42:05.067,50.0
2026-05-24T16:42:05.188,50.0
2026-05-24T16:42:05.291,50.0
2026-05-24T16:42:05.394,50.0
2026-05-24T16:42:05.498,50.0
2026-05-24T16:42:05.602,50.0
2026-05-24T16:42:05.705,50.0
2026-05-24T16:42:05.809,50.0
2026-05-24T16:42:05.912,50.0
2026-05-24T16:42:06.016,50.0
2026-05-24T16:42:06.119,50.0
2026-05-24T16:42:06.223,50.0
2026-05-24T16:42:06.327,50.0
2026-05-24T16:42:06.430,50.0
2026-05-24T16:42:06.534,50.0
2026-05-24T16:42:06.637,50.0
2026-05-24T16:42:06.758,50.0
2026-05-24T16:42:06.861,50.0
2026-05-24T16:42:06.965,50.0
2026-05-24T16:42:07.068,50.0
2026-05-24T16:42:07.172,50.0
2026-05-24T16:42:07.276,50.0
2026-05-24T16:42:07.379,50.0
2026-05-24T16:42:07.483,50.0
2026-05-24T16:42:07.587,50.0
2026-05-24T16:42:07.691,50.0
2026-05-24T16:42:07.794,50.0
2026-05-24T16:42:07.898,50.0
2026-05-24T16:42:08.001,50.0
2026-05-24T16:42:08.105,50.0
2026-05-24T16:42:08.208,50.0
2026-05-24T16:42:08.328,50.0
2026-05-24T16:42:08.432,50.0
2026-05-24T16:42:08.535,50.0
2026-05-24T16:42:08.639,50.0
2026-05-24T16:42:08.742,50.0
2026-05-24T16:42:08.846,50.0
2026-05-24T16:42:08.949,50.0
2026-05-24T16:42:09.053,50.0
2026-05-24T16:42:09.156,50.0
2026-05-24T16:42:09.260,50.0
2026-05-24T16:42:09.364,50.0
2026-05-24T16:42:09.467,50.0
2026-05-24T16:42:09.571,50.0
2026-05-24T16:42:09.674,50.0
2026-05-24T16:42:09.778,50.0
2026-05-24T16:42:09.899,50.0
2026-05-24T16:42:10.003,50.0
2026-05-24T16:42:10.106,50.0
2026-05-24T16:42:10.209,50.0
2026-05-24T16:42:10.313,50.0
2026-05-24T16:42:10.416,50.0
2026-05-24T16:42:10.520,50.0
2026-05-24T16:42:10.623,50.0
2026-05-24T16:42:10.727,50.0
2026-05-24T16:42:10.830,50.0
2026-05-24T16:42:10.934,50.0
2026-05-24T16:42:11.037,50.0
2026-05-24T16:42:11.141,50.0
2026-05-24T16:42:11.244,50.0
2026-05-24T16:42:11.348,50.0
2026-05-24T16:42:11.470,50.0
2026-05-24T16:42:11.574,50.0
2026-05-24T16:42:11.677,50.0
2026-05-24T16:42:11.781,50.0
2026-05-24T16:42:11.884,50.0
2026-05-24T16:42:11.988,50.0
2026-05-24T16:42:12.092,50.0
2026-05-24T16:42:12.196,50.0
2026-05-24T16:42:12.300,50.0
2026-05-24T16:42:12.403,50.0
2026-05-24T16:42:12.507,50.0
2026-05-24T16:42:12.610,50.0
2026-05-24T16:42:12.714,50.0
2026-05-24T16:42:12.817,50.0
2026-05-24T16:42:12.921,50.0
2026-05-24T16:42:13.040,50.0
2026-05-24T16:42:13.144,50.0
2026-05-24T16:42:13.247,50.0
2026-05-24T16:42:13.351,50.0
2026-05-24T16:42:13.455,50.0
2026-05-24T16:42:13.558,50.0
2026-05-24T16:42:13.662,50.0
2026-05-24T16:42:13.765,50.0
2026-05-24T16:42:13.869,50.0
2026-05-24T16:42:13.973,50.0
2026-05-24T16:42:14.077,50.0
2026-05-24T16:42:14.180,50.0
2026-05-24T16:42:14.283,50.0
2026-05-24T16:42:14.387,50.0
2026-05-24T16:42:14.490,50.0
2026-05-24T16:42:14.612,50.0
2026-05-24T16:42:14.715,50.0
2026-05-24T16:42:14.819,50.0
2026-05-24T16:42:14.923,50.0
2026-05-24T16:42:15.027,50.0
2026-05-24T16:42:15.130,50.0
2026-05-24T16:42:15.233,50.0
2026-05-24T16:42:15.337,50.0
2026-05-24T16:42:15.440,50.0
2026-05-24T16:42:15.544,50.0
2026-05-24T16:42:15.648,50.0
2026-05-24T16:42:15.752,50.0
2026-05-24T16:42:15.855,50.0
2026-05-24T16:42:15.959,50.0
2026-05-24T16:42:16.062,50.0
2026-05-24T16:42:16.182,50.0
2026-05-24T16:42:16.285,50.0
2026-05-24T16:42:16.389,50.0
2026-05-24T16:42:16.493,50.0
2026-05-24T16:42:16.596,50.0
2026-05-24T16:42:16.700,50.0
2026-05-24T16:42:16.804,50.0
2026-05-24T16:42:16.907,50.0
2026-05-24T16:42:17.011,50.0
2026-05-24T16:42:17.115,50.0
2026-05-24T16:42:17.219,50.0
2026-05-24T16:42:17.322,50.0
2026-05-24T16:42:17.426,50.0
2026-05-24T16:42:17.529,50.0
2026-05-24T16:42:17.633,50.0
2026-05-24T16:42:17.754,50.0
2026-05-24T16:42:17.857,50.0
2026-05-24T16:42:17.961,50.0
2026-05-24T16:42:18.064,50.0
2026-05-24T16:42:18.168,50.0
2026-05-24T16:42:18.271,50.0
2026-05-24T16:42:18.375,50.0
2026-05-24T16:42:18.478,50.0
2026-05-24T16:42:18.582,50.0
2026-05-24T16:42:18.685,50.0
2026-05-24T16:42:18.789,50.0
2026-05-24T16:42:18.892,50.0
2026-05-24T16:42:18.996,50.0
2026-05-24T16:42:19.099,50.0
2026-05-24T16:42:19.203,50.0
2026-05-24T16:42:19.324,50.0
2026-05-24T16:42:19.428,50.0
2026-05-24T16:42:19.532,50.0
2026-05-24T16:42:19.636,50.0
2026-05-24T16:42:19.740,50.0
2026-05-24T16:42:19.843,50.0
2026-05-24T16:42:19.947,50.0
2026-05-24T16:42:20.050,50.0
2026-05-24T16:42:20.154,50.0
2026-05-24T16:42:20.258,50.0
2026-05-24T16:42:20.362,50.0
2026-05-24T16:42:20.465,50.0
2026-05-24T16:42:20.569,50.0
2026-05-24T16:42:20.672,50.0
2026-05-24T16:42:20.775,50.0
2026-05-24T16:42:20.895,50.0
2026-05-24T16:42:20.998,50.0
2026-05-24T16:42:21.102,50.0
2026-05-24T16:42:21.206,50.0
2026-05-24T16:42:21.309,50.0
2026-05-24T16:42:21.413,50.0
2026-05-24T16:42:21.516,50.0
2026-05-24T16:42:21.620,50.0
2026-05-24T16:42:21.723,50.0
2026-05-24T16:42:21.827,50.0
2026-05-24T16:42:21.931,50.0
2026-05-24T16:42:22.034,50.0
2026-05-24T16:42:22.138,50.0
2026-05-24T16:42:22.241,50.0
2026-05-24T16:42:22.345,50.0
2026-05-24T16:42:22.466,50.0
2026-05-24T16:42:22.570,50.0
2026-05-24T16:42:22.673,50.0
2026-05-24T16:42:22.777,50.0
2026-05-24T16:42:22.881,50.0
2026-05-24T16:42:22.985,50.0
2026-05-24T16:42:23.089,50.0
2026-05-24T16:42:23.192,50.0
2026-05-24T16:42:23.296,50.0
2026-05-24T16:42:23.399,50.0
2026-05-24T16:42:23.503,50.0
2026-05-24T16:42:23.606,50.0
2026-05-24T16:42:23.710,50.0
2026-05-24T16:42:23.813,50.0
2026-05-24T16:42:23.917,50.0
2026-05-24T16:42:24.039,50.0
2026-05-24T16:42:24.143,50.0
2026-05-24T16:42:24.246,50.0
2026-05-24T16:42:24.350,50.0
2026-05-24T16:42:24.453,50.0
2026-05-24T16:42:24.557,50.0
2026-05-24T16:42:24.660,50.0
2026-05-24T16:42:24.764,50.0
2026-05-24T16:42:24.868,50.0
2026-05-24T16:42:24.971,50.0
2026-05-24T16:42:25.075,50.0
2026-05-24T16:42:25.178,50.0
2026-05-24T16:42:25.282,50.0
2026-05-24T16:42:25.386,50.0
2026-05-24T16:42:25.489,50.0
2026-05-24T16:42:25.610,50.0
2026-05-24T16:42:25.713,50.0
2026-05-24T16:42:25.816,50.0
2026-05-24T16:42:25.920,50.0
2026-05-24T16:42:26.024,50.0
2026-05-24T16:42:26.127,50.0
2026-05-24T16:42:26.231,50.0
2026-05-24T16:42:26.334,50.0
2026-05-24T16:42:26.438,50.0
2026-05-24T16:42:26.542,50.0
2026-05-24T16:42:26.645,50.0
2026-05-24T16:42:26.749,50.0
2026-05-24T16:42:26.852,50.0
2026-05-24T16:42:26.956,50.0
2026-05-24T16:42:27.059,50.0
2026-05-24T16:42:27.179,50.0
2026-05-24T16:42:27.283,50.0
2026-05-24T16:42:27.386,50.0
2026-05-24T16:42:27.490,50.0
2026-05-24T16:42:27.593,50.0
2026-05-24T16:42:27.697,50.0
2026-05-24T16:42:27.800,50.0
2026-05-24T16:42:27.904,50.0
2026-05-24T16:42:28.008,50.0
2026-05-24T16:42:28.111,50.0
2026-05-24T16:42:28.215,50.0
2026-05-24T16:42:28.319,50.0
2026-05-24T16:42:28.423,50.0
2026-05-24T16:42:28.527,50.0
2026-05-24T16:42:28.631,50.0
2026-05-24T16:42:28.752,50.0
2026-05-24T16:42:28.856,50.0
2026-05-24T16:42:28.960,50.0
2026-05-24T16:42:29.063,50.0
2026-05-24T16:42:29.167,50.0
2026-05-24T16:42:29.271,50.0
2026-05-24T16:42:29.375,50.0
2026-05-24T16:42:29.478,50.0
2026-05-24T16:42:29.582,50.0
2026-05-24T16:42:29.685,50.0
2026-05-24T16:42:29.789,50.0
2026-05-24T16:42:29.893,50.0
2026-05-24T16:42:29.997,50.0
2026-05-24T16:42:30.100,50.0
2026-05-24T16:42:30.204,50.0
