# CANSAT SIM 기압 프로파일: state 0->5, 120s @1Hz
# GCS 'SIM 기압 파일 열기'로 로드 후 재생. 값=절대기압(Pa).
# 사용 전: CX,ON -> SIM,ENABLE -> SIM,ACTIVATE -> CAL (지상)
# pressure_pa
101325
101325
101325
101325
101325
101325
101125
100925
100726
100527
100328
100129
99931
99733
99536
99339
99142
98945
98749
98553
98358
98162
97967
97773
97578
97384
97190
96997
96804
96611
96419
96226
96035
95843
95652
95461
95461
95518
95575
95633
95690
95747
95805
95862
95920
95977
96035
96092
96150
96207
96265
96322
96380
96538
96639
96739
96840
96941
97042
97143
97244
97345
97446
97548
97649
97750
97852
97954
98055
98157
98259
98361
98463
98565
98668
98770
98872
98975
99077
99180
99283
99386
99489
99592
99695
99798
99901
100005
100108
100212
100315
100419
100523
100627
100731
100835
100857
100869
100881
100893
100905
100917
100929
100941
100953
100965
100977
100989
101001
101013
101025
101037
101049
101061
101073
101085
101097
101109
101121
101133
